comment_hash,comment,sentiment,sentiment_score,aspects,negative_reasons,model,analyzed_at
9837552e7a465039,最近一直在看，昨天一口气看了3章建议怀孕末期的准爸准妈们都买本来看看通过这本书 了解了孩子的一些行为其实孩子的一些行为不一定就是老人嘴里说的那样孩子每个动作都是主动得表达自己得情感和感觉！作为父母只有了解了孩子的真实感受才能更好的跟孩子沟通！虽然我还没看完 但我觉得孙老师说的真的非常有道理里面的许多个案在我儿子的身上都有所体现！,正面,0.9,"质量,体验",,deepseek-v4-pro,2026-06-29T21:48:07
12ccd0305c5f3264,"这套书是买给外甥的六一节礼物,没想到我两岁半的女儿对那本恐龙的尤其喜欢.不过她看还是太早,端午节回老家给外甥带了回去,当时小家伙没表现出很喜欢,不过等第二天上午他一口气看了三本,小学一年纪的他,基本上可以自己阅读.....小家伙很喜欢,我自己本人觉得这套书能增长孩子的见识,开阔孩子的视野,尤其适合上小学的孩子阅读.",正面,0.8,"质量,体验",,deepseek-v4-pro,2026-06-29T21:48:07
bb5efb3da3deedab,这是中信金融前沿系列图书的第4本，作者曾经工作在华尔街的两大投行----高盛和摩根斯坦利，通过对投资银行的描写，揭示了华尔街的真相。贪婪成为了华尔街的主旋律。其实，华尔街许多真相可能局外人永远都不会明白，也没有机会明白，但华尔街投行的道德沦丧却有目共睹。如果我们以后有机会得到他们的服务，真应该仔细想想，那些拼凑的项目建议书的份量。值得一读的书。,正面,0.8,质量,,deepseek-v4-pro,2026-06-29T21:48:07
39d9a1c522afba6f,"这是一个安意如非常青睐的故事,是她推荐的小说,我是她忠实的读者,对她的品位从不怀疑.当我看完这本小说的时候,我对于鹌鹑的崇拜更进一步.这真是一个令人着迷的故事,一个能给你内心带来激荡的作品.我可能用2个多小时就读完了它,流畅得让我自己惊讶,因为它不完全是文字的,而是有声音,有画面的.里面精美的插图和漂亮的书签更让书的人物在你脑海中形成影像,“柑橘与柠檬”的歌声仿佛在远处不停的回响。",正面,0.95,"质量,体验,包装",,deepseek-v4-pro,2026-06-29T21:48:07
02ed9ee5f6e9528a,这本书有别于以往看过的早教书籍，结合了说明文的写实，散文的情致和图册的一目了然。特别是读过几页后，会觉得这是一本放不下的书本。书中描述了很多常见的生活状态，以及各种状态下与子女沟通融洽的方式。未详尽处及由文本内容而延伸出的疑虑，在后文也有提及。给人感觉是一本智慧的书，了解家长的书。非常喜欢！,正面,0.95,"质量,体验",,deepseek-v4-pro,2026-06-29T21:48:07
236579a08fe6957d,早在我初中时就看过他的魔星高照了，那是就觉得这个人帅帅的而且魔术变得特别好。但就奇怪怎么他在内地不是很出名？还好有了春晚............现在看到了他那么多让人称奇的魔术，就越来越感兴趣，但是呢还是对他本人的喜好来买这本书。第一次来网上购书还是有些担心，但看到书的时候真的版面是那么精细，而且没有任何破损，内容就更不用说了，喜欢刘谦的、喜欢魔术的应该就要有这本书真的很不错.,正面,0.8,"质量,包装,体验",,deepseek-v4-pro,2026-06-29T21:48:07
ef3932e1c7380716,在一个悲伤而压抑的日子里，阅读了这本书。那些曾经踮脚张望过的时光，在不知不觉中已经成了时间永远的过去。美好的高中校园，我已不是经历者，而是过来人。文字的背后，透露着熟悉而亲切的味道。那些成长的故事，你我都或多或少地经历过。也是以相类似的方式，成长着。喜欢寂地，MY WAY用色彩，文字。源源不断地给予力量。从心底深处，缓缓地升腾起温暖。无论如何，都要微笑下去吧。勇敢地去迎接，我的未来吧。,正面,0.7,"质量,体验",,deepseek-v4-pro,2026-06-29T21:48:07
478f12dd0e39ac1d,在他的诗中始终贯穿着爱与美的主题，在对大自然的讴歌中抒发了对自由、理想、爱情与美得渴望，在对人生经历的描绘中无不蕴含着对人生真谛的探索。他对物欲、剥削、压榨、暴力的社会极端的厌恶，他离群索居，就是渴望内心的精神自由。他认为真正的自由意味着人性的升华，人主宰自己的命运。《先知》表现了万物统一和生命超越这一主题思想，他认为人类要实现生命的永恒就有超越死亡。,正面,0.8,质量,,deepseek-v4-pro,2026-06-29T21:48:07
5bb98e77679c61ef,无意看到此书，并买下了，这可能也是一种缘分，（因为我的身体不好，一直在医，别人说什么好，衡量过以后会去尝试-----书中所写的内容接近生活，食物都容易找到，只要照着做相信身体会慢慢好起来的。当在使用对身体有帮助的物品时，请相信它，感受他，感激它，身体会吸收的更好。相信日后身体所呈现出来健康与否，就是此书所作的贡献，也是作者的贡献，希望更多的朋友都幸福安康！,正面,0.7,"质量,体验",,deepseek-v4-pro,2026-06-29T21:48:07
cf6b905842d7e4ed,"我是法语初学者,学了78个课时的初级班.因为我是老年人,法语又难,我只有再从头自学巩固一遍,然后准备报中级班.我们学的教材是孙辉老师的.买本练习答案对自学和检查做习题的正确性是非常必要的.而且孙辉老师的教材在网上还有视频,对我们学习法语有很大的帮助.孙辉老师的教材编写得很好,我向学法语的朋友推荐.我想学好了上下册,再结合(走遍法国)的阅读和学习,会达到我们预期的愿望.这仅只是个人看法,",正面,0.8,"质量,体验",,deepseek-v4-pro,2026-06-29T21:48:07
d223e6aeb1295a38,我女儿快四周岁了，半年前在当当网上给女儿买过幼儿神奇贴纸3-4岁的书，当时女儿并不太感兴趣，于是耐着性子帮她一起把3本书给做完了，但是最近她却把那几本书又翻了出来，还把以前贴好的贴纸撕下又贴上，还对我说：妈妈，我喜欢贴纸的书。正好女儿的生日快到了，我就又订了一套幼儿神奇贴纸4-5岁的书送了给她，拿到书的女儿每天都盯着我要我陪她一起贴纸，可高兴了。,正面,0.9,"质量,体验",,deepseek-v4-pro,2026-06-29T21:48:31
984b074b7911abd8,"我们对待数据统计的态度,就像对待领导或者家长,原本应该是很值得信任的,因为他们有一堆道理要告诉你,无论是经验上还是学问上，都觉得应该是对的,但就象领导也会犯错误一样,统计数据也有不牢靠的时候,他们也会在错误的时间出现在错误的场合,如何我们还是如常的言听计从,就是我们自己过于迂腐了,看了这本书,你会更加怀疑数据的权威,并时常保持这种怀疑,因为欺骗越来越多了.",中性,0.0,质量,,deepseek-v4-pro,2026-06-29T21:48:31
d24574e50f68c060,我没想到刚过四岁生日的女儿竟然对这本书很感兴趣。说实话一开始拿到这本书的时候我心里很没底，因为正如有些评论中所写的，画面很乱，而且知识点很多，我都不知道该怎么去跟孩子讲，于是试着讲了《海底探险》，没想到孩子很爱听，讲完之后问我：“还有么？”一听说总共有十本，高兴地不得了。这两天总在重复问我一个问题，：“为什么她们的校车那么神奇呀？”,正面,0.85,"质量,体验",,deepseek-v4-pro,2026-06-29T21:48:31
5fce27974468e3e7,我看过的清穿文中这部算好的。第一次九阿哥做男主，这个长相媚过女子，经商又是奇才，是早已熟知。在科学创新上也这样有成就还是第一次知道。好的就不说了，有点问题：中医日渐式微是众所周知的，但女主一个中医学院的学生，本事要比宫里的医官大，实在不敢苟同。作为医学院的学生，女主的清朝历史也学得太好了，大事且不论，她竟然在救一个小孩时听得他哥哥的名字能想到是几十年后押解九阿哥的人，额滴神啊!,正面,0.6,质量,,deepseek-v4-pro,2026-06-29T21:48:31
dd384af87d9b509c,我家小姑娘刚上一年级。给她念了这本书，她非常喜欢也很向往豆豆的生活，结果在课堂上复制了豆豆的动作：把上课时把课本打开又合上，打开又合上。老师叫起了她，罚她站到一边。结果她也象小豆豆一样，对于罚站无动于衷，沉浸在她的小宇宙中。最后的结果当然也和豆豆一样，被请了家长。我只好告诉她，书里虽然也是真事，但是，你不能把书里的事搬到你的生活中重演；否则你要是被学校开除，妈妈可就没辙了。晕啊~,中性,0.0,"体验,质量",,deepseek-v4-pro,2026-06-29T21:48:31
c897a71fb9839617,为了达到那些令人羡慕的拥有， 而在区别彼此的不同，忘了做真正的自己，也许正是因为太多的惯性和常识才让自己更孤单，这套书很好，可惜一直都无法买全，它的另外几本至今也买不到：爱你本来的样子，你所需要的，你很特别……你是特别的，并不需要具有所谓的成就、才能、性格，而是，你本来就是特别的，在这个宇宙 我是独一不二，没人能取代，梦在手里，我可以。,正面,0.8,"质量,体验",,deepseek-v4-pro,2026-06-29T21:48:31
a460ee64821d89b0,是一本我和女儿共享的小书，内容是原版的精缩，但是完整且有趣，女儿还小，如果只是读文字她还不明白其中的含义，并且容易开小差呢。所以，这本书的优点在于有大量的插图，可以利用插图给宝宝讲述，效果不错呢，只是用了1元多钱就可以享受美妙的故事和亲子的时刻，是不是物超所值呢？我和女儿都是忠实书迷，2这套的其他图书也统统买下，闲了细读，其乐融融。,正面,0.9,"价格,质量,体验",,deepseek-v4-pro,2026-06-29T21:48:31
9cffe8bf2aff38db,确实如题。人生若只如初见。也许，就没有也许。第一眼看到书名就毫无犹豫买了，买回来之后果然对自己说了句，还是做自己好，朝着感觉走。所以没买错。很喜欢很喜欢也很享受。也许有时候跟作者的感受会有所不同，但却必然是很佩服作者的透。爱情很多时候也许是一千个哈姆雷特有一千个读者。只是爱情，很多时候都是纸包不住火般命中注定... ...,正面,0.9,质量,,deepseek-v4-pro,2026-06-29T21:48:31
4fb02b04e1664497,佩服若曦，一直都坚持要寻找爱，不肯做小老婆。所以，这样的结局才是最好的吧。先看了梦回，再看步步，只能说各有千秋吧，梦回看的时候更震撼点，毕竟是当时看的第一本穿越。但是步步看了，更加的让人回味。其中的爱，也值得去慢慢的细细品味。一边爱着对方，一边在互相伤害。比起那些已经泛滥的白痴女主，加上超帅，超痴情的男主的荒唐故事。这样的好书，实在是太难得了,正面,0.9,质量,,deepseek-v4-pro,2026-06-29T21:48:31
bd318a530d629fd1,拿到书就超级喜欢外包装，一切都是淡淡的，淡淡的绿色，薄薄的包装，放在包里不占地方，拿在手里不觉得重。看了开始的部分，觉得女孩的生活波澜不惊，一切都是淡淡的，那么的贴近生活，那么清新自然。看完全部内容，更是喜欢。喜欢那种真实感，喜欢那种不做作。生活不就是如此吗？最终，一切都会归于平淡。这本书最终被我捐给了无锡一个书吧，让更多的人来阅读这本书，感受那种清醒吧。,正面,0.9,"包装,质量,体验",,deepseek-v4-pro,2026-06-29T21:48:31
1b1c575d802628e9,拿到手后，六岁的女儿先是要我每天晚上睡前给她读上几篇。后来实在是太喜欢了，就干脆自己阅读，一个人读到高兴时就咯咯地笑起来，天天跟我说她也想去巴学园读小学。确实，作为在二战前的日本就有的巴学园，小林校长的真正做到因材施教，充分调动了孩子们对学习对知识的兴趣，让他们不觉得学习是个苦差事，不会有考试的压力，没有贫富贵贱的差异，这真是孩子们的天堂。,正面,0.9,"质量,体验",,deepseek-v4-pro,2026-06-29T21:49:02
d1cd6aacd215306c,没有发饰达人实用。那本是一个人自己可以搞定的发式。这本一定要专业人士帮你搞。里面的造型超级漂亮，但是很多要用到假发包，假发片，可见难度之高。只能参考下吧。那种看起来乱蓬蓬的发式其实比梳整齐的难度大的多呢。而且这本书用了很多华丽贵气夸张的发饰，一般场合就不适合的。个人意见，给想买的MM参考。如果要收藏没事拿出了欣赏，那没问题。如果要照本宣科自己动手做，推荐 发饰达人,负面,-0.7,质量,"不够实用,难度高,发饰不日常",deepseek-v4-pro,2026-06-29T21:49:02
2d280e76aa69877e,买书之初绝对没想到儿子会如此青睐这本书，这半年多，他是早也读晚也读，走到哪带到哪，几乎翻烂了。所以不得不再买了一本。多数时候让他自由阅读，偶尔跟他一起练习对话。也许比较适合他的喜好，基本上他很有兴致地自学完成了，并且在日常生活中试着运用其中的句型和表达。对于他而言，绝对是物超所值了。他开始阅读这本书时大约7岁左右，因为已经有一些英文单词和阅读基础，所以可以较好地接受。,正面,0.95,"质量,体验",,deepseek-v4-pro,2026-06-29T21:49:02
25d216865b20c329,买回家的晚上，5岁女儿就自己看完了。问她写的什么，她说，有只小熊，没人和他玩跷跷板，后来来了一只小熊，他们一开始吵架，最后又成为好朋友，一起玩跷跷板了。呵呵，基本读懂了。书非常精美，其中蕴涵的哲理，其语言的美妙，都值得品味和琢磨。书的质量好极了，内容也很丰富，比一般的图画书都厚得多，共80多页，女儿喜欢，我也非常喜欢。收到暂存架上好长时间了，一直在买系列绘本，因为感觉相对便宜一些，盯着看了好多日子了，终于决定尝试购买。事实证明， 书比我想象得还要好！一本有价值的绘本，比便宜的数本绘本，给孩子的东西会更多更远更深。,正面,0.9,"质量,价格,体验",,deepseek-v4-pro,2026-06-29T21:49:02
5b638f73b82a3ab3,"临渊羡鱼，不如退而结网。在深入解析30日平均线、MACD、趋势线、CCI、布林线等指标线操作的基础上，又对“用指标股判断大盘趋势”、“如何正确运用多空搏斗”、“如何追跌杀涨”、“T+0回转交易”，以及利好、利空影响下的操作策略等逐一剖析有一个平和的心态面对市场，不以涨喜不以跌悲，在不经意之间，你我将收获很多快乐！！徐老师,读你的书,觉得自己在股市里投资得到一种提升的感觉.谢谢!",正面,0.8,"质量,体验",,deepseek-v4-pro,2026-06-29T21:49:02
2d1977e6001a153c,看这本书，我的笔从来没离开过。。书上又是记号又是折角又是重点号。。。很感慨地看完了这本书，因为期间还买了很多其他书，结果看的是断断续续的，但没有一次不拿出一段念给儿子听的，真是一本集育人和育教于一体的好书。说是读书不如说是读天下父母的一颗心。。。看到最后傅雷夫妇的离世，我简直哭的稀里哗啦的。。。那么多封绵连多年的家信那么多对亲人的牵挂那么多对现实的无奈与忧愤就这样在那夜戛然而止。。。血淋淋的历史啊！3千年的中国文化怎么就走向了这一步！这是我这个没有经历那岁月的人所不能明了的，可是胸中的愤怒却只能罢了——历史已经走到了今天，让我们好好珍惜它吧——我们的幸福时光。,正面,0.95,"质量,体验",,deepseek-v4-pro,2026-06-29T21:49:02
7f62dc8a37c18c5d,看完后不仅对中国以前以及现在所在进行的改革有了新的认识，同时也对社会和生活在这个社会中的人有了新的启发。很多事情不是我们所左右的了的，时代造就了很多英雄，同样也湮没了很多人，我们生活在这个时代，这个社会中，最应该学会的就是顺应时势！不管你做的是惊天动地的大事，还是过自己安稳的小日子，要想过的好都不要违背时代发展的趋势！,正面,0.8,"质量,体验",,deepseek-v4-pro,2026-06-29T21:49:02
50f309ff9155236e,看完第一部升职记后，立刻就买了续集。只看了几十页，还没有看完。我很喜欢作者作为白领的那种职业性的语言；人与人交往的那种细微感受和心里活动。虽然我不是外企白领，但完全能感受到那个工作圈子的人际交际，工作氛围，我将之作为一种新的人生体验来读。作者不是一个地道的作家，故事没有那多的戏剧性，但是她对自己工作圈子的细微感受，和很强在表达能力，确实产生了一种体验性的阅读效果。推荐一下。,正面,0.85,"质量,体验",,deepseek-v4-pro,2026-06-29T21:49:02
9b864693eb612489,"看了蔡先生的書已經超過十年了,從中學時期已經非常喜歡他了,還記得以前星期天趕著回家看他的節日的年代.這幾年時間小了,看書小了但也不時會想起蔡先生的書.這本新書是我看過最喜歡的一本.講了很多關於食物、素材、做法。非常有趣，我按書上的做過做過的四季豆，得到家人朋友的認可。用氣水盖刮姜十分好用，誠意推介~~呵呵~~還有其他的書關於對生活，做人的態度也十分欣賞。誠意推介在巴士上看~~",正面,0.9,"质量,体验",,deepseek-v4-pro,2026-06-29T21:49:02
77478498314a6405,集合两岸三地的艺术家创作插图，每一本都风格独特。字号大，跟小学课本文字大小差不多，并且是注音版，尤其适合小学低年级的孩子阅读。能增加孩子阅读的兴趣，而且能增加传统文化修养。书的选择也非常好。如果说有什么遗憾的话，那就是缩写得太历害了点，对于要真正了解传统文学的中高年级孩子，更应该阅读完整版本。是一套质量上乘的儿童读物。浙江少儿出版社一直有很好的表现，值得肯定！,正面,0.7,"质量,体验",,deepseek-v4-pro,2026-06-29T21:49:02
3e6206e3cec4d268,"刚收到书，不错,不错,特别喜欢封底上的这段话：他们穿的用的几乎全是名牌，可他们的银行存款几乎等于零；他们都拥有不低的学历，却并不一定都有着高收入；他们比本地人更努力，却活得没有本地人一半好。他们就是——医药销售代表。很精辟！！！",正面,0.9,质量,,deepseek-v4-pro,2026-06-29T21:49:21
33c5a3f05a16b0f8,刚拿给女儿看这套书时，女儿以为又是让她学习的书，所以有些抵触，不想看。过了两天，我找一个女儿心情好的晚上和她一起躺在床上看。做过两本书上的练习之后，女儿全做对了，她一下子来了兴趣，说，这书好玩，我喜欢。就这样，我给女儿隔几天就做一下这套书上的练习，除了《简单的算术》那本她不喜欢也不会做（毕竟她才四岁），其余几本书她都喜欢看。有种成就感吧。,正面,0.85,"质量,体验",,deepseek-v4-pro,2026-06-29T21:49:21
a5be6a9dd13e9560,刚拿到这本书的时候，随手翻了翻，觉得一般般。晚上回到家吃完饭，女儿学习，我拿出这本书看，看着看着，女儿的症状是不是也可以用这些食疗法，有没有用呢？先试试，女儿一直咳了一个月，都不见好。用六瓣大蒜，放到小碗里，再放到锅里去蒸。女儿连续喝了两天，真的不咳了。看来我要好好研究一下这本书，里面的方法真的很有用。正在考虑要买的朋友，请不要再犹豫，这本书值得买。,正面,0.9,质量,,deepseek-v4-pro,2026-06-29T21:49:21
768c288aab8edea7,不错的选择，虽然是差不多全图画的了，而且内容比较浅．但是可以很好的培养孩子们的观察＼自我阅读能力，图画精美，文字虽然不多，图画内容可丰富了．陪着儿子阅读，仿佛让自己也回到了当初象他那样年纪的哪个年代，现在城市的孩子接触的已经是超级市场，象书中那样去小镇赶集的机会很少了，而这书将哪些场景一一展现给孩子们，让他们去体验，了解上一辈的生活．让家长产生共鸣．,正面,0.9,"质量,体验",,deepseek-v4-pro,2026-06-29T21:49:21
e81b69d9cfbc71b1,"爱德华的礼物看过后，真的觉得受益匪浅,原来在生活中、工作中遇到的人与事，是可以用那么有意思的语言来说明，并且总结出观点、看法、还可以用各种不同的方式去运用。对个人在以后的职来生涯中可以用到那些看似在生活中微不足道的事情，却影响事业发展的工作方式与方法得运用，使其达到那样完美的职场天地.非常棒的书,一本?一语惊醒梦中人?的好书.",正面,0.95,质量,,deepseek-v4-pro,2026-06-29T21:49:21
506f26b3592d2c65,"坚持一直看,开始学会察觉,现在的生活和感情非常好",正面,0.9,体验,,deepseek-v4-pro,2026-06-29T21:49:21
1ec82cc36ddda714,发现了不少错别字……也许是新换的输入法不太适应，也许是心情过于激动自我反省中……,中性,-0.2,质量,存在错别字,deepseek-v4-pro,2026-06-29T21:49:21
09d1f14e028f3219,"这次在当当一共购了10本书,其中我的《父母是孩子最好的医生》与《老年人不生病的智慧》还有两本《求医不如求己》书本的切面切口不整齐,起毛的.书本里边很多字又印得不清晰!!本想着这些书挺有阅读价值的,就买正品来收藏,可是,没想到当当居然卖伪货,比淘宝的高伪品质量还更要差,而且价钱却是人家的两三倍.上次别的同事在淘宝买的也是《不生病的智慧》,也没有发生上以上说的质量问题!虽说是免邮,成本高了,可是也不能进伪质的货来卖,然后把利润增加的呀!真是让人生气!奉劝各位消费者在买之前要考虑清楚啊!",负面,-0.9,"质量,价格,服务","印刷不清晰,切面不整齐,疑似伪劣产品,性价比低",deepseek-v4-pro,2026-06-29T21:49:21
a9b3e29754323636,"以上的评论太好,让我有购买的冲动,但我看过后,还没有<不生病的智慧>好呢",中性,-0.2,质量,内容不如预期,deepseek-v4-pro,2026-06-29T21:49:21
963d7adfa05bb367,以后还是少买这样的书，名人效应啊,负面,-0.5,质量,"名人效应,内容不佳",deepseek-v4-pro,2026-06-29T21:49:21
f56b9bad05fe6612,新买来的书，刚看了一次就全都掉页了！！！！,负面,-0.9,质量,掉页严重,deepseek-v4-pro,2026-06-29T21:49:43
4e6baeee0b170e44,写得是现实了一些，而且只停留在文字表面，不深入,负面,-0.5,质量,"内容肤浅,不深入",deepseek-v4-pro,2026-06-29T21:49:43
791fc56a7e8a015d,写得很烂，胡言乱语写得很烂，胡言乱语,负面,-1.0,质量,"内容烂,胡言乱语",deepseek-v4-pro,2026-06-29T21:49:43
2319a9a2729fc8b6,虽然是老乡的作品，但是从客观上来讲的话，还是有点牵强，虽然作者的经历很丰富文采也不错，但不太喜欢结构和风格，这一次跟风跟错了：（,负面,-0.4,质量,"结构牵强,风格不喜欢",deepseek-v4-pro,2026-06-29T21:49:43
0f69252bf4234314,空尤其是三立电视台女主播做的序尤其无趣像是硬凑那么多字,负面,-0.7,质量,"序言凑字数,无趣",deepseek-v4-pro,2026-06-29T21:49:43
04533528c2d0c485,画册略显简单一点，画面也不是很生动，宝宝看一会就没兴趣了。,负面,-0.5,质量,"画面不生动,内容简单",deepseek-v4-pro,2026-06-29T21:49:43
ca4eca2195d42e68,"后悔买这本书,有些幼稚,没让我笑起来!",负面,-0.8,"质量,体验","内容幼稚,没效果",deepseek-v4-pro,2026-06-29T21:49:43
47710a8a65ead661,还蛮无聊的书！建议各位JM看看就好，钱包要捂牢（不知道这样写评论会被和谐嘛，不管啦！）,负面,-0.7,"质量,体验","内容无聊,不值得买",deepseek-v4-pro,2026-06-29T21:49:43
e9f71d8dce8ec6cb,个人觉得不值得一买。不喜欢这种乱糟糟的画法。喜欢这本书的，大多是单身生活的女子，与其说是喜欢这本书，不如说是喜欢作者传达出来的态度，是单身生活让大家产生了共鸣。,负面,-0.6,"质量,体验","画法乱,不值得买",deepseek-v4-pro,2026-06-29T21:49:43
52ab5fcaca97c5c5,"感觉没什么有意思的,就是一些单词堆彻的单词书. 除了包装有些精美.",负面,-0.5,"质量,包装","内容无趣,单词堆砌",deepseek-v4-pro,2026-06-29T21:49:43
0e80774da83e5bc9,对于这本书，我有些抵制的。画面全是一团糟糕，感觉 还是不给孩子看的好。。。。。。,负面,-0.8,质量,画面糟糕,deepseek-v4-pro,2026-06-29T21:55:57
4bb6e10f55be20b0,第一次在当当买书，就遇到缺N页的情况，郁闷之极~~~~本想着换购，但手续实在麻烦，只能先退，以后再考虑重新订购了,负面,-0.7,"质量,服务","缺页,换货手续麻烦",deepseek-v4-pro,2026-06-29T21:55:57
d26ab50c68c7172a,但就对于《百家讲坛》的定位于中学生来说，本书定位还是比效合适，中学生看看还行,中性,0.2,体验,,deepseek-v4-pro,2026-06-29T21:55:57
a36282723752cde3,大家不要购买此书，不适合国情，绕来绕去就表达了一个观念，要给孩子读书，一本书浓缩成一个章节就可以了,负面,-0.6,质量,"内容冗余,不适合国情",deepseek-v4-pro,2026-06-29T21:55:57
0199700efe1a3931,从来没看过，不太值得。可能不太适合吧,负面,-0.5,体验,不值得,deepseek-v4-pro,2026-06-29T21:55:57
18a08c203a223c18,本来满心欢喜的买回这本畅销书，可是还没看完，书的封底就快脱落了。根据我买书多年的经验来看，从书的纸张、印刷质量、包装和内容来看，有理由相信我买到的是影印版。,负面,-0.8,"质量,包装","封底脱落,疑似影印版",deepseek-v4-pro,2026-06-29T21:55:57
977448c3d77f2d08,本来很喜欢这部卡通的，说明上写的清清楚楚是中英双语对白，中英双语字幕，绝无重复。买回来一看，里面竞然还有米老鼠唐老鸭不说，根本就没有中文对白和字幕，更气人的是，还有重复的。太缺德了。骗子！,负面,-0.9,质量,"与描述不符,缺少中文对白字幕,内容重复",deepseek-v4-pro,2026-06-29T21:55:57
1287e6f65219eacd,2009.03.08订的货，03.17才收到。不是很快呀。,负面,-0.5,物流,物流慢,deepseek-v4-pro,2026-06-29T21:55:57
b34f507f2e76ae35,不错的手机，比较流畅，第二次购买了。大屏用着爽。,正面,0.8,"质量,体验",,deepseek-v4-pro,2026-06-29T21:55:57
11cb18c218f5aa26,早上就收到了，很高的性价比！支持华为！,正面,0.9,"物流,价格",,deepseek-v4-pro,2026-06-29T21:55:57
e06c1a4895064f9c,用了几天才评价，华为真心不错,正面,0.8,"质量,体验",,deepseek-v4-pro,2026-06-29T21:56:39
fe324ba9cc3baacd,五星级品质！华为值得信赖！,正面,0.9,质量,,deepseek-v4-pro,2026-06-29T21:56:39
aed7860fc0943313,不错挺好，不知道用的久不！,正面,0.7,质量,,deepseek-v4-pro,2026-06-29T21:56:39
1e9ec1fa6091090b,东西收到了，配送速度挺快的，凌晨下单当天就收到了，本来系统显示预计是明天的，结果当天就收到了，比预期的要好，非常满意。,正面,0.95,"物流,体验",,deepseek-v4-pro,2026-06-29T21:56:39
c904255ec91cf4ad,画质还可以，就是声音有点小,负面,-0.3,质量,声音有点小,deepseek-v4-pro,2026-06-29T21:56:39
696f6eec3462e698,给爸妈买的，大小合适，携带方便，价格实惠,正面,0.8,"质量,价格,体验",,deepseek-v4-pro,2026-06-29T21:56:39
1ca93bade60a83fa,很适合小孩用，一次完美的购物……,正面,0.9,体验,,deepseek-v4-pro,2026-06-29T21:56:39
3c7a2cc370b940cd,送货速度还是很快的就是不知道东西怎么样买回老家给妹妹的.,中性,0.1,"物流,质量",不确定产品质量,deepseek-v4-pro,2026-06-29T21:56:39
83e8ec326bb5ad09,平板买来就下载了王者荣耀试了下，开最高效果，不卡，，网上说的什么屏幕延迟之类的压根没有这回事，,正面,0.9,质量,,deepseek-v4-pro,2026-06-29T21:56:39
0b69ab752dee5a8a,接下来会追评,中性,0.0,,,deepseek-v4-pro,2026-06-29T21:56:39
806e79209d2868bf,大小挺合适，做工不错。希望以后系统更新能跟上。,正面,0.8,"质量,体验",,deepseek-v4-pro,2026-06-29T21:57:05
437ca4e2824b7427,暂时还没有毛病，用着看吧……,中性,0.2,质量,,deepseek-v4-pro,2026-06-29T21:57:05
927f537f5b13150c,挺好用的，平好大，性价比高。,正面,0.9,"质量,价格",,deepseek-v4-pro,2026-06-29T21:57:05
98a02dfbd897222c,平板很不错流畅，给小孩玩玩游戏看电影不错,正面,0.9,"质量,体验",,deepseek-v4-pro,2026-06-29T21:57:05
1d11c81a74240e8d,买了好多台了感觉一直都不错,正面,0.9,"质量,体验",,deepseek-v4-pro,2026-06-29T21:57:05
d9b6dde7d37e4ae2,手机好用，就是没送手机膜,正面,0.7,"质量,包装",没送手机膜,deepseek-v4-pro,2026-06-29T21:57:05
fbfef5359fe305c9,很好，爸爸很喜欢，就是太大了点！夏天没法放啊?,正面,0.8,"质量,体验",尺寸太大，夏天不便携带,deepseek-v4-pro,2026-06-29T21:57:05
d47be75374b2bca0,给老太太买的，约会玩了之后说挺好用的！,正面,0.8,"质量,体验",,deepseek-v4-pro,2026-06-29T21:57:05
5eea467128962a67,质量价格都不错，满意的一次购物,正面,0.9,"质量,价格",,deepseek-v4-pro,2026-06-29T21:57:05
ec184733fbb172ed,京东的速度就是快，平板2K高清显示屏看电影很好，玩游戏很流畅，听音乐音质不错，很好。就是包装的纸箱让人心情郁闷！！就不能多缠几圈透明胶，纸箱都没粘好都快开了。,正面,0.8,"物流,质量,包装",包装纸箱没粘好,deepseek-v4-pro,2026-06-29T21:57:05
2a29cc31ea728d93,一如既往的支持华为。,正面,0.9,体验,,deepseek-v4-pro,2026-06-29T21:57:31
8fee91644e6217f7,快递很给力，服务很周到，刚开始收到的产品有点小问题，跟客服沟通后，很快换了一个新的，服务挺满意的，昨天刚收到平板，正在使用中～,正面,0.8,"物流,服务,售后,体验",,deepseek-v4-pro,2026-06-29T21:57:31
c9d3205052f4daf7,真心不错，给妈妈买的，没事可以看电影也可以打电话，也不用担心老年人看不清楚了哈哈哈哈哈哈哈哈哈哈哈哈,正面,0.9,"质量,体验",,deepseek-v4-pro,2026-06-29T21:57:31
7e18324cce8266c2,华为荣耀中国的品牌支持中国品牌华为荣耀平板在京东上关注这款平板已经关注很长时间了，这次下单买给儿子玩，没想到效果居然这么好，儿子非常喜欢，系统非常流畅，色彩非常艳丽，内存非常大，值得大家购买，相信京东支持京东比实体店便宜很多，下次如果买还在还在京东上面买，支持京东,正面,1.0,"质量,价格,体验",,deepseek-v4-pro,2026-06-29T21:57:31
1f158eec1d92ab91,帮亲戚买了2个，都说好用,正面,0.9,质量,,deepseek-v4-pro,2026-06-29T21:57:31
8ad78511296f3296,这个是在京东买的意见最大的一样东西 1288买的 才三天 就1238还送乐视一年会员 申请价保 说是限购不支持 点开一看 限购1-200件 因为拆开了 也不能退货 虽然钱不多 心里还是不舒服,负面,-0.6,"价格,售后,服务",降价差价不退,deepseek-v4-pro,2026-06-29T21:57:31
ec53bdfa4e1f3cba,平板很好用！很称心，就是保护套太难买了！不知京东商城有吗？,中性,0.0,"质量,体验",,deepseek-v4-pro,2026-06-29T21:57:31
8d6518f83ea3e052,给家里老人买的，老人家太喜欢了，当时就让我给换了卡用上了，到那去都拿着，哈哈?,正面,0.9,"体验,质量",,deepseek-v4-pro,2026-06-29T21:57:31
479de6aa511a0f20,搬家东西都要换了，还可以吧,中性,0.0,体验,,deepseek-v4-pro,2026-06-29T21:57:31
2e362a1346176978,非常不错，正品推荐，物流给力，好评,正面,0.9,"质量,物流,体验",,deepseek-v4-pro,2026-06-29T21:57:31
7f86a0c1b621c340,已经收到货物了，快递小哥没有受天气影响很快就送到了，用了一天感觉很好，速度很快,正面,0.9,"物流,质量",,deepseek-v4-pro,2026-06-29T21:58:14
e3285e714a15da2e,前后摄像头像素高，照片清晰度高。,正面,0.95,质量,,deepseek-v4-pro,2026-06-29T21:58:14
54ca7713599b110a,老人用来看电视剧的，运行流畅第一次运过来的有瑕疵，商家很快就给换过了！?,正面,0.8,"质量,售后",,deepseek-v4-pro,2026-06-29T21:58:14
1df5f9e0895406ec,平板收到了，宝贝好开心……,正面,0.9,"物流,体验",,deepseek-v4-pro,2026-06-29T21:58:14
99e31b96e7ffed07,不错，妈妈很喜欢,正面,0.8,体验,,deepseek-v4-pro,2026-06-29T21:58:14
af119601fcd977b1,主要是想买来听课用的。华为做工不错，手感挺好。不过有两个问题，一是运输过程中包装有点磕碰，二是机器声音系统，微博微信等看了视频，结束后音响系统总会有“嘣”的一声，不知道是我这个机器的问题还是系统性问题，懒的换了。给快递小哥点个赞！,中性,-0.1,"质量,物流,包装,体验","运输包装磕碰,声音系统异响",deepseek-v4-pro,2026-06-29T21:58:14
e395291643dd4984,感觉还行，给家里老人买的。就是拿到手就需要升级系统，这点不方便，没网络还不行了。总体不错！,正面,0.7,"质量,体验",,deepseek-v4-pro,2026-06-29T21:58:14
8f535de4edcc2b35,手机很不错，棒棒的，给五星好评，谢谢老板祝你生意兴隆,正面,1.0,"质量,服务",,deepseek-v4-pro,2026-06-29T21:58:14
010b8aeba82fdff4,"不错，前天下的1158,昨天618京东自营的只要988,果断取消前单，抢下988,今天就到货，一切OK，今天推荐朋友一看，价格回到1158了，吓shi（这个字说是敏感词，改拼音?）我了?",正面,0.95,"价格,物流",,deepseek-v4-pro,2026-06-29T21:58:14
c7470c2366d14ccc,比想象中好很多哦，八寸的刚好够用，太大的拿着不方便，这个出游的时候存点照片，地图，偶尔下点视频，平时看看邮件，耍耍微博，挺够用的，干再复杂的事情就用电脑了，建议大家不要买太大屏幕的pad，七到八寸的一定刚刚好！,正面,1.0,"质量,体验",,deepseek-v4-pro,2026-06-29T21:58:14
6fd809269c3f2ded,挺好实惠速度可以,正面,0.8,"价格,物流,体验",,deepseek-v4-pro,2026-06-29T21:58:41
8831085d78bd2252,吾消费京东商城数年，深知各产品琳琅满目、然，唯此宝物与众皆不同，为出淤泥之清莲，使吾为之动容，心驰神往，以至茶饭不思，寝食难安，辗转反侧无法忘怀，于是乎紧衣缩食，凑齐银两，倾吾之所有而能买，东哥之热心、快递员之殷切，无不让人感激涕零，可谓迅雷不及掩耳盗铃儿响叮当仁不让世界充满爱，待打开包裹之时顿时金光四射：屋内升起七彩祥云，处处皆是祥和之气。吾惊讶之余甚是欣喜若狂，呜呼哀：哉！此宝乃是天上物，人间又得几回求！遂沐浴更衣，焚香祷告后与人共赏此宝，人皆赞叹不已，故生此宝物款型及做工，超高性价比之慨且赞吾独具慧眼与时尚品位，产品介绍果然句句实言，毫无夸大欺瞒之嫌，实乃大家之风范，忠义之商！家，这个商品还真好，非常喜欢，也很欣赏京东的售后服务和配送速度真的不错，买东西就在京东买，选自营没有错更：多正品保障更多售后保障更快到货和退换速度无人能敌，看！天下网购发货速度谁最快答京东商城售后服务谁最好答：京东商城配送服务谁最强：京东商城，品质保障谁最棒答：京东商城，正所谓：要问电商哪家强，中国网购数京东我为！什么喜欢在京东买东西，因为今天买明天就可以送到,正面,0.95,"质量,物流,服务,售后,体验",,deepseek-v4-pro,2026-06-29T21:58:41
715ddf2964d4a818,运行速度和内存空间是渣点，建议不要购买，除非你只用来浏览网页。,负面,-0.7,质量,"运行速度慢,内存空间小",deepseek-v4-pro,2026-06-29T21:58:41
0f6cf6113e38cc1c,很好，很喜欢，一样能用的时间长一些,正面,0.7,质量,,deepseek-v4-pro,2026-06-29T21:58:41
ef0b5fca0de3d77c,华为的牌子，质量还是不错的！值得推荐！,正面,0.8,质量,,deepseek-v4-pro,2026-06-29T21:58:41
296615351a13b13e,东西非常好，购物很满意！东西非常好，购物很满意！,正面,0.9,"质量,体验",,deepseek-v4-pro,2026-06-29T21:58:41
78c61211d2e6a3c2,非常漂亮，声音很舒服，配置高，送货快。,正面,0.9,"质量,物流,体验",,deepseek-v4-pro,2026-06-29T21:58:41
9582f756e4b13a90,还凑合，毕竟一千来块的东西，玩某些游戏会卡,中性,-0.2,"质量,价格",部分游戏卡顿,deepseek-v4-pro,2026-06-29T21:58:41
43a955b96b048149,京东的速度就是快，早上八点拍下，下午三点实物到手。电脑手感非常好 屏幕分辨率清晰 ，反应速度和联网速度都比较快。至于说曼哈顿音响有多么多么的震撼 到是没感觉到，或许本人音乐质感不强。总体评价 这款产品挺不错的 符合这个价位。给孩子当游戏机用 期望没什幺小毛病耐用些就可以了。支持国货 支持华为 支持京东 ！,正面,0.7,"质量,物流,价格,体验",,deepseek-v4-pro,2026-06-29T21:58:41
302361488e3e4a73,给宝宝配备的，宝宝很是喜欢，家人也是喜欢，唯一可惜当时拍错啦，应该拍带卡的平板,正面,0.6,体验,,deepseek-v4-pro,2026-06-29T21:58:41
2eba7250d92c8f02,感觉还行，说好有发票，连张票都没有，害怕没有保修，半年就出问题,负面,-0.4,"售后,质量","缺少发票,担心保修,半年出问题",deepseek-v4-pro,2026-06-29T21:59:07
7ef8c1402b584f02,帮朋友买的，非常到位，自己有一个M2，这个升级版非常强大,正面,0.9,质量,,deepseek-v4-pro,2026-06-29T21:59:07
9a55ea6605146e7e,给老人买的，老人用不错了！！！！,正面,0.8,体验,,deepseek-v4-pro,2026-06-29T21:59:07
73fd8c47a3fb4c76,这个商品很不错，在市面上属于性价比超高的了，待机时间很长,正面,0.9,"价格,质量",,deepseek-v4-pro,2026-06-29T21:59:07
de5939ed24864584,发货速度快，京东购物放心，实惠，之前买的诺基亚n1已坏，又给孩子买了这个，希望耐用点吧,正面,0.6,"物流,价格,质量",,deepseek-v4-pro,2026-06-29T21:59:07
2778706189372bc6,卖给小朋友玩的，不错，挺好用的，平时玩游戏，功能还不错。,正面,0.8,"体验,质量",,deepseek-v4-pro,2026-06-29T21:59:07
46359d2d47e64fbf,跟想象的还是不太一样吧，苹果系统用习惯了，突然换到安卓还是不太习惯，不过这个价位来说还是不错了，用着基本不发烫，买来看看电视，玩玩游戏完全可以。,中性,0.1,"价格,质量,体验",,deepseek-v4-pro,2026-06-29T21:59:07
465bd824aa7c083f,快递给力，用着很舒服，大小正好，从安卓换成苹果手机，买来玩王者的,正面,0.9,"物流,体验",,deepseek-v4-pro,2026-06-29T21:59:07
7a7dfecf39a021a8,还不错，就是应该买通话版的，当时没多余的卡，现在后悔了。,中性,0.0,体验,,deepseek-v4-pro,2026-06-29T21:59:07
fec736941d3633c6,东西已收到，快递小哥服务杠杠滴,正面,0.9,"物流,服务",,deepseek-v4-pro,2026-06-29T21:59:07
bd6f55c2c850e23e,可以的，性价比高,正面,0.8,价格,,deepseek-v4-pro,2026-06-29T21:59:44
fc0d220fedd1c194,买给爸爸的，屏幕非常大。也很清晰,正面,0.9,质量,,deepseek-v4-pro,2026-06-29T21:59:44
682b91632dbf8a75,很好的宝贝很满意，物流快。就是没有耳机线有点小遗憾。,正面,0.7,"质量,物流,体验",,deepseek-v4-pro,2026-06-29T21:59:44
ca79323d2276b51b,给侄儿买的，希望好用。,中性,0.0,体验,,deepseek-v4-pro,2026-06-29T21:59:44
1057f035d0a7e5f8,还不错，挺好看的，物美价廉。,正面,0.8,"质量,价格",,deepseek-v4-pro,2026-06-29T21:59:44
ea7a9b2fc253a5f4,说的挺快，东西挺好。,正面,0.9,"物流,质量",,deepseek-v4-pro,2026-06-29T21:59:44
c99d2d6d30435ce3,这个用着还行，暂时没问题，后续再继续评价,中性,0.0,体验,,deepseek-v4-pro,2026-06-29T21:59:44
3191d3637627b9a2,平板显示出色，各种运行都很流畅，质量好。随机赠送了贴膜,正面,0.95,"质量,体验",,deepseek-v4-pro,2026-06-29T21:59:44
2c34bfc2f1febb8c,挺好的，不过刚买几天就掉价了，让我很遗憾，不过平板真的不错，挺好用的，好评。,正面,0.7,"价格,质量",,deepseek-v4-pro,2026-06-29T21:59:44
4fd627f69464f5dc,收到，东西很好。就是内存小了点，不够可以买内存卡。不错，我喜欢?,正面,0.7,"质量,体验",,deepseek-v4-pro,2026-06-29T21:59:44
8f2eefe31e5a0746,平板给弟弟买的，拿到好兴奋哦，我们全家都是用的华为，支持国货，赞赞赞，物流超级快，有需要还会再来？客服很给力哦！！,正面,0.9,"物流,服务,体验",,deepseek-v4-pro,2026-06-29T22:00:08
3a6cc0a8391dad68,性能还不错，照片像素不是很高。,中性,-0.1,质量,照片像素不高,deepseek-v4-pro,2026-06-29T22:00:08
5bf64ec2991c444b,买第二个了，依然很满意的一次购物。,正面,0.9,"体验,质量",,deepseek-v4-pro,2026-06-29T22:00:08
1a91c1cda7f76536,速度快，屏幕大，看电视可以，主要是给爸爸买来下棋的,正面,0.8,"质量,体验",,deepseek-v4-pro,2026-06-29T22:00:08
00824155a98e69ac,京东快递就是快，当天买第二天早上就到了，看电影很高清，值得购买,正面,0.9,"物流,质量,体验",,deepseek-v4-pro,2026-06-29T22:00:08
deda3baeb0884804,背面鎏金，高端大气上档次，前面陶瓷白，低调奢华有内涵！,正面,0.95,"质量,体验",,deepseek-v4-pro,2026-06-29T22:00:08
a99152932aef6a73,买的第二个了物有所值相信京东,正面,0.8,"价格,体验",,deepseek-v4-pro,2026-06-29T22:00:08
107b71e88d2bd82f,平板非常不错，屏幕舒服，帮同事买的同事很喜欢,正面,0.9,"质量,体验",,deepseek-v4-pro,2026-06-29T22:00:08
8e779cbb779de3bf,挺不错的，送货速度很快，必须好评！,正面,0.9,"物流,体验",,deepseek-v4-pro,2026-06-29T22:00:08
83cd43e99a8943a3,用着不错，性能很好，屏幕很大,正面,0.85,"质量,体验",,deepseek-v4-pro,2026-06-29T22:00:08
b74d2f702d1dadfa,华为给力，支持国产，很满意,正面,0.95,体验,,deepseek-v4-pro,2026-06-29T22:00:35
4fa530e2d9b029d9,非常好！运行速度很快，很流畅,正面,0.95,"质量,体验",,deepseek-v4-pro,2026-06-29T22:00:35
3dd070427ba27c36,还行，并无不妥！！！！日后再议,中性,0.0,体验,,deepseek-v4-pro,2026-06-29T22:00:35
456c06b6f426954f,总体感觉就是 做不出性价比高的平板来 就别做 也不能 忽悠人吧,负面,-0.8,"价格,质量","性价比低,忽悠消费者",deepseek-v4-pro,2026-06-29T22:00:35
7591f26396b6ab2e,今天刚刚收到货就降价了，心里有点不爽,负面,-0.6,价格,刚收货就降价,deepseek-v4-pro,2026-06-29T22:00:35
24e2acf6e73557c0,不错，挺好用的。,正面,0.9,质量,,deepseek-v4-pro,2026-06-29T22:00:35
26c2f11bdfe0699d,我只在这里买东西 安全快速 放心 支持 将人性光辉坚持到底,正面,0.95,"物流,体验",,deepseek-v4-pro,2026-06-29T22:00:35
8ee6cc8c75240229,和好如初！你在哪里！你在,中性,0.0,体验,,deepseek-v4-pro,2026-06-29T22:00:35
a46ebecbb6dc66bf,不错，支持京东，支持华为，值得购买！一直再用华为，！,正面,0.95,"质量,体验",,deepseek-v4-pro,2026-06-29T22:00:35
0ebb320c45a8f1d9,给爸爸买的，外观无瑕疵。先用着看,正面,0.8,"质量,体验",,deepseek-v4-pro,2026-06-29T22:00:35
02f8b3a96d85534e,挺好的，就是买过之后，就促销了，早知道就晚点买了，总的来说好评吧,正面,0.6,"价格,体验",,deepseek-v4-pro,2026-06-29T22:01:02
cd5218f62dde362a,已经用上了，华为品质没得说,正面,0.9,质量,,deepseek-v4-pro,2026-06-29T22:01:02
2b3b299c0b8e3fd8,"机是好机,但是感觉作为手机有点大,作为平板有点小,不习惯",中性,0.0,"质量,体验",尺寸不习惯,deepseek-v4-pro,2026-06-29T22:01:02
4b43f131c9ca90e4,挺好的，音响效果好，速度快,正面,0.9,质量,,deepseek-v4-pro,2026-06-29T22:01:02
de93d0cfbce02e07,呵呵。商品这么快就到了，还不错哦，^_^^_^^_^^_^^_^^_^,正面,0.8,物流,,deepseek-v4-pro,2026-06-29T22:01:02
b71e7eca14b40491,速度挺快的，反应比较灵敏，音质不错，希望下次继续合作。价格上应该没有很大优势。,正面,0.7,"质量,价格",,deepseek-v4-pro,2026-06-29T22:01:02
90da000b99f6ceac,手机不错，非常好,正面,1.0,质量,,deepseek-v4-pro,2026-06-29T22:01:02
86384573540fe785,目前使用还不错，颜色大小正合适。,正面,0.9,"体验,质量",,deepseek-v4-pro,2026-06-29T22:01:02
5d56237cd30bafd3,M3平板性价比不错，就是配件缺少耳机！,中性,0.0,"价格,包装",缺少耳机,deepseek-v4-pro,2026-06-29T22:01:02
49b226d362e136f0,怎么感觉屏幕发黄啊！感觉这个屏幕不行啊！,负面,-0.8,质量,屏幕发黄,deepseek-v4-pro,2026-06-29T22:01:02
849fab65c8e4f103,用了，不错哦，非常的流畅，而且价格也非常的便宜，感谢京东,正面,0.9,"质量,价格,体验",,deepseek-v4-pro,2026-06-29T22:01:25
cd703ecdfd6c0bed,感觉还可以，音效和分辨率都很棒。PS:充电时没法玩。,正面,0.6,质量,,deepseek-v4-pro,2026-06-29T22:01:25
3fcc9d669e4ae38b,看了很久的华为平板，终于在6.18入手了，非常不错，看电影一点都不卡，很实用，通话版的比较好，出门时可以用流量，方便好用，赞！,正面,0.95,"质量,体验",,deepseek-v4-pro,2026-06-29T22:01:25
9c51b3957da86e00,还不错，希望以后还有更多优质的服务。,正面,0.7,服务,,deepseek-v4-pro,2026-06-29T22:01:25
e3979572d442dc92,目前用着没问题，可以,中性,0.3,质量,,deepseek-v4-pro,2026-06-29T22:01:25
8f77f6af22cbf810,今天刚开始用，看着还不错，用段时间在来,中性,0.4,质量,,deepseek-v4-pro,2026-06-29T22:01:25
95ab9ca833af2374,刚开始用，还不错，反应挺快，用段时间再来追评,正面,0.8,质量,,deepseek-v4-pro,2026-06-29T22:01:25
c3e864a93501dd7f,第一次买，很好，就是不送我一个保护套?,正面,0.5,"质量,体验",,deepseek-v4-pro,2026-06-29T22:01:25
e58ac30d5599d239,买了不到一周，降了100多，客服服务不回复～～最差的一次购物体验～～～,负面,-0.9,"价格,服务,体验","价格下降,客服不回复,购物体验差",deepseek-v4-pro,2026-06-29T22:01:25
030ccba63e94ba75,本来说好的有钢化膜和手机壳的，结果什么也没有。后来沟通了，就开始扯理由，气死人啦……,负面,-0.8,"服务,包装","赠品缺失,客服推诿",deepseek-v4-pro,2026-06-29T22:01:25
4a0955612223d811,太差，骗子，像素太差了！,负面,-0.9,"质量,服务","像素太差,欺诈",deepseek-v4-pro,2026-06-29T22:01:56
9da670d7c9f61b94,机器本身不错，华为一贯的质量和设计。运行速度较快，华为的UI也不错买；屏幕够大也足够清晰；电池比较耐用，第一次充电后看视频+用浏览器看小说累计18小时的情况下坚持了40小时左右。,正面,0.9,"质量,体验",,deepseek-v4-pro,2026-06-29T22:01:56
fa88e76b02f829af,当是没看清出厂时间，那么老的机子原价买了，亏,负面,-0.6,价格,"产品老旧,价格高",deepseek-v4-pro,2026-06-29T22:01:56
a60c1613b5a56e73,真心不咋地，连个贴膜都没有,负面,-0.5,包装,缺少贴膜,deepseek-v4-pro,2026-06-29T22:01:56
2d63bdf9a0fbc21c,价格高，质量还有问题，不管你干什么，声音要等将近半分钟才出来,负面,-0.8,"价格,质量","价格高,声音延迟",deepseek-v4-pro,2026-06-29T22:01:56
28ae2a81c0faa982,内存卡槽与内存卡不配，卡进去就出不来，换3次卡还是不好，售后说退点钱你自己买张内存卡，结果呢钱也没退，卡也没换，京东购物失败，,负面,-0.9,"质量,售后,服务","卡槽不匹配,售后未退款",deepseek-v4-pro,2026-06-29T22:01:56
802d13b27c68a518,有点小失望，不想多说！第一次的京东差评！,负面,-0.4,体验,失望,deepseek-v4-pro,2026-06-29T22:01:56
0656425476d9573b,用俩天就黑屏啦,负面,-0.9,质量,使用两天黑屏,deepseek-v4-pro,2026-06-29T22:01:56
07d50fbbe0878238,物流超级慢，,负面,-0.8,物流,物流慢,deepseek-v4-pro,2026-06-29T22:01:56
e971f06614bdd483,这东西分辨率真的好差，音质也很差，估计是便宜的缘故吧！目前用起来倒是不会卡，不知道后期会怎样？,负面,-0.7,质量,"分辨率差,音质差",deepseek-v4-pro,2026-06-29T22:01:56
550cad3be87a04ba,烂到爆炸，系统超慢，不知道怎么个景，我最早用的是小米一，现在用三星的2400的，三星碎屏了，我买个华为备用，这**还不如画个1400把我的三星修起来。除了屏大电量足没半毛钱好处。,负面,-0.8,"质量,价格","系统慢,性价比低",deepseek-v4-pro,2026-06-29T22:02:25
7b3a8cfa65c518a4,你们看看售后服务再买吧,负面,-0.5,售后,售后服务差,deepseek-v4-pro,2026-06-29T22:02:25
94c143a0918d68f5,东西是我自己去拿的，我预定的京东京准达9点到10点，可是是快12点我自己去取的，而且里面包装盒我知道是摔过还是撞过，盒子角怎么是这样的，不开心的一次购物。东西用用在看吧！,负面,-0.7,"物流,包装,服务","物流延误,包装破损",deepseek-v4-pro,2026-06-29T22:02:25
357a2b95546420b2,不行相素太低,负面,-0.6,质量,像素低,deepseek-v4-pro,2026-06-29T22:02:25
e08de311cf0ce11d,分辨率极低，如果考虑价格请假随意,负面,-0.5,"质量,价格",分辨率低,deepseek-v4-pro,2026-06-29T22:02:25
94c744038afd31ce,华为机器肯定不错，但第一次碰上京东最糟糕的服务，以后不想到京东购物了。,负面,-0.6,服务,服务糟糕,deepseek-v4-pro,2026-06-29T22:02:25
71bf2e02820b0c07,裸机，连膜也没有，下面评论还有送耳机的，还有别的。。。。都没有，重点还是秒杀价，比评论中有人入手价格还高，手机刚收到就不好，还不办理退货，说是暂时无法退货？然后只能维修。。。。。,负面,-0.8,"价格,质量,售后,包装","配件缺失,价格不实惠,手机故障,无法退货",deepseek-v4-pro,2026-06-29T22:02:25
b786db88a1513ad1,也就值得一颗星吧，本来以为京东自营的应该差不多，用了一下，其他的还行，就是看视频卡，已经缓存完了，在线看视频，一集要卡两到三次，无语了，这平板虽然便宜，但是最起码看电影不应该卡吧？,负面,-0.7,"质量,体验",视频卡顿,deepseek-v4-pro,2026-06-29T22:02:25
442e825624b72119,有点卡 爱奇艺看起来太卡了,负面,-0.6,"体验,质量",卡顿,deepseek-v4-pro,2026-06-29T22:02:25
7dfa538090e67899,用了不到三个星期，电话打不出去，也挂不断，找客服，让我去维修点检测，我一看发来的维修点还在省会，不能退不能换，让我自己不上班出车费去吗？这是老子第一次用华为也是最后一次！,负面,-0.9,"质量,售后","通话故障,售后网点远,无法退换",deepseek-v4-pro,2026-06-29T22:02:25
2a95289f3fda76d5,好可以 但是跟 小米的 手表比起来 很一般,负面,-0.2,"质量,体验",与小米手表相比很一般,deepseek-v4-pro,2026-06-29T22:02:50
d0962101f0dceb07,东西买来不断有问题出现，咨询客服虽然态度不错，不过从来没得有用的回答，这么多天了问题还是没有解决。我不说退货，只是想换货客服也一直不答应，让我试这试哪，可是都没用。能不能把产品性能提升了再拿出来卖？？,负面,-0.8,"质量,服务,售后","产品不断有问题,客服无有用回答,问题未解决,不答应换货",deepseek-v4-pro,2026-06-29T22:02:50
42911b0f7c8904b8,电池用不得手机一天不怎么用电池都不能用到黑,负面,-0.6,质量,电池不耐用,deepseek-v4-pro,2026-06-29T22:02:50
8bfe14787eb5c0a9,手机在WIFI使用的情况下观看电视剧还不如我的不知名牌子手机那么流畅，特卡!!!,负面,-0.8,"质量,体验",WiFi下看剧卡顿,deepseek-v4-pro,2026-06-29T22:02:50
024cf021d6d0eb8a,真心的不好，分辨率低的可怕，而且屏幕超级模糊，早知道这个价位再填点钱买苹果了，超级不值得，记着这个教训了。再也不在京东上乱购物了,负面,-1.0,"质量,价格,体验","分辨率低,屏幕模糊,性价比低",deepseek-v4-pro,2026-06-29T22:02:50
334dc6088c7dc542,京东太坑限制我帐号领优惠卷,负面,-0.8,服务,限制领优惠券,deepseek-v4-pro,2026-06-29T22:02:50
2c6250ebaac4ebce,太差了，钢化膜有个角贴不上，手机反应太差，一样的网络别的手机比它快一倍还不止，,负面,-0.9,"质量,体验","钢化膜有角贴不上,手机反应慢",deepseek-v4-pro,2026-06-29T22:02:50
205acea1799a04ae,怎么说呢，我买的时候什么都不给，第三天就降价了，心情哇凉哇凉的，本来以为还送平板保护套，结果什么都没有，心情老不好了！,负面,-0.7,"价格,服务","买后降价,未送赠品",deepseek-v4-pro,2026-06-29T22:02:50
e0ba2b0deca28dfe,不要买3G版本，卡顿严重！有时拿出手机想拍个照，直接死机了。我老婆的是4G版本，很流畅。3G差的不是1G的问题，是内存条的类型就变了，处理效率差好多！,负面,-0.9,"质量,体验","3G版卡顿严重,拍照死机",deepseek-v4-pro,2026-06-29T22:02:50
c9213b5af46dfab0,这手机买的真不值得，几百块钱买给家人用的，真是气死人了，买来没用几天就故障，现在又出现了问题，我本来相信国产的，现在这品质无法用言语形容,负面,-0.9,"质量,价格","手机故障频发,品质差",deepseek-v4-pro,2026-06-29T22:02:50
a4bebb8f363ca1d4,东西真的，买了很多个 隔了几天少送了很多东西，很不爽。,负面,-0.7,"服务,物流",少送东西,deepseek-v4-pro,2026-06-29T22:03:14
42376bc27fea9f85,充电口难插的要死要活的……每次都要试很久……硬插里面就断了，真是服气……这做工……,负面,-0.8,质量,"充电口难插,做工差",deepseek-v4-pro,2026-06-29T22:03:14
81e78dc37eca7f79,第一次到，蓝牙无线网连不上！给换了！换了个包装还不是全塑料的封的！这必须是返过场的啊！现在玩个欢乐斗地主都能卡的强制关闭！！！,负面,-0.9,"质量,包装,服务","蓝牙无线网连不上,疑似返修机,卡顿",deepseek-v4-pro,2026-06-29T22:03:14
40fee70c1ad43c72,手机真心不怎么样,负面,-0.5,"质量,体验",手机不怎么样,deepseek-v4-pro,2026-06-29T22:03:14
9283c035c7db2f00,京东实在是太吭了买个平板手机什么都没送。在京东其他的店买送原装耳机，送钢化膜，又送手机壳。强烈要求京东送送送原装耳机手机壳！！！！过个春节在京东自营店买个平板手机什么都不送实在是太气人了。说句真心话京东的这款平板手机真的很可以玩王者荣耀超爽，就是京东的老板太抠门了。,负面,-0.3,"服务,价格","什么都没送,老板太抠门",deepseek-v4-pro,2026-06-29T22:03:14
78e28defbb8b963c,显示真的不够高清。UI做的也不够好。部分软件适配不完美。电池能力一般。特别讨厌此机的虚拟导航键……总之不会推荐朋友下单。,负面,-0.7,"质量,体验","显示不够高清,UI不够好,软件适配不完美,电池一般,虚拟导航键讨厌",deepseek-v4-pro,2026-06-29T22:03:14
519f339db19f959d,一般，什么都没送，耳机也没有，发票也没有，拿去营业厅贴膜，人家说是2015年的翻新机，这个价钱贵了，数码产品真的不能在网上买。,负面,-0.6,"服务,价格,质量","没送东西,没发票,疑似翻新机,价格贵",deepseek-v4-pro,2026-06-29T22:03:14
e1c9118d522dcfcf,草，屏保给错了，完全不对好不好，是不是骗人的？,负面,-0.8,服务,屏保给错,deepseek-v4-pro,2026-06-29T22:03:14
3c5911644b86034a,这款手机电池太不耐用了，平时上班就待机最多7个小时，还没到下班就关机了，害得我天天带着充电宝，郁闷,负面,-0.7,质量,电池不耐用,deepseek-v4-pro,2026-06-29T22:03:14
29a547f7b8882640,太垃圾的平板了，玩任何游戏都闪退。而且卡得要命，不值这个价钱，亏得直肉疼,负面,-0.9,"质量,价格","游戏闪退,卡顿,不值这个价钱",deepseek-v4-pro,2026-06-29T22:03:14
4999f15bb98f79cb,除了大，不怎样！价格偏贵，自带后台软件骗流量，不纯洁，有阴谋小心！,负面,-0.7,"价格,体验","价格偏贵,后台软件骗流量",deepseek-v4-pro,2026-06-29T22:03:58
35b3ba415e1d1d91,感觉像水货，用了不到一个月，反应太慢，偶尔打电话没声音,负面,-0.8,质量,"疑似水货,反应慢,通话无声",deepseek-v4-pro,2026-06-29T22:03:58
548116d6643799f8,wifi信号真差劲！！！！,负面,-0.9,质量,wifi信号差,deepseek-v4-pro,2026-06-29T22:03:58
8b761964158614ed,实话实说，屏幕拖影非常严重！非常非常严重！！好在只是用来看视频，视频还能接受，屏幕色泽跟电脑差距好大,负面,-0.6,质量,"屏幕拖影严重,屏幕色差大",deepseek-v4-pro,2026-06-29T22:03:58
4d5b609749ae3fd4,靠，才到就降价很不爽啊啊啊啊啊啊啊啊啊啊啊啊啊啊啊啊啊啊啊啊啊啊啊！！！！！！！,负面,-0.7,价格,刚买就降价,deepseek-v4-pro,2026-06-29T22:03:58
546ce481808b5bb4,外观不错就是电池不怎么给力,负面,-0.3,质量,电池不耐用,deepseek-v4-pro,2026-06-29T22:03:58
7dee34c6f559b427,首先平板很好，结构很结实，没有松散的感觉。速度也很快，应该是3G内存的功劳，缺点就是黑边太宽。差评是给打包员的，邮寄电子产品的包装盒内居然没有填充物？！（见照片）整个包裹的东西基本就是哗啦哗啦乱滚着寄过来的，平板没出问题简直就是万幸，希望京东认真处理。,负面,-0.4,"质量,包装,服务","包装无填充物,黑边宽",deepseek-v4-pro,2026-06-29T22:03:58
3ae0df54825e7313,奉劝大家别买这款手机了，手机自动弯曲，售后不保，用着憋屈,负面,-0.9,"质量,售后","手机弯曲,售后不保修",deepseek-v4-pro,2026-06-29T22:03:58
228d2f1cf6b3d1b7,商品太差，价格可以，就这样吧!华为产品一般。,负面,-0.7,"质量,价格",商品差,deepseek-v4-pro,2026-06-29T22:03:58
804b87a3e17a1288,垃圾，有时屏幕都点不动，一星都是给快递小哥的,负面,-0.9,"质量,物流",屏幕失灵,deepseek-v4-pro,2026-06-29T22:03:58
a8a73b898ba5f1c0,送货速度比蜗牛还要慢，客服整天忽悠人,负面,-0.8,"物流,服务","送货速度慢,客服忽悠",deepseek-v4-pro,2026-06-29T22:04:23
eac7dce463d94ed7,分辨率差也就算了，卡，卡得人想砸。,负面,-0.9,质量,"分辨率差,卡顿",deepseek-v4-pro,2026-06-29T22:04:23
d7037e72b4365be1,网购这么多次，第一次这么窝火，买的时候明明显示赠品有黑皮套，收到货没有。客服还问我要截图，我就像说如果买东西都截屏那不得累死？还说赠品需要拍，华为客服都说不用拍，唉。希望大家再买的时候截屏，堵住京东客服的嘴,负面,-0.7,"服务,体验","赠品缺失,客服要求截图",deepseek-v4-pro,2026-06-29T22:04:23
ed782ee84c773b68,1288等了四天才发货！收货后你又卖999了！你吓我一大跳知道吗？这是不是说明你这货质量不行？配置核和材料垃圾吗？本以为华为产品比较保值的，我想郁闷的不止我一个人！上半年买了个华为手机觉得自带应用太多没用几天就卖了，本想以后不会再买华为的货了，这次想买个三星平板，最后觉得还是支持国产，可又受伤了！,负面,-0.9,"物流,价格,质量","发货慢,价格降幅大,质量怀疑",deepseek-v4-pro,2026-06-29T22:04:23
afbd67dc60a0e61a,也就那样吧。没看出来有多么多么好，一般般。,中性,-0.1,体验,整体一般,deepseek-v4-pro,2026-06-29T22:04:23
8dad35ea003beb38,之前放进购物车时有的赠品全部没有了,负面,-0.6,"服务,体验",赠品消失,deepseek-v4-pro,2026-06-29T22:04:23
9d4070838eafb746,外观可以，不怎么好用，清晰,中性,-0.2,"质量,体验",不好用,deepseek-v4-pro,2026-06-29T22:04:23
c358480238b267e6,没用多久就坏了，开不了机，问到哪里修店家服务不好，在差了，在也不买这家店的东西了。,负面,-0.9,"质量,售后,服务","质量差,售后差,服务差",deepseek-v4-pro,2026-06-29T22:04:23
f194d13006d047e7,京东无故封号，还天天扯皮，拖拖拉拉不回应！大家顶我，让更多人看清楚京东的嘴脸！！！,负面,-1.0,"服务,体验","无故封号,客服扯皮",deepseek-v4-pro,2026-06-29T22:04:23
c59d2d6d3b658f87,才买几天，就有这样的条子，质量不好，有点失望，下次在也不买了,负面,-0.8,质量,质量不好,deepseek-v4-pro,2026-06-29T22:04:23
d80214610c3126a8,送货师傅不错，平板质量一般般,中性,-0.2,"物流,质量",平板质量一般,deepseek-v4-pro,2026-06-29T22:04:46
c9f94a351400c524,特别不满意的一次购物，东西好不好先不说，派送员，和京东客服，态度，太差劲了两千多块钱的东西，毕竟，是易碎品，想当着，派送员的面，检查一下，屏有没有破碎？可是，派送员，说，不给验货，有问题找售后咨询京东，客服客服说，可以验货，但是你不知道，派送员，不是按照这个执行的吗？和客服反应以后，没有任何结果京东就是这个服务吗？以后还能再来买东西吗,负面,-0.9,"服务,物流,售后","派送员态度差,客服态度差,验货被拒,售后无作为",deepseek-v4-pro,2026-06-29T22:04:46
55edc97b16adb20e,不知道产品怎么样，送单员直接扔保安室了，被别人拿走怎么办？,负面,-0.6,物流,快递员擅自放保安室,deepseek-v4-pro,2026-06-29T22:04:46
15d73d2a5e019851,有点失望啊，给差评,负面,-0.5,体验,整体失望,deepseek-v4-pro,2026-06-29T22:04:46
3e279a20e1a0f7a0,东西倒还可以，严重批评京东快递员，送来问都不问往前台一扔走了，一开始没找到，打电话问有没有人签收，居然说没有时间让人签收，这种快递员京东还留着干嘛,负面,-0.7,"物流,质量","快递员未通知,未让签收,快递员态度差",deepseek-v4-pro,2026-06-29T22:04:46
fff76dab4878cd8a,垃圾店家，翻新机，**的逼，黑心卖家,负面,-0.9,"质量,服务","翻新机,黑心卖家",deepseek-v4-pro,2026-06-29T22:04:46
76506ae83e3da520,还没收到货时价格就降了，然后第二天又降了一次，第三天价格又不一样了，然后申请价格保护还被拒绝。该产品触屏反应较慢,负面,-0.7,"价格,质量","价格频繁波动,价保被拒,触屏反应慢",deepseek-v4-pro,2026-06-29T22:04:46
3a5b4bc52a0323bb,因为自己在买的过程中看了很多，纠结了很久，所以想认真写一下评论，我主要用来看课件还有视频课，其他几乎不做什么，所以要求并不是很高，很多人说的分辨率我没有太大要求，所以我觉得都还行，电量是真的很耐用，即使看视频用一天电量也够，各方面都很满意，but。。。我突然发现了这个。。这是几个意思。。qq的下载是2009年。。,正面,0.7,"质量,体验",,deepseek-v4-pro,2026-06-29T22:04:46
2a68ea3019a6f5fc,售后太差，服务太差,负面,-0.8,"售后,服务","售后差,服务差",deepseek-v4-pro,2026-06-29T22:04:46
ce8024613a033a5a,最垃圾的平板电脑，经常卡屏，垃圾垃圾垃圾,负面,-0.9,质量,经常卡屏,deepseek-v4-pro,2026-06-29T22:04:46
821de2b42f828d53,刚买了八天就降了一百元，还正好过了保价期，真是无语?,负面,-0.8,价格,"刚买就降价,保价期过无法维权",deepseek-v4-pro,2026-06-29T22:05:07
779bbad055caad20,以后再不买华为了，伤透了心?！,负面,-0.9,体验,伤透了心,deepseek-v4-pro,2026-06-29T22:05:07
c259a9ab34dd0f84,要不是不会评价0星，我都想不给星了，真垃圾，触摸屏，充电的时候，根本用不了，只要充电，根本没法用，垃圾东西！,负面,-1.0,质量,"充电时触摸屏失灵,质量垃圾",deepseek-v4-pro,2026-06-29T22:05:07
57dcf61a96e21754,虽然机子不错，但是第一次发的是坏机子，浪费了我几天时间和京东客服周旋。对于这个只能是差评。也是第一次差评，希望再接再厉。还有最近一次购物也是如此，发了评价没有显示照片，竟然说是我没发照片，我有必要说假话吗，还让我截图，接你妹啊截图，还好两天后图片出来了，不然还说不清了。这个差评给京东的服务系统。,负面,-0.7,"服务,售后","首次发货是坏机,客服周旋浪费时间,评价系统问题",deepseek-v4-pro,2026-06-29T22:05:07
711ef81b27c40d3a,没带耳机啊 怎么那么坑，其他的还行,负面,-0.3,体验,缺少耳机,deepseek-v4-pro,2026-06-29T22:05:07
a91381faaca5b464,我要求纸张发票！！！！ 请客服联系我！,中性,-0.2,服务,未提供纸张发票,deepseek-v4-pro,2026-06-29T22:05:07
efcea593f06ce4e5,有点失望 除了充电器啥都没有→_→,负面,-0.5,体验,配件少,deepseek-v4-pro,2026-06-29T22:05:07
f87bc5ac7a4f9690,送货太慢了，还是京东自营，成都市区内送货，半天也把成都跑完了吧，硬是6.21订单，6.24下午才收到货，外省的也送到了吧，很失望，帮别人买的，产品质量不做评论！,负面,-0.6,物流,送货速度慢,deepseek-v4-pro,2026-06-29T22:05:07
283fdb3605451501,刚用，有点小，超级慢，整整十天才到,负面,-0.7,"质量,物流","产品太小,物流速度慢",deepseek-v4-pro,2026-06-29T22:05:07
78351993c0f6f881,买了没几天，就降价*元，这是欺侮老实人嘛，差评，最讨厌买东西这样了。,负面,-0.8,价格,短期降价,deepseek-v4-pro,2026-06-29T22:05:07
239e8b211ccdf164,刚买的新机子，上百度搜个图片就出现了屏幕拖尾的情况，很不满意！,负面,-0.8,质量,屏幕拖尾,deepseek-v4-pro,2026-06-29T22:05:29
ef06569a95bc1edb,很怀疑京东了，才买的一礼拜就差一百，很失望,负面,-0.7,"价格,服务",一周内降价,deepseek-v4-pro,2026-06-29T22:05:29
1f69c4768051b542,买了才2天就降价，让人极度不爽,负面,-0.9,价格,购后两天降价,deepseek-v4-pro,2026-06-29T22:05:29
72c4de61fb34752c,双11活动刚买的 就差一天12日就降*，京东自营 ，这叫啥事，问售后说以网站价格为准，京东也骗人，看看吧，以后的活动不可信 ，对京东失望了。,负面,-0.8,"价格,售后,服务",双11后一天降价，售后推诿,deepseek-v4-pro,2026-06-29T22:05:29
fd5f57799baeb567,家里老妈用的 看看视频打打电话还行 别的就别指望了 最恶心连个闪光灯都没 反正就是下次不会买华为,负面,-0.7,质量,缺少闪光灯，性能差,deepseek-v4-pro,2026-06-29T22:05:29
62127d22b1b990b3,纯误导性消费，12月11日显示参加双12活动，买机器送皮套，12日送到，包了个包裹，以为皮套在里面！拆开后没有，问客服，说没有活动！13号又来这一出，又买机器送皮套！差评，严重差评，一星给快递师傅，大冷天的，辛苦！,负面,-0.9,"服务,包装,体验",误导性促销，客服否认，赠品缺失,deepseek-v4-pro,2026-06-29T22:05:29
28e09be7a92329ca,买的最差的一个华为产品，屏幕一个大亮点，真是服了,负面,-0.8,质量,屏幕有亮点,deepseek-v4-pro,2026-06-29T22:05:29
68bc632b362b2323,无良商家，包装简单像假的。用起来又卡。比别人贵一百多我知道了说退差价却没退。希望大家不要上当受骗了,负面,-0.9,"包装,质量,价格,售后","包装简陋,手机卡顿,价格贵,不退差价",deepseek-v4-pro,2026-06-29T22:05:29
2d10fc4da8a6e875,手机好卡，发货很慢等了好几天，手机好像用过的的,负面,-0.8,"质量,物流","手机卡顿,物流慢,疑似二手",deepseek-v4-pro,2026-06-29T22:05:29
a277319c11faf55f,对京东很失望，所谓的赠品也只是一个幌子，过来什么都没有，一直在京东买东西，感觉好像知道女神被玷污一样，差劲的，客服，东西越来越不行了。对得起那些一直相信你的人吗？这样下去，相信也会慢慢消失的。,负面,-0.9,"服务,体验","赠品缺失,客服差劲,品质下降",deepseek-v4-pro,2026-06-29T22:05:29
c1eaafa7c761194f,六百的平板本来就没报多大希望，画质真的太渣，这都不要紧，我看中的是通话平板这一点，看重的是华为这牌子，没想到用了两周不到就死机开不了机了，完全没摔过没碰过！！！甚至没没过放或过充，充电的时候都不玩。莫名其妙就死机了，对京东太失望了,负面,-0.9,"质量,体验","画质太渣,死机开不了机,莫名其妙死机",deepseek-v4-pro,2026-06-29T22:06:00
d7a6793aa2150e12,京东买的苹果手机自打买了就一直有问题后来问题越来越严重，没办法京东申请售后了，从3月18日开始返厂，中间经历了四次连续返厂，每次15到20天，到现在我都没拿到手机，我要求第四次检测后如果有问题进行多维换新，结果京东和苹果售后没有跟我取得任何联系的情况下再次给维修了，并且过后还很强硬的告诉我苹果不支持中国的三包政策多维换新，在京东买苹果的后果就是手机去维修还得准备个老人机备用，现在还不让我在苹果订单那评论了，忘京东有苹果订单的朋友帮忙转发评论,负面,-0.9,"售后,服务,质量,体验","多次返厂维修,售后未经联系直接维修,不支持三包政策,评论被屏蔽",deepseek-v4-pro,2026-06-29T22:06:00
d53d3ac8933b3fc9,很重，音质也不好，就一个充电器，啥都没有，这个东西，真心的不是很满意，客服服务态度极差。。。。要买的还是要慎重了。,负面,-0.7,"质量,服务,体验","产品笨重,音质不佳,附件缺失,客服态度恶劣",deepseek-v4-pro,2026-06-29T22:06:00
b2e0a3be7911ec0b,盗版的用不到一个月屏幕就卡在那了卡死了不要买,负面,-0.8,质量,"盗版产品,屏幕卡死",deepseek-v4-pro,2026-06-29T22:06:00
045848dbf9860986,买了好多手机，第一次碰到基本的屏保护膜都没有，不知道是不是人家退的货，买的不放心，刚出厂的时候不了能没有保护膜。用了在说吧，京东的东西也不放心了。,负面,-0.4,"包装,体验","缺少屏幕保护膜,疑似二手退货,不放心",deepseek-v4-pro,2026-06-29T22:06:00
023917949ee97061,不知道为什么老是自己乱跳这也太坑了,负面,-0.6,质量,自动乱跳,deepseek-v4-pro,2026-06-29T22:06:00
0af4a05bfa87432f,差评没商量，充电器都没有，找卖家推三阻四的，你们自己小心,负面,-0.8,"服务,包装","缺少充电器,卖家推诿",deepseek-v4-pro,2026-06-29T22:06:00
7b1495c358f0fda6,手机性价比超低，我觉得声音非常小，问问怎么弄，说是老年人耳朵不好使啊！要求发票，现在都糊弄，华为已经不如之前了！最喜欢糊弄老年人，以为老人智商低，这样的商家注定走不了长远的！无壳子，无屏保，三无产品，怎么弄，糊弄!,负面,-0.9,"价格,质量,服务,包装,体验","性价比低,声音小,客服嘲讽,缺少配件,发票糊弄",deepseek-v4-pro,2026-06-29T22:06:00
395e700a841147f6,"一开机就提示升级,现在一个多小时还没有升级完成,此机不支持电信卡,本想买M3青春版,但M3青春版的CPU和分辨率没有M3好,显示0619送到货但20号才送到,没有皮套要另外买花了*不怎么好.另外又买了128G内存卡花了差不多*,此机如果全网通就完美了!",中性,-0.2,"体验,物流,质量","系统升级缓慢,不支持电信卡,物流延迟,缺少皮套",deepseek-v4-pro,2026-06-29T22:06:00
3a3eaf75f94eb59f,拍照效果很差，不清晰。。。。。。。,负面,-0.7,质量,"拍照效果差,不清晰",deepseek-v4-pro,2026-06-29T22:06:00
7f30bb40ec882f85,屏幕边缘有一团白白的光，平板电脑其实就是一台大的手机。没有什么用,负面,-0.7,"质量,体验","屏幕漏光,产品不实用",deepseek-v4-pro,2026-06-29T22:06:21
efe7f29c441b9329,再次强调：京东的价格保护就是假的！会降价的商品从来不预告！,负面,-0.8,"价格,服务","价格保护虚假,不预告降价",deepseek-v4-pro,2026-06-29T22:06:21
843019110dad3343,出现条纹 一点都不好,负面,-0.9,质量,屏幕出现条纹,deepseek-v4-pro,2026-06-29T22:06:21
492f24bef36ff704,送给老丈人的手机，没想到用了一周就没声音了。这让我何等的尴尬？邮寄耽误什么的还超过14天就不能换了，只能修？我花钱难道是想买一个修过的残次品？我非常不理解，为什么这么短时间，硬件坏了，为什么不能换新机器？我真的觉得这样的体验很差劲。值得一说的是维修的人还是很客气的，他们态度不错。整天说，支持国产 支持国产。让我们消费者怎么安心？,负面,-0.6,"质量,售后,体验","硬件故障,售后政策差,体验差",deepseek-v4-pro,2026-06-29T22:06:21
43e30c8bd1548282,双卡和扩充内存不能同时共存，内存卡和其中一个电话卡是共用卡槽的 ，为什么不早说 擦,负面,-0.8,"质量,体验","卡槽设计不合理,未提前说明",deepseek-v4-pro,2026-06-29T22:06:21
7c701ff0a8985c3c,不是很好 卡得飞起 很差劲！,负面,-0.9,"质量,体验",系统卡顿,deepseek-v4-pro,2026-06-29T22:06:21
8cea5f4a34657d06,一颗心都不想给，垃圾，才用一两个月就出现花屏，比山寨机还垃圾，华为大品牌也不都是好东西，客服爱理不理的，,负面,-0.9,"质量,服务","屏幕花屏,客服态度差",deepseek-v4-pro,2026-06-29T22:06:21
040121cbd6411422,从来没有这么差的订购，刚拿到手，试了下开机，压根没反应，又试了下充电也没反应，还以为自己挫不会用，问了客服，用它的线充电自己手机没问题，插它上面就是没反应，我想说，发货前包装前都不试试看机器好不好的么？质检做的太差了吧！客服让我去做质检，抱歉，你们自己做吧，我没那个美国时间，已经申请退货！以前觉得华为挺好的，现在产生质疑了。,负面,-0.9,"质量,服务,体验","无法开机,充电故障,质检问题,客服处理不当",deepseek-v4-pro,2026-06-29T22:06:21
d02a6527ddd02201,wifi不靠谱，上网有限制。,负面,-0.7,质量,"WiFi不稳定,联网限制",deepseek-v4-pro,2026-06-29T22:06:21
399e789d77cd1c4d,对华为解决问题的态度非常失望！！！！！！！,负面,-0.8,服务,解决问题态度失望,deepseek-v4-pro,2026-06-29T22:06:21
a6cd409384288133,很不爽的一次购物，整的什么赠送皮套，还赠完即止，结果我还没有收到皮套，我就想知道有人收到皮套了吗？恶心的活动！,负面,-0.8,"体验,服务","未收到赠送皮套,活动虚假宣传",deepseek-v4-pro,2026-06-29T22:06:49
9b47510684bd9fff,垃圾的平板电脑，正在看视频两分钟就黑屏了！系统有很严重的问题阿！,负面,-0.9,"质量,体验","黑屏问题,系统严重问题",deepseek-v4-pro,2026-06-29T22:06:49
6857fed511f3058f,我真心恼火！本次购物不满意，套子是半包不说磁力太小总会掉，实在很不满意。送的钢化膜还有一个洞。我想退货强烈要求退货处理。,负面,-0.9,"质量,服务,售后","保护套磁力小易掉,钢化膜有洞,半包设计差",deepseek-v4-pro,2026-06-29T22:06:49
74455bef894559ca,没试过差评试一下,负面,-0.3,体验,无实质内容差评,deepseek-v4-pro,2026-06-29T22:06:49
588ae6a576940a73,写着16g，但是实际可用内存仅有10.16而已，少了3分之一。运行还可以，玩手游不卡。像素很一般，前摄像头差，后摄像头也虚。仅适合拿来玩游戏，看视频而已,负面,-0.4,"质量,体验","实际内存少于标称,摄像头像素差,前后摄像头虚",deepseek-v4-pro,2026-06-29T22:06:49
c7e0f2e03a19328c,屏幕有裂纹，客服说签收了不理。,负面,-0.9,"质量,售后,服务","屏幕裂纹,客服推卸责任",deepseek-v4-pro,2026-06-29T22:06:49
6b1380a875e2e6cc,一点都不好 爸爸说不耐电，用得特别快的，诶 真是便宜没好货，真的不要买，上当了一样的。真后悔，真心不耐电 重点是连膜都不送，太坑了，一般买电器类不是都送耳机 送贴膜呐，店铺送的东西一点都不实用，没点用处，还不如不要送 真的是。千万不要买。,负面,-0.9,"质量,价格,服务,体验","电池不耐用,未赠送贴膜,赠品不实用",deepseek-v4-pro,2026-06-29T22:06:49
c6c6d971ba52eeb1,深蓝色与银色搭配，给人印象是冷峻！较小的三围和七十多克的份量，算是轻薄了，方便携带！方向键对应四个快捷方式，方便用户迅速调用特殊功能！5向导航设计简化了对功能菜单的频繁操作！,正面,0.9,"质量,体验",,deepseek-v4-pro,2026-06-29T22:06:49
fb1a18c37164191c,性能卓越，外观时尚，设计另类极具特色，功能实用而齐全，音乐功能出色媲美iPOD，iRiver等高端MP3,正面,1.0,"质量,体验",,deepseek-v4-pro,2026-06-29T22:06:49
1f5923efcd3cc5a2,小巧漂亮白色很诱人,正面,0.8,"质量,体验",,deepseek-v4-pro,2026-06-29T22:06:49
e9e16d4b0e66561c,拍照功能十分强劲，便于我平时记录生活，完全足够了～而且，各种型号，同档次200w像素的拍照手机，不管什么牌子，绝对不可能撼动750c“光影捕手”的称号，这个，也是各个论坛都能找到的评测阿对比的。 铃声表现也很巴适，有几首我十分喜欢的，来电铃声，足以强劲，在公车上也拉风的很哦～有网友反映铃声小，可能和mp3原文件有关吧。视频声音有点小，恩，这个有点。游戏，自然不用说了，下了很多很多，仙剑可玩性也很高，超级玛利更是以前小霸王的翻版，呵呵`~~~待机时间我也比较满意的，平日玩手机还是很多，有时传照片插了数据线，就充电一会儿，所以，买了三个多月，充电器充的次数可能小于5次。,正面,0.8,"质量,体验",,deepseek-v4-pro,2026-06-29T22:07:22
b695934e211626a4,功能强好看,正面,0.9,"质量,体验",,deepseek-v4-pro,2026-06-29T22:07:22
8705b1a0b231958d,"200万像素的拍照,26万色的屏幕,但最重要的还是优秀的mp3功能.",正面,0.9,质量,,deepseek-v4-pro,2026-06-29T22:07:22
657b25a69b27a584,外型倒是很不错的，手感很好。,正面,0.8,"质量,体验",,deepseek-v4-pro,2026-06-29T22:07:22
d66f794934a6c237,刚刚托朋友搞了一台8390，是国内SED贴牌的，但配置和台湾和港版的有所不同，两电两冲，双头耳机，最为关键的是完全支持简体中文。屏幕的显示质量，可以用无懈可击来表达，无论是色彩还是清晰度均无可挑剔，其次是手机的整体做工，决不输给韩日机器，在接缝等细节部分处理得都不错，MIO越来越有大家风范了，最后需要说的是价格，目前港版的价格约在3000左右，行货也只要3700（我拿的是3700，据说市场上要4000多），如果按3700在这个价格说，应该是物超所值了，总比一些所谓的摄像手机、商务手机要好的多，何况它是一部可以可以RIY的MS Smartphone啊！,正面,0.9,"质量,价格,体验",,deepseek-v4-pro,2026-06-29T22:07:22
e670f69e60dae9f5,"1.待机时间长.有如此优秀大屏幕的手机待机时间如此之长的未见其二.2.软件稳定.尤其是作为手机功能这一块做得很好,极少遇到死机现象,有也是其他周边功能里出现的.3.屏幕大,通话质量好.",正面,0.9,"质量,体验",,deepseek-v4-pro,2026-06-29T22:07:22
ddd93202ed825332,总的来说还行．,中性,0.0,体验,,deepseek-v4-pro,2026-06-29T22:07:22
d280439477b28f1c,待机时间，是一星期。晚上十点关，早上七点开，每天语音闹钟两次。一般是周日充电，用到下周六晚上。短信功能是强项。自动存储短信。写信不小心按错键，返回到的菜单上时，再次进入还会有短信内容。自动将你所发的短信存储。可写987多字的短信。然后再发送。相当于一文章。 声音不错。,正面,0.9,"质量,体验",,deepseek-v4-pro,2026-06-29T22:07:22
2b6ad166f46557ed,期待 N73 许久，终于下手在网上买了一部银灰色的。用了三天，说说它的优缺点。以前我用过诺基亚 6100 、摩托罗拉 A768 和多普达 830 ，所谓优缺点，是比较后的体会。 优点： 1 、拍照功能强大，可以满足一般照像的需要，出差时不需要另外再带一部 DC 了。 2 、立体声音乐播放效果非常棒！远远超过我用过的其它手机。 3 、电话网络信号强，通话效果好。 4 、 26 万色彩屏清晰艳丽，电影播放流畅，图片浏览方便。 5 、使用软件与 PC 连接可方便进行程序安装、文件管理、音乐下载等操作。 6 、上网比较方便，但速度不快。 还有一些优点，这里不再细说。,正面,0.8,"质量,体验",,deepseek-v4-pro,2026-06-29T22:07:22
d46a5e967ec13a5d,v798是老妈给的，嘿嘿，这里面的英汉词典我很喜欢，等车，没事的时候都能拿出来看，目前我上高中，里面的程度相当于4级水平，每天看一点，还是很有帮助的，也喜欢拿它当手电用，以前没注意过这个功能，一次下晚自习楼道里很黑，灯也坏掉了，才想起这个能当手电，挺亮的不错,正面,0.9,"质量,体验",,deepseek-v4-pro,2026-06-29T22:07:22
8e6824bbb0823467,"26万色的屏幕效果不错,电话簿存量大,mp3音质较好,还支持移动QQ",正面,0.8,"质量,体验",,deepseek-v4-pro,2026-06-29T22:08:10
549898cb471d3fe9,黑色机总让人感觉很酷，刚刚拿手上用，同事都过来看哦，嘿嘿，拿起来也很轻。按键音挺逗的，以选择东北话，闽南话，上海话，很搞笑，电话每天都用，3天充一次，还行,正面,0.6,体验,,deepseek-v4-pro,2026-06-29T22:08:10
1ad5f7c07043038c,"外观设计较好，做工细致,电池续航能力较强,娱乐功能较好，附带FM调频收音功能。铃声也可以！",正面,0.8,"质量,体验",,deepseek-v4-pro,2026-06-29T22:08:10
7116c11b05ccd77f,买这款手机时我是看中了它的屏幕，采用了65536色CSTN彩色屏幕，无论是文字或是图片的显示都相当细腻生动，屏幕的对比度与光亮度都十分充足。不仅“身材”出众，S800的功能也是非常的强大，S800每一个功能选项都有相应的动画作为图标指示，感觉非常人性化。对于用户使用较多的短信功能，S800提供了数字、英文、拼音和笔画四种输入方法。S800支持EMS短信并且提供了EFR_STK支持。自己摸索出来，在编辑短消息时，按“＃”键来快速切换输入法。不妨告诉你S800的正常通话时间约为两小时，预期待机时间为120小时，如果使用频繁，电池差不多正常使用两天。在铃声方面，S800采用了64和弦铃音，30首特色MIDI铃声，呵呵，当然如果你嫌少可以去康佳乐园下载更多的铃音。,正面,0.9,"质量,体验",,deepseek-v4-pro,2026-06-29T22:08:10
ec6b132b2af469d0,S800造型是典型滑盖手机造型，外型细部都显得非常顺滑。按键部分布局非常的清晰，按键手感很好，在配合蓝色背景灯光设计，朴实简洁。屏幕区按键区的外部造型非常相似，在手机滑盖关闭的状态下两个部分浑然一体，紧密结合。,正面,0.8,"质量,体验",,deepseek-v4-pro,2026-06-29T22:08:10
9e866f8449346e86,1、机器重量与5688相差不多，外形尺寸比5688稍大一些。感觉男士用更好一些，比较大方。2、屏幕，也是这款机器的亮点。鄙人也算见过很多的彩屏机了，但看到这款机器的彩屏，还是不禁赞叹。3、铃声，40和弦的铃声，铃声无论是效果还是音量比5688都有了相当的提高。感觉相当不错，不过在一些嘲杂的地方，仍然听不到铃声（废话，又不是音响，你想多大声音，被扔香蕉皮），可以考虑铃声加震动。一共19首铃声，少了些，不过可以下载 5 首，还不错。个人比较喜欢第12首的外国乐曲，很有旋律。支持铃声分组。开合机盖，有铃声响起，是不是更象S308啊！呵呵 4、短消息，网上也有些朋友比较关心这一方面。 5766在编辑短信方面比5688稍有提高，但速度仍然有些慢。感觉这方面是迪比特机器的一贯的弱项，也希望厂家能够在今后得到改善。支持EMS，同时可以短信群组发送（很实用啊）。 5、支持关机闹铃，这一点令我也很满意，对于喜欢睡懒觉的我简直太好了。可设IP电话（是不是学金立手机啊）。有接通提示，可设震动，这样可以防手机辐射的，设计很贴近用户。手机电话本100个，而且不是名片式，差强人意（简直是人心不足蛇吞象）。7幅墙纸，可都是动态的哦！屏幕保护也有3种，效果都很不错。背景色也有三种可调。 6、最大的优点就是这款机器的零售价。,中性,0.4,"质量,价格,体验","音量不足,短信编辑速度慢,电话本功能简单",deepseek-v4-pro,2026-06-29T22:08:10
9c2dd2a09c11c64b,"刚才那个谈优点的人根本就是无知,多普达就不生产CDMA的产品,如何比CDMA的产品,",负面,-0.7,体验,比较不实,deepseek-v4-pro,2026-06-29T22:08:10
22818d654b403b36,屏幕大，鲜艳清晰。手写、收音机、金山词霸、通讯防火墙、红外传输等功能都很方便实用。做工好。,正面,0.9,"质量,体验",,deepseek-v4-pro,2026-06-29T22:08:10
a32de4f4eab9a70b,1、N940最大的特点就是能实时接收和收看模拟信号的电视节目，再加上其26万色2.1英寸的大彩屏，屏幕的色彩还原能力非常好，文字的表现也非常细腻，收看电视的效果虽不及在电视上观看，可在手机上能看电视也算是够爽的。2、N940第二大特点是手写输入，这在许多智能手机和PDA上都可以，算不上什么亮点，不过N940的手写笔同时也是电视的天线，二合为一的设计节省了空间。而且从实际使用来看，手写识别率还是比较高的，写得很潦草的字体也能比较准确地识别出来。3、64和弦铃声，由于有扩音器，所以铃声还是比较大的，而且听起来挺悦耳，看电视的时候也是一种享受。4、再值得一提的是N940的TTS功能和1000个联系人的电话簿，TTS功能也即语音功能（我只是这么理解，不知道对不对），阅读的声音比较自然，由于还没有来得及级细用，只用其看电视了~，所以等用后再补上~~~~。1000个电话簿，对于商务人士也是够用的哟。,正面,0.9,"质量,体验",,deepseek-v4-pro,2026-06-29T22:08:10
45acb44ed155561d,"拥有象数码相机-500万像素CCD的高清晰摄像头,自动对焦，确保画面清晰锐利；LGC960是一部真正数码相机手机。还可以直播、点播、下载多种模式，真正的在手机上看电视。26万色TFT、2.0英寸精显屏幕;实用的免提功能设计，解放你的双手72和弦，清晰悦耳，余音绕梁，颠覆双耳的音效，非常的舒服。",正面,0.95,"质量,体验",,deepseek-v4-pro,2026-06-29T22:08:10
7fea9cc3c6c80944,1.语音拨号是垃圾，我在九九年拥有一部飞利浦手机，语音拨号可以随意设置。难道是技术不如人？3.待机时间太短！！！烦！4.反应迟钝！！5.内存偏低！！6.价格偏高！！7.MMC卡读取也没TF卡快！！！8.按键过小！不太习惯！！！！9.视频通话麻烦！！！！！！！,负面,-0.9,"质量,价格,体验","语音拨号差,待机短,反应慢,内存小,价格高",deepseek-v4-pro,2026-06-29T22:08:37
25f816ee01af97f4,操作时很慢，没有一点速度感！！！要开机需要十多秒才启动。。。真无奈！！！,负面,-0.9,"质量,体验","操作反应慢,开机启动慢",deepseek-v4-pro,2026-06-29T22:08:37
89c37b09fc8fdada,"数字按键太紧凑，没有空隙，手感不爽。反应实在太慢.内存小的可怜，32MB,还谈什么娱乐。",负面,-0.8,质量,"按键紧凑手感差,反应慢,内存小",deepseek-v4-pro,2026-06-29T22:08:37
e59eac2299c2a4c0,信号不是很理想,负面,-0.5,质量,信号不理想,deepseek-v4-pro,2026-06-29T22:08:37
6c49531bbd981e74,致命缺点：电量剩一格时死机；取下电池再装回，好了；过一小时接着死。升级了固件也没用。售后维修人员说，电池问题的可能性大。（确实，满电时就死过一次。）可是，此机死前毫无征兆，太耽误事！,负面,-0.9,"质量,售后,体验","电量低时死机,电池问题,售后未解决",deepseek-v4-pro,2026-06-29T22:08:37
b4f5bec1b7630e46,1该机键盘钮质量极差，购买20天就磨损了，而且不管保修。2该机器的录音功能比较烦琐在这我给大家介绍下电录音有两种方法。一是在不打开翻盖的情况下，在通话的过程中按一下照相/录音的钮即可录音，要停止录音时再按一下，通话的内容就记录下来了。二是在打开翻盖的情况下，按一下照相/录音的钮即可录音。如果不是在通话中，打开翻盖后按那个按纽的话就会启动照相机。,负面,-0.7,"质量,售后,体验","键盘质量差,20天磨损,保修不管,录音繁琐",deepseek-v4-pro,2026-06-29T22:08:37
08b15e364b835b76,没有蓝牙，没有收音，另外，天线是折叠式的，如果天线折起，手机功能就会自动关闭，只保留掌上电脑的功能。用户可以通过手动设置强制在折叠天线状态下打开手机功能，不过信号会大打折扣！,负面,-0.6,"质量,体验","缺少蓝牙收音,天线折叠影响信号,手机功能关闭",deepseek-v4-pro,2026-06-29T22:08:37
7f378601283d5683,"我是2004年6月份购买的科健k699,使用时间不长，经常死机，修了两次，2005年6月，经销商给换了一块新，用了不到7天，频频掉线，售后服务困难，要求根据手机三包规定退货，但潍坊三联称科健公司已经倒闭了，拒不退货。据我观察我们山东潍坊市场上已经基本上看不见科健地踪影了，不知是何原因？",负面,-0.9,"质量,售后,体验","常死机,掉线,售后困难,拒绝退货,公司倒闭",deepseek-v4-pro,2026-06-29T22:08:37
8433741b49edf50b,外观不好，看上方方正正的，而且颜色也单调！翻盖不是很流畅，看来质量不是很好！这么贵的价格，功能居然还是很单一，象时尚MP3、可以免费下载音乐的JAVA，或者手写笔什么的；只是有一些细节功能，像语音报时什么的。觉得买的不值。,负面,-0.7,"质量,价格,体验","外观差,翻盖不流畅,功能单一,价格贵,不值",deepseek-v4-pro,2026-06-29T22:08:37
caf0f3278eef0b02,1、电池待机时间真的短到无法接受，我的一般正常的情况下，玩玩摄像，发发短信，打打电话，就必须每天换电池!康佳当时是以全球最薄的拍照手机为卖点来推这款机器的，但是我却万万没有想到它是以牺牲待机时间为代价的！2、内存太小是个不争的事实，功能如此强的手机竟然只有600K内存可以使用的，又不支持外增内存，插SD/MMC等。铃声和图片大部分都是垃圾，又占了手机好多内存，内置的、不喜欢的铃图又删不掉，无法释放有限的内存。3、速度慢，尤其是在短信多的情况下，打开速度难以忍受。动态摄像更是慢的惊人！4、存在太多的bug，几乎我认识的用a08的朋友不同程度上都出现过诸如黑屏、无故自动关机的令人恼火的事！5、所谓影像方面可能没康佳吹的那么好，号称四倍变焦，但是只有在静态来电大头贴可以扩展到4倍，其他竟然只有1倍和两倍，2x和3x找不到，而且除了一倍外，其他惨不忍睹！像素方面，也言过其实，在太阳下几乎什么都看不到!,负面,-0.9,"质量,体验","待机时间短,内存小,速度慢,存在黑屏自动关机等bug,摄像变焦虚假",deepseek-v4-pro,2026-06-29T22:08:37
4963c00cfbf40e3e,通话的话筒声音太小，，我找他们挑过一次还是不行，我现在只能用耳机打电话或接电话，有一个按键也坏了，没用多久，这手机质量太差，,负面,-0.8,"质量,服务","话筒声音小,按键易坏,质量差",deepseek-v4-pro,2026-06-29T22:09:10
35f5229fadf5e715,1：内屏的显示有时会有迟缓现象；2：在照片的拍摄质量上不是很出色。,中性,-0.2,质量,"屏幕迟缓,拍照质量不佳",deepseek-v4-pro,2026-06-29T22:09:10
113a76ad5635c7fc,"拍照方面：说是三倍变焦,我怎么试了半天只有二倍,有点不明白,也有可能是方法不对；其次不足之处就是,在选景过程中,速度好慢,半天才能反映过来,郁闷死的一点；录音方面：不能把自己录的东西充当铃声,有点不够意思……；最后美中不足的就是,把翻盖打开的时候,手机反映有点小慢,还不支持媒体卡,只能使用该机本身的120M",负面,-0.6,"质量,体验","变焦不符,反应慢,不支持媒体卡,录音不能设铃声",deepseek-v4-pro,2026-06-29T22:09:10
4b3ed6b83786ab1a,"1.软件较差,新买的没几天出现开机了后就会自动关机,后来去检测换了一个新的,现在还行.2.读不出储存卡,每天会有1-2次.3.不能将储存卡上的MP3作为来电铃声.4.说明书过于简单",负面,-0.5,"质量,售后,体验","自动关机,读卡失败,铃声局限,说明简略",deepseek-v4-pro,2026-06-29T22:09:10
de8620bfafbdd8e3,听筒太靠边.声音小.翻盖总是有摩擦的声音.关机就少一个电.,负面,-0.7,质量,"听筒偏位声音小,翻盖异响,关机掉电",deepseek-v4-pro,2026-06-29T22:09:10
ea689219bd132366,硬件部分：1、手机很轻薄，拿到手后被同事们看到，都说样子不错，这么小巧的一个手机。的确，手机样子设计得不错，我买的是银色那款，上半部份采用了黑色边，与屏幕浑然一体，在视觉上感觉屏幕很大。2、屏幕材质已经决定了屏幕质量，但不知为什么屏幕的亮度和对比度是不可调的。3、没有红外和蓝牙，有什么好听的铃声没法很方便地下到手机上。不过可以用彩信的方法保存铃声。数据线不在标配里，听说是可以用数据线传音乐和图片的，没有买，没试过，这点内容保留。虽然在买前就知道了，但在实际中还是有些不方便的。4、号称64和弦的铃声，不知道为什么播放出来的效果，却没有同事那款索爱K700C的40和弦好听。有破音的现象，不过手机铃声的穿透力倒是蛮强的。不知道是不是我这机子单独的现象还是总体现象。5、内存容量在现在手机里来说是偏小，如果不存很多东西也可以将就着用用。6、说实话，33万像素的摄像头如同鸡肋。我宁可没有摄像头，把这块的成本用在屏幕的改良、内存的增大和外部通讯的增加上去。7、耳机不采用挂绳的设计，听收音机时不能将手机挂着，在冬天还好些，如果是夏天的时候就会有些不便。8、才用了二天，对待机时间和通话时间无权评说些什么。买来原装一电一充，再送一电一充，让我这个用惯了二块电板的人来说满意。软件部分：1、开机的速度比较慢，开机后过好一会儿才能读出SIM卡内的信息，开始时我以为我的SIM卡损坏了。2、摇杆最下方是通讯录，而右边的软键也是通讯录，有重复的感觉，将其中的一个改为通话记录应该更为方便些吧。3、拼音、笔画、英文、字母、标点这几项是用右软件键轮流切换，这点设计和以前的飞记826相同，所以用着也习惯，但对于用惯其它方法切换标点的人来说可能会感觉到不方便。4、长按数字键选字这一设计在最开始可能会稍不习惯，时间长了应该会习惯的。,负面,-0.4,"质量,体验","屏幕不可调,无红外蓝牙,铃声破音,内存小,摄像头差",deepseek-v4-pro,2026-06-29T22:09:10
ac46bf8d950a44dc,每次看到好铃声，我都会很感慨，用不到我的机子上啊！！如果是VMD格式的超过70K的真人真唱铃声我机子都不能放，上传可以，但是没想开机，晕,负面,-0.5,体验,铃声格式限制,deepseek-v4-pro,2026-06-29T22:09:10
1b81e04fbdcfac42,排线超垃圾坏了都没的换售服都没办法２个多月都没人关了还在保修期,负面,-0.9,"质量,售后","排线质量差,售后无响应",deepseek-v4-pro,2026-06-29T22:09:10
6c44d05b95573cc4,"通话三分钟,机身发热,通话七分钟,机身发烫.通话效果也不好,对方听来一会高一会低.",负面,-0.7,质量,"机身发热,通话不稳",deepseek-v4-pro,2026-06-29T22:09:10
951bbb2364270190,"塑料壳子易坏(本人的已坏:)电池待机时间从没有超过1天在购买半年后待机时间别想超过半天没有红外就算了数据传输到现在实验过3太电脑就没有一次成功的总说""确认连接""哎放弃ING~",负面,-0.7,"质量,体验","外壳易坏,电池续航差,数据传输失败",deepseek-v4-pro,2026-06-29T22:09:10
ec03151ea7fa896e,容易死机通话声音小功能少,负面,-0.8,"质量,体验","容易死机,通话声音小,功能少",deepseek-v4-pro,2026-06-29T22:09:33
b08fd94cd1468543,总体感觉不是很实用，屏幕是单色的，电话薄也不好查找联系人，总要一个个地翻着找。而且还不支持短信群发功能。内置的铃声虽然效果说得过去，可是不容易下载，时间长了就听烦了。其它象自动开关机高极点的功能也没有。,负面,-0.7,"质量,体验","不实用,屏幕单色,电话薄不好查找,不支持短信群发,铃声不易下载",deepseek-v4-pro,2026-06-29T22:09:33
b07b1caab0e5d4bb,用了一个多月，显示屏就坏了，还老自动关机,负面,-0.9,质量,"显示屏坏,自动关机",deepseek-v4-pro,2026-06-29T22:09:33
4a3a6ec52add0268,机死！这是我最头痛的问题！打电话问过客服N次，也无法解决！能听MP3，但声音偏小，不知道是嗽叭的问题还是软件问题！外屏也小;整个机子当初看见还可以，现在看见就烦！售后太差了！,负面,-0.8,"质量,售后","死机,声音小,外屏小,售后差",deepseek-v4-pro,2026-06-29T22:09:33
708acbf782045c13,"（1）外屏非彩屏，内屏的分辨率128*160偏低。（2）内存小，处理器的速度慢。（3）图像解码速度慢。（4）使用拼音输入短信（同时打开键盘声音）时，滞后明显。（5）不支持录音。（6）不支持关机闹铃,不爽!!（7）配置较低：单电单充，无数据线和光盘。（8）背景灯和闪光灯的省电设计欠佳，闪光灯，连接网络时会闪，费电。（9）内屏的亮度不可调。（10）没有支持JAVA，BREW收费的太多了，而且BREW认卡。（11）30WCCD的效果和30WCOMS的西门子CX65成像效果一样，我看不出来。（12）短信铃声只有10种，不能设成别的。（13）自带铃不可删，我没用过自带铃音。（14）设置里没有拒用其它UIM卡的选项。（15）来电接听方式，只有三种。（16）接上耳机后，各种提示音（包括翻盖，按键，菜单，弹出菜单），无法关闭。",负面,-0.9,质量,"外屏非彩屏,内屏分辨率低,内存小,处理器慢,图像解码慢",deepseek-v4-pro,2026-06-29T22:09:33
88fca7e58613562e,拍照只提供一般、室内、室外及夜间4种拍摄模式，有些单调；而且照片效果也一般，朋友拿着的不到一千六的手机，也比我的清晰。而且，原装配件也只有一个锂电池，连座充都没有，数据线什么就想都别想了。短信容量大是大，可不实用;电话薄项目也多，可实际使用时，我也就用个前几条。如果把这些“多余”的换个MP3功能、蓝牙或者手写功能，或者把像素值高些拍出的照片耐看些也行！总之，对它不够满意，外观也没有活力。！,负面,-0.6,"质量,体验","拍照模式单调,照片效果一般,配件少,短信不实用,电话薄多余",deepseek-v4-pro,2026-06-29T22:09:33
b3bb40c3bec6bd8a,"屏幕有点小,市场同价位都是TFT屏且相素在20万以上",负面,-0.5,质量,"屏幕小,同价位配置低",deepseek-v4-pro,2026-06-29T22:09:33
fad2744d0397335c,第一次购买潘苹果，甘肃产的，口感属于那种粉粉的，不是脆的，感觉还是陕西那种脆的好吃。,中性,0.0,质量,,deepseek-v4-pro,2026-06-29T22:09:33
6b941331087e5265,棒棒哒 京东太给力了 苹果还没有吃 看起来不错,正面,0.9,"物流,服务,质量",,deepseek-v4-pro,2026-06-29T22:09:33
670950a25ea69f82,苹果狠大，满满的都是爱～目测直径80CM,正面,0.8,质量,,deepseek-v4-pro,2026-06-29T22:09:33
e459f4e4ca492d37,在京东买了很多款苹果，就这款比较符合我的口味，下次还买这款，,正面,0.9,"质量,体验",,deepseek-v4-pro,2026-06-29T22:10:03
671810d4c35ffcce,小个，小贵，味道还行，够新鲜，送货快！希望。经常有活动,中性,0.0,"质量,物流,价格","个头小,价格稍贵",deepseek-v4-pro,2026-06-29T22:10:03
2765173bd7b3c4f1,很好很强大很好很强大很好很强大很好很强大,正面,1.0,体验,,deepseek-v4-pro,2026-06-29T22:10:03
4052c2a70523b9e2,苹果比较好吃，就是价格有点贵啊！还比较小！应该再便宜点就好了?！期待价格奥！,负面,-0.4,"质量,价格,体验","价格贵,个头小",deepseek-v4-pro,2026-06-29T22:10:03
2ddac2ae07c33f49,苹果很给力，凑单买很便宜，脆，甜，爽口,正面,0.95,"质量,价格",,deepseek-v4-pro,2026-06-29T22:10:03
77189137eaf5db75,开箱就闻到苹果香，个头均匀，很好,正面,0.9,"质量,体验",,deepseek-v4-pro,2026-06-29T22:10:03
059a1e7403871857,一如既往的好吃，价格也是最低点。,正面,0.9,"质量,价格",,deepseek-v4-pro,2026-06-29T22:10:03
0bbb22d83b5b73f1,我先不说苹果好坏，我要先给我同姓的本家兄弟点3万2千个赞，帮我从一楼送到六楼，这样的好员工，是不是应该?！苹果，也是好的！很甜，唯一小遗憾，太粉！（鸡蛋里挑骨头，当没看见！?100分给99分！）,正面,0.8,"服务,质量",,deepseek-v4-pro,2026-06-29T22:10:03
3791758f72c34704,非常好哦！很喜欢！非常好哦！很喜欢！非常好哦！很喜欢！非常好哦！很喜欢！,正面,1.0,体验,,deepseek-v4-pro,2026-06-29T22:10:03
328d1077ea715d0b,产品收到了，品相不错，还没有吃。待吃后进一步评价,中性,0.0,质量,,deepseek-v4-pro,2026-06-29T22:10:03
6ff314595b21c517,这次苹果外表很好，无碰伤，京东小哥给力，一天就到了。味道Ok，比上次山东苹果好吃，一次买了好几种水果，京东?,正面,0.9,"质量,物流",,deepseek-v4-pro,2026-06-29T22:10:20
a0f146da311f2da0,没有坏的，只是有两个特别小的，还没吃，不知道味道怎么样，应该不错吧,中性,0.2,质量,两个特别小,deepseek-v4-pro,2026-06-29T22:10:20
bb3d1e095a349b59,已多次买，脆甜，多汁，不买后悔。,正面,0.9,"质量,体验",,deepseek-v4-pro,2026-06-29T22:10:20
a8d0fb7560973a65,不错啊，跟以前买的一样，我一直都是带皮吃的。,正面,0.8,质量,,deepseek-v4-pro,2026-06-29T22:10:20
ab290b074ce3e18b,苹果香脆，包装良好，配送也快！,正面,0.9,"质量,包装,物流",,deepseek-v4-pro,2026-06-29T22:10:20
50506d9455273c79,味道不错，好吃啊，苹果正宗，味道不错，好吃啊，苹果正宗，味道不错，好吃啊，苹果正宗，,正面,0.9,质量,,deepseek-v4-pro,2026-06-29T22:10:20
45f319e2d6817fc2,味道可以，没打蜡，蛮新鲜的感觉,正面,0.8,质量,,deepseek-v4-pro,2026-06-29T22:10:20
b5e91fe315b3ef51,很好很好很好很好很好很好很好很好很好很好很好很好很好很好很好很好很好很好很好很好很好很好很好很好很好很好很好很好很好很好很好很好很好很好很好很好很好很好很好很好很好很好很好很好很好很好很好很好很好很好很好很好很好很好很好很好很好很好很好很好很好很好很好很好很好很好很好很好很好很好很好很好很好很好很好很好很好很好很好很好很好很好很好很好很好很好很好很好很好很好很好很好很好很好很好很好很好很好很好很好很好很好很好很好很好很好很好很好很好很好很好很好很好很好很好很好很好很好很好很好很好很好很好很好很好很好很好很好很好很好很好很好很好很好很好很好很好很好很好很好很好很好很好很好很好很好很好很好很好很好很好很好很好很好很好很好很好很好很好很好很好很好很好很好很好很好很好很好很好很好很好很好很好很好很好很好很好很好很好很好很好很好很好很好很好很好很好很好很好很好很好很好很好很好很好很好很好很好很好很好很好很好很好很好很好很好很好很好很好很好很好很好很好很好很好很好很好很好很好很好很好很好很好很好很好很好很好很好很好很好很好很好很好很好很好很好很好很好很好很好很好很好很好很好很好很好很好很好很好很好,正面,1.0,质量,,deepseek-v4-pro,2026-06-29T22:10:20
ce3122196278dc2c,很一般，好小个，皮厚，不过味道还不错,中性,-0.2,质量,"好小个,皮厚",deepseek-v4-pro,2026-06-29T22:10:20
4c45e612fd2aac61,上海四十度的天，很快送到感谢快递小哥！,正面,0.9,"物流,服务",,deepseek-v4-pro,2026-06-29T22:10:20
9bf2b3e8caa06283,非常好吃，比较划算，个头不算大，实惠啊，分享给大家吃很好哦,正面,0.8,"质量,价格",,deepseek-v4-pro,2026-06-29T22:10:47
aee7a1984873b3f7,京东就是快，23号买24号就到，刚好平安夜。,正面,0.9,物流,,deepseek-v4-pro,2026-06-29T22:10:47
bed107efc8893ddc,在京东买了几次的水果，这次是最不满意的，有几个都有了烂的迹象,负面,-0.7,质量,水果有烂的迹象,deepseek-v4-pro,2026-06-29T22:10:47
6f614d9ab90499d7,物美的苹果，真心好吃。京东不错,正面,0.9,"质量,体验",,deepseek-v4-pro,2026-06-29T22:10:47
529414a585f2b908,苹果很好，?，几乎一样大，酸酸甜甜的。很硬。我们这买不到这样的。,正面,0.8,质量,,deepseek-v4-pro,2026-06-29T22:10:47
621e2b52588f54ff,苹果看着不错挺新鲜的，搞活动的时候买的相对比超市里便宜得多，就是里面有几个坏的希望京东以后在包装上改善一下！,中性,0.1,"质量,价格,包装","有几个坏苹果,包装需要改善",deepseek-v4-pro,2026-06-29T22:10:47
9f744494c3c160bf,很甜，是脆的那种。大多数都比较好，就是有几个有瑕疵，到的时候没发现，过几天就有点焉了，然后坏的就出现了。坏的还挺快的,中性,-0.1,质量,"部分苹果有瑕疵,很快变坏",deepseek-v4-pro,2026-06-29T22:10:47
6e3890190116066a,没豆也评。一般一般，胜在性价比高了。苹果季节已过了。,中性,0.2,"价格,质量",,deepseek-v4-pro,2026-06-29T22:10:47
09bcfbbb702de429,第一次在京东上买水果 还不错 新鲜,正面,0.7,"质量,体验",,deepseek-v4-pro,2026-06-29T22:10:47
55edaf7d3c279708,送过来还冷的，爽口，好吃，就是不够甜，再甜点就好啦,正面,0.5,质量,,deepseek-v4-pro,2026-06-29T22:10:47
9b38db2b3d777723,真的很棒，一次性买了四盒，鲜脆可口棒棒的～京东的物流也是特别特别迅速，优质～,正面,0.9,"质量,物流",,deepseek-v4-pro,2026-06-29T22:11:12
0dfa51578c082b41,苹果很甜，够脆 ，妈妈说好吃，有两个坏果，申请售后，很快客服来电就解决了，返回京豆，点个赞！,正面,0.8,"质量,售后",,deepseek-v4-pro,2026-06-29T22:11:12
9599552157606f7e,几年前逛京东还不是那么的信任京东，现在信赖首选京东，默默哒一直看着它一年一年发展的越来越好，心里也在为京东发展壮大而加油打气。为什么我喜欢京东购物，因为可以当天买自己喜欢的商品，明天就可以到达客户的家中，为什么我所有的评价都相同，因为在京东买的东西太多太多，商品积累的太多没有评价，最佩服的，还是京东物流，有时晚上11点前动动手指，购买的商品，第二天上午就送到单位或者家里，还可以刷卡付款。【我是湖北省～孝感市】自营的商品挺有保证，售后，有问题打专属客服热线。客服很赞，一句话的事儿，直接上门取件退，上门更换新商品，家电有价保，一个月退货，半年换货，实体店儿弱爆了，根本没有竞争力与京东相提并论；比老家的商铺街上的价格省了一大截票子哈，宝宝平时基本不逛街，在家逛京东商城就能买到合意的超值商品，有些明显比超市还划算，而且还一模一样的吃喝生活用品哟，小宝贝们快来选购吧！既省钱，又节省时间，永远支持信誉商家《京东》。,正面,1.0,"物流,服务,售后,体验",,deepseek-v4-pro,2026-06-29T22:11:12
0ea625ac813ad544,京东的生鲜，苹果，烟台的一般吧没有陕西的好吃，苹果有点软，其他都还好吧，一般般,中性,0.0,质量,苹果有点软,deepseek-v4-pro,2026-06-29T22:11:12
c0d3ad82b5656cd9,快递员服务很好，苹果看来很新鲜?,正面,0.9,"服务,质量",,deepseek-v4-pro,2026-06-29T22:11:12
a07705acaffd9539,不错不错，苹果看起来很安好，我很喜欢室友们哇的声音，嘿嘿嘿,正面,0.9,"质量,体验",,deepseek-v4-pro,2026-06-29T22:11:12
ab415dd8b3aefe2c,苹果很新鲜，京东自营的送货就是快！,正面,0.95,"质量,物流",,deepseek-v4-pro,2026-06-29T22:11:12
387e090f7b2a7449,个头可以。汁多，甜。价格还算可以吧。京东的冷链技术还是很不错的。相信京东的品质。PLUS会员啦！,正面,0.85,"质量,价格,物流",,deepseek-v4-pro,2026-06-29T22:11:12
1617b01358a97142,苹果好小个，不靓，和图片比差好远啊，又青又小，所幸吃起来还行，这么丑的苹果，应该是没打药没打蜡吧,中性,-0.2,质量,苹果个头小，外观不佳，与图片不符,deepseek-v4-pro,2026-06-29T22:11:12
f46da900314cb633,物流快，服务态度很好，水果不错，下次再买！,正面,0.9,"物流,服务,质量",,deepseek-v4-pro,2026-06-29T22:11:12
306214784df3760c,果还行 外观看着不错 正在洗 一会儿尝一下 追评,正面,0.5,"质量,体验",,deepseek-v4-pro,2026-06-29T22:11:34
f3353b9b56fc1573,苹果比较脆，但是不甜偏酸还是糖心苹果好吃。,负面,-0.4,质量,不甜偏酸,deepseek-v4-pro,2026-06-29T22:11:34
98169d0987b3f9bd,质量非常棒，很新鲜，京东快递小哥服务态度也非常好！,正面,0.9,"质量,服务",,deepseek-v4-pro,2026-06-29T22:11:34
7a41edf43942e94a,加入了京东会员，变成plus后买了这个苹果，一般外面买至少四块一个，这里20多12个，质量也不错，非常甜，物流给力，当天就到了，赞?,正面,0.95,"价格,质量,物流",,deepseek-v4-pro,2026-06-29T22:11:34
66b421106000e361,这种苹果已经买过多次了，水分多，甜酸可口。头天晚上下单，第二天东西就送来了，京东的服务一如既往，很满意。,正面,0.9,"质量,物流,服务",,deepseek-v4-pro,2026-06-29T22:11:34
c7a401c5896ed738,水果很新鲜，像新摘下来一样，酸甜可口，就是个头有点小,正面,0.7,质量,,deepseek-v4-pro,2026-06-29T22:11:34
9e4048c46bea62fb,味道酸甜可口，就是个头稍小一些，不过很好吃。京东送货速度很快，非常满意。,正面,0.85,"质量,物流",,deepseek-v4-pro,2026-06-29T22:11:34
29eb5ab61d523520,京东商城的商品质量还可以，比较满意。,正面,0.6,质量,,deepseek-v4-pro,2026-06-29T22:11:34
76dae6e8163bf3e4,送货速度快，很好，很新鲜，有一个烂了，不过很快解决很好,正面,0.5,"物流,质量,售后",,deepseek-v4-pro,2026-06-29T22:11:34
f93b133afc7dd51c,很划算，质量很好很好，包装也美，过节送礼超级合适哦哦。比实体店的苹果价格便宜，苹果个头也大，颜色漂亮，水份足，超级喜欢在京东买东西，放心实惠快速！ 买了好几次了，橙子也很甜。,正面,0.95,"价格,质量,包装",,deepseek-v4-pro,2026-06-29T22:11:34
2aa8a27a8375b06e,京东服务一如既往，物流及购物体验完胜竞争对手。,正面,0.9,"物流,服务,体验",,deepseek-v4-pro,2026-06-29T22:11:55
4a151ba757c94537,包装严实，物美价廉，口感很好，值得购买！！！,正面,1.0,"包装,价格,质量",,deepseek-v4-pro,2026-06-29T22:11:55
36848a16332106cb,一直从这里买水果，方便快捷，香甜可口，省了我们去超市的时间，有宝宝了更不能出门了。,正面,0.9,"质量,物流,体验",,deepseek-v4-pro,2026-06-29T22:11:55
4acf5f687b1b1d17,苹果确实新鲜，昨天购今天早就收到了，非常满意。,正面,1.0,"质量,物流,体验",,deepseek-v4-pro,2026-06-29T22:11:55
efd90e9aa5f6b65c,很好很好很好很好很好很好很好很好很好很好很好很好很好很好很好很好很好很好很好很好很好很好很好很好很好很好很好很好很好很好很好很好很好很好很好很好很好很好很好很好很好很好很好很好很好很好很好很好很好很好很好很好很好很好很好很好很好很好很好很好很好很好很好很好很好很好很好很好很好很好很好很好很好很好很好很好很好很好很好很好很好很好很好很好很好很好很好很好很好很好很好很好很好,正面,0.8,体验,,deepseek-v4-pro,2026-06-29T22:11:55
9fe52b19df3f5394,好好好，就仨个字，到货就吃一个好吃也蛮大个的，真的好喜欢好喜欢哦，过年送朋友和自己吃都是不错的，吃完还来这家店买！值得拥有！,正面,1.0,"质量,体验",,deepseek-v4-pro,2026-06-29T22:11:55
584e603ebe8e42c0,不错不错，很新鲜，还比较实惠，之后会接着买，红红火火,正面,0.9,"质量,价格,体验",,deepseek-v4-pro,2026-06-29T22:11:55
28131953195b8ce6,包装很好，一个都没有坏。拿回来，小孩就吃了一个。不错，味道很好。,正面,0.9,"包装,质量",,deepseek-v4-pro,2026-06-29T22:11:55
6ae06c8f0bb74ad8,非常满意的一次网购，快递很准时。说几点到就几点到。包装很牢固，货物很新鲜，咬一口又脆又甜。比附近的超市好还便宜。,正面,1.0,"物流,包装,质量,价格,体验",,deepseek-v4-pro,2026-06-29T22:11:55
7b52e244212df71e,水份很足，口感脆，比较清甜，好吃,正面,0.9,质量,,deepseek-v4-pro,2026-06-29T22:11:55
3678145c04ac698e,送货很快，包装很严实，没有任何损坏，就是没有想象的那么大，不过味道不错，很脆很甜,正面,0.8,"物流,包装,质量,体验",,deepseek-v4-pro,2026-06-29T22:12:20
60f5b67e25776cfe,第二次买水果了，快递小哥让当面检查，发现都是新鲜的，而且苹果口感也不错。,正面,0.9,"服务,质量,体验",,deepseek-v4-pro,2026-06-29T22:12:20
d715eb1737588aed,有点贵 ，苹果感觉有点小，酸甜适中，做为圣诞平安果,中性,-0.2,"价格,质量,体验","价格贵,苹果太小",deepseek-v4-pro,2026-06-29T22:12:20
77a8644bf4e06141,第一次尝试在网上购买水果，自营速度确实快啊，品质虽然没达到100%满意，但比超市还是要强出很多啊，价格也比超市便宜。,正面,0.7,"物流,质量,价格,体验",,deepseek-v4-pro,2026-06-29T22:12:20
6b94de6a04139c69,赞一个，又香又甜，虽然不是很大，但是够吃，孕妇的我每一天一个，简直太幸福。,正面,0.9,"质量,体验",,deepseek-v4-pro,2026-06-29T22:12:20
390f6b0175902d0a,不错不错不错不错不错不错不错不错不错不错,正面,0.95,体验,,deepseek-v4-pro,2026-06-29T22:12:20
6c5778c2644ed430,送货很快，苹果看上去还行，偏小。还没吃，不知味道如何！,中性,-0.1,"物流,质量",苹果偏小,deepseek-v4-pro,2026-06-29T22:12:20
4508e1a6872b361b,看起来长的一般 但水分充足 很甜 个头正好 ?,正面,0.7,"质量,体验",,deepseek-v4-pro,2026-06-29T22:12:20
f410fd64d318e2d7,挺好吃的，就是太贵了，而且还小，需要个头稍微大点，这个太小了！,负面,-0.5,"价格,质量,体验","价格太贵,个头太小",deepseek-v4-pro,2026-06-29T22:12:20
6acd7f2ce77b0641,一直买的是家庭装8个的那种，凑单第一次买6个装的苹果，个头均匀，看着挺新鲜 确实比8个装的那种小一点，但愿和大的一样好吃一样好吃京东自营下午一多下单，晚上8点sssonhj送货大家，京东自营就是.。,正面,0.8,"物流,质量,体验",,deepseek-v4-pro,2026-06-29T22:12:20
cb671811666cedbe,试一下这个苹果。清甜爽脆。还可以。,正面,0.6,质量,,deepseek-v4-pro,2026-06-29T22:13:05
45aab94b2281a98a,挺好的，越来越习惯在京东消费，送货速度快，问题处理及时，不过确实也是自营的才好,正面,0.7,"物流,服务,体验",,deepseek-v4-pro,2026-06-29T22:13:05
89422e0891dcdc65,很好吃，也很划算，很愉快的一次购物,正面,0.8,"质量,价格,体验",,deepseek-v4-pro,2026-06-29T22:13:05
86652837678e972c,618买的，可能太过火爆，当天没送到，隔天才到，还是一如既往的好，这次的果子比较新鲜，但个头比之前小了点，也不知道是否足斤足两，味道挺不错，脆甜，收到就吃了两个！,中性,-0.2,"物流,质量,体验","物流延迟,果子个头较小,担心缺斤少两",deepseek-v4-pro,2026-06-29T22:13:05
fa6b8f4ee76d6f39,还没吃。相信京东 ！一如既往的快！昨晚下单 今天下午就送到了！很新鲜！,正面,0.9,"物流,质量",,deepseek-v4-pro,2026-06-29T22:13:05
b6e697f781186ea9,红红火火恍恍惚惚红红火火红红火火恍恍惚惚恍恍惚惚红红火火,中性,0.0,,,deepseek-v4-pro,2026-06-29T22:13:05
05d6d36968d0a1a7,买给儿子吃的 第二次来买 爽爽甜甜 儿子喜欢吃,正面,0.8,质量,,deepseek-v4-pro,2026-06-29T22:13:05
d999669487647b9d,很好吃！我很喜欢买了很多！吃完了再来……,正面,0.9,质量,,deepseek-v4-pro,2026-06-29T22:13:05
cc62bdce52aa0bef,一直喜欢吃苹果，连续购买好几次了，脆甜，新鲜。下次还会光顾。,正面,0.9,"质量,体验",,deepseek-v4-pro,2026-06-29T22:13:05
3086e928c12d9175,新鲜，甜美，运输超快，冷链输送，吃时还凉凉的昵！,正面,0.9,"质量,物流,包装",,deepseek-v4-pro,2026-06-29T22:13:05
16076d719eb0fe73,物流很给力，包装完好，宝贝很干净，物流小哥态度很好，宝贝挺好的，相信京东！,正面,0.9,"物流,包装,服务,质量",,deepseek-v4-pro,2026-06-29T22:13:27
640e7934b4845a90,好好好好好，一直在京东购物，质量有保障,正面,0.9,"质量,体验",,deepseek-v4-pro,2026-06-29T22:13:27
a660e13a47b440d3,送货速度真的快，商品质量不错。,正面,0.8,"物流,质量",,deepseek-v4-pro,2026-06-29T22:13:27
020e4134b8ee00bf,苹果蛮好吃，水分也可以就是个别苹果如图，明显是发货前没检查,中性,-0.1,"质量,服务","发货前未检查,个别苹果有问题",deepseek-v4-pro,2026-06-29T22:13:27
fdb81e199d3a60e5,好吃好小。好精致。好好好个屁屁。,负面,-0.6,质量,"苹果太小,虚假好评",deepseek-v4-pro,2026-06-29T22:13:27
90e67e0cf8feac08,看上去还不错不知道味道怎么样等吃了再说,中性,0.0,质量,,deepseek-v4-pro,2026-06-29T22:13:27
6c8acda10cbf11d2,大小刚刚好，一口一个送货上门，服务态度好，下次还想来。味道很好，很甜很脆,正面,0.95,"物流,服务,质量,体验",,deepseek-v4-pro,2026-06-29T22:13:27
a267624281066c85,还没开吃，但是应该会很好的，相信京东，????苹果好大一个！,正面,0.7,"质量,体验",,deepseek-v4-pro,2026-06-29T22:13:27
2be9b776901d720a,苹果在挂羊头卖狗肉，与实物严重不符，我收到货，打来一看，好些个烂的，枯萎疲劳的苹果，与买家沟通没有回答，请大家误上当！！！！,负面,-0.9,"质量,售后","实物不符,烂苹果,沟通无回应",deepseek-v4-pro,2026-06-29T22:13:27
543e6a350b0459bf,包装太随意，一半碰坏了，再不买了！,负面,-0.8,"包装,质量","包装随意,商品损坏",deepseek-v4-pro,2026-06-29T22:13:27
59547832279c6512,买来就是烂的，怎么吃？虽然发货很快，隔天就到，但也不至于这样吧？,负面,-0.7,"质量,物流",产品腐烂,deepseek-v4-pro,2026-06-29T22:13:54
4e22ec3d7979f668,不好吃，很酸，品相差，价格太贵了，不推荐。,负面,-0.8,"质量,价格","口味酸,品相差,价格高",deepseek-v4-pro,2026-06-29T22:13:54
5c8c0d2123d481d1,文字介绍和图片说的过了，实际情况很不好，苹果基本都是次品一个个歪瓜裂枣样。发货速度也很慢。就是服务态度和包装不错。还是不值得购买。,负面,-0.6,"质量,物流,服务,包装","产品次品,发货慢",deepseek-v4-pro,2026-06-29T22:13:54
191eae43acb45df9,这就是上市公司品质，花纹看起来不错，但外观很不新鲜，果小，偏酸还有好多是撞坏了,负面,-0.7,质量,"不新鲜,果小,偏酸,撞坏",deepseek-v4-pro,2026-06-29T22:13:54
5f32345827358241,听朋友说在京东买水果很新鲜、没想到我第一次购水果是这种情况：6月18日下单、27日收货、水果已不新鲜、物＇流体现21日已到福州站、不知哪个环节滞留 ?现上传坏果、请客服查 (坏果、水果尺寸不符，大小不一）,负面,-0.7,"质量,物流,售后","物流滞留,水果不新鲜,坏果,尺寸不符",deepseek-v4-pro,2026-06-29T22:13:54
b3975d98d8806cad,还没收到货，怎么就自动确认收货了？什么鬼,负面,-0.8,物流,"未收到货,自动确认收货",deepseek-v4-pro,2026-06-29T22:13:54
58bd4acb129ef476,一点点大，什么东东，好差的苹果，这有庆子哪么大,负面,-0.7,质量,"果小,质量差",deepseek-v4-pro,2026-06-29T22:13:54
7d9702a06946b0e8,火龙果不新鲜，还不如在超市买的，很失望。,负面,-0.6,质量,不新鲜,deepseek-v4-pro,2026-06-29T22:13:54
007bc67cd84ce4e3,买回来的苹果全部磕坏了， 放了一天全烂了。肯定是物流暴力引起的 到的时候箱子都烂了里面的苹果?可想而知。只有速度没有质量的京东 白搭。大家谨慎购买。,负面,-0.9,"质量,物流,包装","物流暴力,包装破损,苹果磕坏",deepseek-v4-pro,2026-06-29T22:13:54
5003391f43672f71,上当了，上当了。这个火龙果是迷你型号的。不会有下次了。,负面,-0.7,质量,尺寸过小,deepseek-v4-pro,2026-06-29T22:13:54
9b0e6367f4fdc5c3,包装可以。这个苹果我只想说两个字，垃圾，比超市下班时卖的还差，还红富士呢，京东快递还是一流，一颗心给快递,负面,-0.8,"质量,物流,包装",苹果质量差,deepseek-v4-pro,2026-06-29T22:14:22
381374c2996fab52,这苹果，没一个是翠的，每一个都是坏的，都秧了还拿出来卖，可笑,负面,-0.9,质量,苹果全是坏的，不新鲜,deepseek-v4-pro,2026-06-29T22:14:22
c6556935fdf5e77a,苹果不新鲜，有4~5是皱皮的。你说碰坏还好说，竟然是不新鲜。对京东生鲜开始怀疑了质量。申请退货。,负面,-0.7,"质量,售后",苹果不新鲜，皱皮,deepseek-v4-pro,2026-06-29T22:14:22
d302500492fe2e4c,到货全都坏了，时间又久，还是不能买,负面,-0.9,"质量,物流","商品全部损坏,物流时间长",deepseek-v4-pro,2026-06-29T22:14:22
d314b19a38099cd1,看着不好，四个不超过4斤，有蔫了的 不熟的 磕伤的，三个不好，价格不低，不建议买，还是去原来的电商买吧。,负面,-0.6,"质量,价格,体验","苹果质量差，有蔫、不熟、磕伤,价格不低",deepseek-v4-pro,2026-06-29T22:14:22
4cd5714b1379954b,表面看起来不错，去了皮伤痕累累的，应该是碰撞造成的。开始吃了两个发现有问题申请售后，没有到后来吃完了每个都那样。,负面,-0.7,"质量,售后","苹果内部伤痕累累,售后未解决问题",deepseek-v4-pro,2026-06-29T22:14:22
3b7091425357038b,买了两件，一件三个，一共六个。烂了五个，只剩下一个好的。这次真的超级不满意。,负面,-1.0,质量,苹果大部分腐烂,deepseek-v4-pro,2026-06-29T22:14:22
ecfc5e98a1cf3a88,这个到货就这样，让我情何以堪。。。。。非常不新鲜，表皮都已经开始烂了，这样的水果都给我送来。。。。,负面,-0.9,质量,水果不新鲜，表皮腐烂,deepseek-v4-pro,2026-06-29T22:14:22
02629c0c213258f0,拳头大小的火龙果能称之为大果吗？！！不会再买。,负面,-0.5,"质量,体验",火龙果太小，不符合大果描述,deepseek-v4-pro,2026-06-29T22:14:22
758a2543a8145fa1,已经吃了几天 本来是不想评价了 但是越吃越来气 大小不一没关系 关键这苹果一个比一个蔫儿水分特别少 一点新鲜劲儿都没了 吃起来虽没有味同嚼蜡那么夸张 但是干儿干吧的实在难吃 网上买水果还是得慎重啊,负面,-0.8,"质量,体验",苹果不新鲜，水分少，口感差,deepseek-v4-pro,2026-06-29T22:14:22
4cf6a0568c2c2795,水果挺好吃，京东不是送货上门吗，还叫家里老人下楼来取，什么xxxxxx,负面,-0.6,"物流,服务",未送货上门,deepseek-v4-pro,2026-06-29T22:14:39
6907fd28a90157e4,已经打电话给消费者服务热线了，奶粉已经过去快一年了还好意思卖，小孩对奶粉过敏如果吃这个过去这么久的奶粉出问题，你们京东负责吗？1、要求换货，客服说就算换也没办法保证生产日期；2、那我问我要退货，客服说产品在保质期内，不能退。那我请问，如果你们发一个明天就到期的产品过来，今天还在保质期内，也不能换吗？哪有这样强买强卖的，草菅人命。你们的小孩是吃快过期奶粉长大的吗？,负面,-0.9,"质量,服务,售后","临期奶粉,客服拒绝退换,强买强卖",deepseek-v4-pro,2026-06-29T22:14:39
e4cd18c6ad93de55,差评！苹果一点都不脆，第二个苹果还烂了！垃圾！！！,负面,-0.8,质量,"口感不脆,腐烂",deepseek-v4-pro,2026-06-29T22:14:39
7eae21109b48943d,不好吃，有几个发霉了，有两个超级迷你，还有可能在冰箱里放久了，上面都是水珠，并且吃起来一点都不甜,负面,-0.7,质量,"发霉,个头太小,不甜",deepseek-v4-pro,2026-06-29T22:14:39
f19eb8c651c01d24,看到评论说很好才来买，但我买的很差，很不新鲜，已经变味了，很难吃，有一个皮上已经变质发霉了。,负面,-0.8,质量,"不新鲜,变味,发霉",deepseek-v4-pro,2026-06-29T22:14:39
6131c3a5b4fa73b8,太令人失望了，苹果特别小，质量不好，大大的失望。,负面,-0.6,质量,"个头小,质量差",deepseek-v4-pro,2026-06-29T22:14:39
289881091bbb0c20,这个约一点一公斤差得太多了、商家要做实事、不要做假,负面,-0.5,质量,重量不足,deepseek-v4-pro,2026-06-29T22:14:39
19dd60d6b52dada0,很少在京东飞龙东西后评价，但是这次的火龙果让我惊呆了，也太小了，照相还有放大的功能，不值这个价钱,负面,-0.5,"质量,价格","个头太小,价格不值",deepseek-v4-pro,2026-06-29T22:14:39
ff44e5bb498250e1,有种被骗的感觉，看着很好，说的也很好，收到了，连一点想吃的欲望都没有,负面,-0.6,体验,"实物与描述不符,令人失望",deepseek-v4-pro,2026-06-29T22:14:39
28b969f2a9dccbef,这苹果我只能呵呵呵了，别不信我的评论，你买了就知道了,负面,-0.4,质量,质量差,deepseek-v4-pro,2026-06-29T22:14:39
43bd2ded82e691a8,说实话，这次对京东比较失望。12个苹果有4个出现烂点。本来挺信任京东，还去开了plus会员，没想到搞个活动就是这样回报你的忠实会员。,负面,-0.8,"质量,服务","苹果有烂点,对京东服务失望",deepseek-v4-pro,2026-06-29T22:15:04
e205ebf2032aacbb,为什么10斤只有12个，说好的20-24个呢？欺骗消费者！,负面,-0.9,质量,"数量不符,欺骗消费者",deepseek-v4-pro,2026-06-29T22:15:04
1e27ff86fa3e5af3,啥也不想评论了，上图大家自己看。,负面,-0.5,质量,产品有问题,deepseek-v4-pro,2026-06-29T22:15:04
b48c717f30a2ede7,第一次在网上买水果！有点小失望！不新鲜。。以后,负面,-0.6,质量,水果不新鲜,deepseek-v4-pro,2026-06-29T22:15:04
5c42e1924dd7ccbc,看到有人问2个烂了怎么办，我收到的3个都是烂的！！！！擦，坚决差评！！！！,负面,-0.95,质量,苹果腐烂,deepseek-v4-pro,2026-06-29T22:15:04
713a47159fd56e10,什么苹果来的，无味又生，还有些苦味，太差了。,负面,-0.8,质量,"无味,生,苦味",deepseek-v4-pro,2026-06-29T22:15:04
8fa24819f8dbc3db,失望，不好吃不好吃不好吃，重要的说三遍，又酸又涩。不如公司买的苹果酸甜的,负面,-0.8,质量,"口感差,酸涩",deepseek-v4-pro,2026-06-29T22:15:04
02d7e3af0b9c3885,买了一箱六个，冻坏了，不新鲜，快递三天才到货，再也不在京东买水果了。,负面,-0.9,"质量,物流","水果冻坏,快递慢",deepseek-v4-pro,2026-06-29T22:15:04
4b8aa813044782df,不知道是为什么就是为了凑运费才买的。买完之后才发现这个还要单独付运费。退货还要连其他的一起退。差评,负面,-0.7,"价格,售后","额外运费,退货麻烦",deepseek-v4-pro,2026-06-29T22:15:04
910c411c421ea54b,这个差评是给京东客服和售后的，做为京东的钻石plus会员，这两年给人的购物体验极差，大家看图吧，椰子有刀疤被刻意挡了，已经开始变质了，说好的赔偿都是睁眼忽悠，这样的事京东也干的出来，分分钟想逼人骂脏话，做不到好的服务就不要各种吹嘘，还什么什么“尊贵的plus会员”“专属客服”，真的！想吐！！！！想想这几年在京东隔三岔五的买东西，如此信任京东，只想说一句京东你好意思吗？？！,负面,-1.0,"质量,服务,售后,体验","椰子变质,客服售后差,购物体验极差,赔偿忽悠",deepseek-v4-pro,2026-06-29T22:15:04
95ecd2384d33c22f,这次买的苹果真差劲，都是碰伤的，有的都烂了，上次很好，这次很垃圾，能不能整点靠谱的生鲜，真是不爽，再也不买了,负面,-0.9,质量,苹果碰伤腐烂,deepseek-v4-pro,2026-06-29T22:15:27
610840acdbf22aac,都烂完了， 包装太差了，都没有保鲜袋，水果基本上都烂了,负面,-0.9,"质量,包装","水果腐烂,包装无保鲜袋",deepseek-v4-pro,2026-06-29T22:15:27
dac8100c1a695231,第一次在京东购买苹果，懵逼了见到了有史以来最小的苹果，和一个普通鸡蛋大小差不多，照片中和一个梨子比大家可以知道苹果大小，其他不说了，本想拒绝收货的，最后还是以自己的经历和大家分享,负面,-0.7,质量,苹果尺寸过小,deepseek-v4-pro,2026-06-29T22:15:27
d16a8bf45eed8c38,我好像没有收到这个货呀，怎么都已经签收了呢？,负面,-0.6,物流,物流签收异常,deepseek-v4-pro,2026-06-29T22:15:27
e9c5db7c9b7ff040,此次来的果跟之前订的完全不一样！根本不新鲜，失望,负面,-0.7,质量,水果不新鲜,deepseek-v4-pro,2026-06-29T22:15:27
02043bc598845809,停止在京东水果，太小了。太缺德了，太欺负人了，大家都来看看。,负面,-0.9,质量,苹果尺寸过小,deepseek-v4-pro,2026-06-29T22:15:27
36f7aadb673015f5,苹果非常差劲，个头小，吃不来不甜，也不脆。,负面,-0.8,质量,苹果小且不甜脆,deepseek-v4-pro,2026-06-29T22:15:27
d9d54c2820acd86a,苹果吃起来很一般，果肉颜色较黄，卖相不好，包装里隔开苹果纸条味道很重，我老婆一刻也受不了，不建议再次购买…,负面,-0.7,"质量,包装","果肉外观差,包装有异味",deepseek-v4-pro,2026-06-29T22:15:27
392521a15aab3642,买两个一个烂掉了，一个快烂了！卧槽真想骂人！,负面,-0.9,质量,苹果腐烂,deepseek-v4-pro,2026-06-29T22:15:27
71f5587c80b7d339,差评，太差了。 苹果怎么能这么甜，这么多水。挺好吃的，有些苹果受了些皮外伤但没大碍。挺好吃的。 （所以选择给差评，一般买到好的我都给差评，?，下次一定再来）一共18个苹果每个都很大真的，买了才知道，祝有好客源o。,正面,0.8,"质量,体验",,deepseek-v4-pro,2026-06-29T22:15:27
5fb183921a7f0353,我想说以后咱不能以个卖吗？这个头也太小了！一口就吃完了,负面,-0.5,"质量,价格",个头太小,deepseek-v4-pro,2026-06-29T22:15:54
81a2d7ed35164722,超级难吃。一箱五个。半个月了，就切开了两个。根本没法吃，超级酸，特级苦！长这么大，吃过的最难吃的柚子！,负面,-0.9,质量,"超级酸,特级苦,难吃",deepseek-v4-pro,2026-06-29T22:15:54
64991b181205a6f2,"我对你们这家店一直是持肯定的态度,抱以希望,并想长期购买你们的苹果,而且推荐亲朋好友购买,所以我这是第3次购买了.但是这次令我大失所望,苹果实在太小了吧,大多数比鸡蛋大不了多少,怀疑份量不知道够不够,太令我失望了,另外我想提醒大家没有标注规格和分量的水果请谨慎下单.",负面,-0.7,"质量,体验","苹果太小,怀疑份量不足",deepseek-v4-pro,2026-06-29T22:15:54
4944a94d6fbfa7d2,3个烂了俩，吃了一个全扔了 再也不买了,负面,-0.8,质量,水果腐烂,deepseek-v4-pro,2026-06-29T22:15:54
09b3b56e2df4e281,火龙果酸了，运到就烂掉了，没有一点用处，垃圾烂掉了也卖给我，一点道德也没有，还不能退货处理。只能收下，认倒霉,负面,-0.9,"质量,售后","火龙果酸烂,不能退货",deepseek-v4-pro,2026-06-29T22:15:54
9338ee2cf0350ccd,苹果很小，没有一点甜味，我怀疑买到了假苹果，差评！??????,负面,-0.7,质量,"苹果太小,没有甜味",deepseek-v4-pro,2026-06-29T22:15:54
b6e0c1a4e65a789c,苹果口感甜度都不错，有7个都有小烂了一个苹果只有一半多点吃，不如线下买，图片就赖得照了,中性,-0.2,"质量,体验",部分苹果烂了,deepseek-v4-pro,2026-06-29T22:15:54
3fb772c61cf0643b,直接发来坏的 还特别特别小 还不如去水果店买了,负面,-0.7,"质量,物流","水果坏了,特别小",deepseek-v4-pro,2026-06-29T22:15:54
5a59db9f682b0cc3,才吃了2个就有一个坏的，外面好好的，里面烂了，一分钱一分货……,负面,-0.6,"质量,价格",内部腐烂,deepseek-v4-pro,2026-06-29T22:15:54
519153a0d3bc31da,苹果内部怎么会这样？？？买了两次都这样，无语，真垃圾,负面,-0.8,质量,苹果内部坏掉,deepseek-v4-pro,2026-06-29T22:15:54
84022f16ea710e2b,削开第一个平果就是烂的，买了3种水果，没有一种新鲜，都是放仓库很久了,负面,-0.9,质量,"水果腐烂,不新鲜",deepseek-v4-pro,2026-06-29T22:16:21
43e84d76e1c9ce7f,这就是国产火龙果呀？非逼我不支持国货呀！难吃,负面,-0.8,质量,"难吃,品质差",deepseek-v4-pro,2026-06-29T22:16:21
524a77fc0962fa0d,太小了吧！ 比鸭蛋大点有限 火龙果外皮还有一点坏 离家远 也不想换了 快递员态度很好 也不想麻烦人家了 刚吃味道一般 没有超市买的好 超市买的 又甜还大口感也好 差查查查查查查,负面,-0.6,"质量,物流","果子太小,外皮有伤,味道一般",deepseek-v4-pro,2026-06-29T22:16:21
cd0d3f7abfcf6a8c,不推荐，没有一个不带伤的！我也是服了！强烈不推荐购买,负面,-0.9,质量,水果有伤,deepseek-v4-pro,2026-06-29T22:16:21
eb4a5ff5a16b0010,什么新鲜水果，纯粹就是软的，一个还坏了，还不如去水果超市买,负面,-0.8,质量,"水果软,不新鲜,有坏果",deepseek-v4-pro,2026-06-29T22:16:21
06dc5115260235e3,这次的苹果，我必须要说一下，苹果吃起来有一种说不出来的味道，孩子说像加了洗洁精，我觉得仿佛有股药味，我拿一个外观很好的苹果放在桌子上，半天的功夫出现两块斑点，这样的苹果有点害人呀，请商家自查,负面,-0.9,质量,"有异味,出现斑点",deepseek-v4-pro,2026-06-29T22:16:21
a6f21589c0c70f1e,京东超市前几天发了满198减100的优惠券，立刻就上超市里来抢购洗发水了，直接五折入手，价格非常实惠，没有什么好挑剔的哈哈哈,正面,0.9,价格,,deepseek-v4-pro,2026-06-29T22:16:21
b54e19c328f442d4,香味不大，生产日期和保质期也没看过，价钱是U汇那么一点，这份量怎么感觉就是比商场的要少那么一点，这是为什么呢？,负面,-0.4,"质量,价格","香味不足,分量感觉少",deepseek-v4-pro,2026-06-29T22:16:21
ce8132f545c6c757,好评！上午忘带手机快递师傅放快递柜了还特意给发了简讯提醒。赞,正面,0.8,物流,,deepseek-v4-pro,2026-06-29T22:16:21
74925bb4758b26d9,不错不错，一直在京东买，带着孩子出门不方便，京东买了好多东西，还送货到家，超赞！,正面,0.9,"物流,体验",,deepseek-v4-pro,2026-06-29T22:16:21
e688dcc215c3505d,快递给力 产品种类齐全 超值 五星好评,正面,0.9,"物流,价格,体验",,deepseek-v4-pro,2026-06-29T22:16:47
7e570984856f2f0f,清扬用了好多回了 很不错活动买的 很划算，自营送货快，非常满意。,正面,0.9,"质量,价格,物流,体验",,deepseek-v4-pro,2026-06-29T22:16:47
fff655dbc7c12d92,帮朋友买的，她说一直用的这，用着挺好。主要还是京东速度杠杠的。不耽误使用,正面,0.9,"质量,物流,体验",,deepseek-v4-pro,2026-06-29T22:16:47
ed8232786636bca4,那么久才来评价，第二次买了，很好用，很清凉,正面,0.85,"质量,体验",,deepseek-v4-pro,2026-06-29T22:16:47
2c5cf5666b80d0f1,是一个套装盒子，看着不错，有待使用验证！,中性,0.5,"包装,质量",,deepseek-v4-pro,2026-06-29T22:16:47
c527bbd32eaaae97,多次购买了效果很好，物流也真的很给力,正面,0.9,"质量,物流",,deepseek-v4-pro,2026-06-29T22:16:47
8186f5cd7a5164d6,好多好多，不过大部分怎么都是护发素呢，还是喜欢洗发水，以买要注意了。,负面,-0.3,"质量,体验",护发素太多，洗发水少,deepseek-v4-pro,2026-06-29T22:16:47
45205f6409373f91,我没用过.不知道怎么样.别人说好我就试试.反正便宜,中性,0.0,价格,,deepseek-v4-pro,2026-06-29T22:16:47
e78bf4e30bba51b8,用了一次，味道很好闻，不过感觉头发油的更快了，该需要再用一段时间评价，618买的，128一瓶，满199减100的活动，价位比别的牌子确实贵一些，不过如果真的有效果还是值得的！,负面,-0.2,"质量,价格,体验","头发油的更快,价位偏贵",deepseek-v4-pro,2026-06-29T22:16:47
7d1d2992876a1d64,挺好用，实惠，小容量的包装方便出游，不错吧,正面,0.9,"质量,价格,包装,体验",,deepseek-v4-pro,2026-06-29T22:16:47
0d2a37c5444c6573,看起来还不错，没有用过这个修护水养的，用的都是垂坠质感的，这个特别的香，感觉还是不错的，京东快递很快，挺满意的,正面,0.8,"质量,物流,体验",,deepseek-v4-pro,2026-06-29T22:17:13
f13326fe3d609ba9,喜欢这个品牌，效果不错，味道好！,正面,0.9,"质量,体验",,deepseek-v4-pro,2026-06-29T22:17:13
e7bcd07b93ca52b8,昨天下午6点购的，第二天12点多洗发水就到了。晚上用了香味清淡。洗完头发光滑柔顺，如有需要，下次再来。给予好评。,正面,0.95,"物流,质量,体验",,deepseek-v4-pro,2026-06-29T22:17:13
f0b6f3d796d719fd,闻到这个味道基本是正品，洗头舒服，京东物流很快，谢谢京东,正面,0.85,"质量,物流,体验",,deepseek-v4-pro,2026-06-29T22:17:13
33936360775df41e,第二次买这个，超级实惠，感觉之前的买的有点贵了?这次还赠送了六小瓶试用的,正面,0.7,"价格,体验",,deepseek-v4-pro,2026-06-29T22:17:13
e030972a922685b4,东西很好，快递很快，京东超市非常好,正面,0.9,"质量,物流,体验",,deepseek-v4-pro,2026-06-29T22:17:13
acf81e037b4455c9,洗发水味道不错 洗头不错很清爽味道也不是很大,正面,0.8,"质量,体验",,deepseek-v4-pro,2026-06-29T22:17:13
e89a134384e47964,在京东买东西就是快又省钱。昨天买的。今天就到了，比超市便宜多啦！还送货上门。还加送两小瓶。,正面,0.9,"物流,价格,体验",,deepseek-v4-pro,2026-06-29T22:17:13
3ae14c69f7751c97,宝贝刚收到，包装很好，物流快，很喜欢，信任京东，会继续关注商家的,正面,0.9,"包装,物流,体验",,deepseek-v4-pro,2026-06-29T22:17:13
5adea3b49eee586f,618活动力度大，能在活动的基础上叠加神劵，各种买买买，剁手啊！送到家又便宜，有问题也能及时处理。,正面,0.85,"价格,物流,售后,体验",,deepseek-v4-pro,2026-06-29T22:17:13
60f33d8d69faf9d6,洗头水很顺滑，护发素很柔顺，都非常好，味道也很好！总之就是好。,正面,0.9,质量,,deepseek-v4-pro,2026-06-29T22:17:30
ac51c8a6d92b5754,一直在用这个牌子的洗发露，特别好，这回活动买的，特别超值,正面,0.9,"质量,价格",,deepseek-v4-pro,2026-06-29T22:17:30
397eeae6497ac394,用着还不错，还会再继续光顾的！,正面,0.7,"质量,体验",,deepseek-v4-pro,2026-06-29T22:17:30
af84bbb31e20fc72,应该用不错吧！买这么多用哈！,中性,0.1,质量,,deepseek-v4-pro,2026-06-29T22:17:30
54d6f0eb61c209f7,一直用的清扬，很好用，京东比超市便宜，送货又快，一直京东?,正面,0.9,"质量,价格,物流",,deepseek-v4-pro,2026-06-29T22:17:30
00468faad207eb2e,这套装真的很值，一直用的沙宣,正面,0.8,"价格,质量",,deepseek-v4-pro,2026-06-29T22:17:30
96b302ae71bd03cb,买的好划算啊，这么多东西，还是旗舰店，非常给力,正面,0.9,"价格,体验,质量",,deepseek-v4-pro,2026-06-29T22:17:30
97c1042294547f20,刚刚收到，很开心，价格便宜，没用过，等用完再来评价,正面,0.7,"价格,物流,体验",,deepseek-v4-pro,2026-06-29T22:17:30
6f54e24cd90fa304,数量一大堆满满一笑盒，柔软顺滑丝丝光亮更适合长发,正面,0.9,"质量,包装",,deepseek-v4-pro,2026-06-29T22:17:30
36b78a703a3888ad,包装的挺不错的，物流也很快，服务也挺好的，洗发水看起来还不错的，效果等用过了在说。,正面,0.8,"包装,物流,服务,质量",,deepseek-v4-pro,2026-06-29T22:17:30
2512d9cb53117344,已收到还是第一次在网上买这类产品，没用呢不过快递很给力啊先赞一个，以后再评,正面,0.6,物流,,deepseek-v4-pro,2026-06-29T22:17:55
d174a25b90701f75,很大一瓶，感觉划得来！就是去头屑效果不太好，可能我的头屑确实很难去，配合康王用，效果明显好多了！,正面,0.5,"质量,价格",,deepseek-v4-pro,2026-06-29T22:17:55
74d0fbd5503d6add,商品不错不错不错不错，还会再买一个，好用,正面,0.9,质量,,deepseek-v4-pro,2026-06-29T22:17:55
2a0acaff59a5f605,好好好好好好好好好好好好好好好好好好好,正面,0.95,体验,,deepseek-v4-pro,2026-06-29T22:17:55
8ca52ffea1b47342,买了2次了，挺好以后都用这个牌子的希望大家支持京东给力！,正面,0.8,"质量,服务",,deepseek-v4-pro,2026-06-29T22:17:55
47c73913d06f7104,这次赚了，还得一把这么高档漂亮的卷梳,正面,0.8,"质量,价格",,deepseek-v4-pro,2026-06-29T22:17:55
d4d0e8acfe5f0137,生产日期可以，到2020年。败家媳妇没看清，家里还有呢。?,中性,0.0,质量,,deepseek-v4-pro,2026-06-29T22:17:55
cb8ab752cbafa2a8,一直用这个牌子 很好用啊。大家都来买呗,正面,0.9,质量,,deepseek-v4-pro,2026-06-29T22:17:55
70365a980b929e9c,物超所值，搞特价买！洗发柔顺不腻，很好用。,正面,0.9,"质量,价格",,deepseek-v4-pro,2026-06-29T22:17:55
e90881521432040b,618订购大放送，质量好便宜实惠，在次期间快递也很快。赠送的赠品很实恵，再次感谢京东的平台。,正面,0.95,"质量,价格,物流,服务",,deepseek-v4-pro,2026-06-29T22:17:55
8f496c4e85806926,东西是给父母买的，本人没看到实物，只好叫他们用微信大发了几张图过来，听他们说东西用的还不错，一如既往的好评！,正面,0.8,"质量,体验",,deepseek-v4-pro,2026-06-29T22:18:15
f149199460666135,京东神券买的，半价才*。清扬用用也蛮好的，谢谢快递小哥送上门,正面,0.7,"价格,物流,体验",,deepseek-v4-pro,2026-06-29T22:18:15
ad8ca7dbc0b9b06e,快递小哥动作很迅速，服务也比较好，给你点个赞，产品质量也不错，挺好的，用起来很舒服！,正面,0.9,"物流,服务,质量,体验",,deepseek-v4-pro,2026-06-29T22:18:15
6339c0615c32b766,很不错，大品牌，趁着京东活动买了一套。物流也非常的快,正面,0.85,"质量,价格,物流",,deepseek-v4-pro,2026-06-29T22:18:15
ecc8f8e1a23b067a,第二次买了，好用，我一直都喜欢用这个牌子的洗发水，而且质量不错。,正面,0.8,"质量,体验",,deepseek-v4-pro,2026-06-29T22:18:15
4e9f8f564c550f90,物流快，价格实惠，还木有用其他没什么评价,正面,0.6,"物流,价格",,deepseek-v4-pro,2026-06-29T22:18:15
ca510db1e5a0cca2,清扬，真的很好用，这么大一个，很实惠。,正面,0.9,"体验,价格,质量",,deepseek-v4-pro,2026-06-29T22:18:15
6d0de4cd5862db1d,我为什么喜欢在京东买东西，因为今天买明天就可以送到。我为什么每个商品的评价都一样，因为在京东买的东西太多太多了，导致积累了很多未评价的订单，所以我统一用段话作为评价内容。京东购物这么久，有买到很好的产品，也有买到比较坑的产品，如果我用这段话来评价，说明这款产品没问题。,正面,0.5,"物流,体验",,deepseek-v4-pro,2026-06-29T22:18:15
01a32d48add50bec,包装挺好，京东快递速度就是快而且态度非常好，刚收到还没用，一直都用沙宣应该没问题的吧,正面,0.85,"包装,物流,服务,质量",,deepseek-v4-pro,2026-06-29T22:18:15
34ad9b68890f01e7,比我想象的小好多啊。好贵，不搞活动我肯定不会买的。,负面,-0.5,"价格,质量","尺寸比预期小,价格贵",deepseek-v4-pro,2026-06-29T22:18:15
bf5625a92d9fce36,活动买的，比****活动还便宜10块呢，关键送货速度也非常快。,正面,0.8,"价格,物流",,deepseek-v4-pro,2026-06-29T22:18:41
a16893dd7093f349,不错，京东商城服务态度很好，发货速度非常给力，物流速度非常快，不错，京东商城一直是我购物之选！！！不错，非常满意，京东商城618加油！！！618加油！！！！不错，满意！！！,正面,0.9,"服务,物流,体验",,deepseek-v4-pro,2026-06-29T22:18:41
52e97a32a9c9ce04,用沙宣真的十几年了，期间也尝试过其它的，就觉得沙宣最适合自己的发质了。京东上时不时做做活动，囤囤货，感觉挺超值的！,正面,0.9,"质量,价格",,deepseek-v4-pro,2026-06-29T22:18:41
ae53b4954654973d,老牌子了，味道非常喜欢，比超市便宜多了，快递哥超速块，一天就到家了。下次需要还l是它...,正面,0.9,"质量,价格,物流",,deepseek-v4-pro,2026-06-29T22:18:41
e1a191014b7dbb51,刚到家 还没用，封口包装也挺好的，期待用后的效果,中性,0.1,包装,,deepseek-v4-pro,2026-06-29T22:18:41
4b3996bd5eb7e39e,哇塞，太实惠了，我囤了两箱，今年足够用了，另外小瓶的旅游带着方便的很！,正面,0.9,"价格,体验",,deepseek-v4-pro,2026-06-29T22:18:41
2cb03cde13ab78ee,很喜欢，看起来就很喜欢，瓶身外就可以闻到香味，发自内心的喜欢，虽然还没有用过，但是已经想回购了。,正面,0.9,"质量,体验",,deepseek-v4-pro,2026-06-29T22:18:41
85d5c75aecd1dc3d,两个小的和大的看着一样?另外两个…算了你们看图吧。这得用多长时间,中性,-0.1,"质量,体验",大小规格不一致,deepseek-v4-pro,2026-06-29T22:18:41
462543ce0bf746af,"刚刚搬家，家附近没有大型超市，小店的质量又差价钱又贵，所有的东西都在京东上卖了，很喜欢，我家住在七楼，快递小哥一看第地址，直接帮拿到了七楼来，七楼都没有电梯，感觉很不好意思，在等待中，宝贝终于到货了，质量非常好，与卖家描述的完全一致，非常满意,真的很喜欢，完全超出期望值，发货速度非常快，包装非常仔细、严实，物流公司服务态度很好，运送速度很快，很满意的一次购物，其实物流很快的，只是等包裹的过程都很漫长，质量很好，用起来很舒服，没有瑕疵，活动时候买的，同事看了很喜欢，很划算，说下次有活动帮他看看，物美价廉，给很多个赞，活动价的",正面,0.95,"质量,物流,价格,服务,包装,体验",,deepseek-v4-pro,2026-06-29T22:18:41
240403b4b5b44183,第二次回来买了，用了感觉挺不错的！,正面,0.8,"质量,体验",,deepseek-v4-pro,2026-06-29T22:18:41
5cf43c8fb6fb8966,昨天到的，晚上用了，还好，比家里 买的好用，过几天在吗追评 吧,正面,0.5,质量,,deepseek-v4-pro,2026-06-29T22:19:00
c7ca66c580effe3a,包装完美，挺不错的，之前用过清扬的喜欢这个味道,正面,0.7,"包装,质量",,deepseek-v4-pro,2026-06-29T22:19:00
039caee058d49e5d,分量很足，比超市便宜，味道也不错,正面,0.8,"质量,价格",,deepseek-v4-pro,2026-06-29T22:19:00
f1a0a2cc977e3a48,沙宣一直用着不错，618买了个套装，两大四小，相当于五折的价钱，很实惠。,正面,0.8,"价格,质量",,deepseek-v4-pro,2026-06-29T22:19:00
c02d2ad0d235956a,挺实惠的，而且我是油性头发，所以一般的洗发水用的都不是特别要好，这个洗发水我用的感觉还挺好。还送了几瓶护发素，两瓶洗头的。如果在超市里面买，绝对没有这么便宜的价格。个人很喜欢，因为我是油性发质的头发，基本上一两天就特别特别油。而这款洗发水改变了我所有的烦恼。,正面,0.9,"价格,质量,服务",,deepseek-v4-pro,2026-06-29T22:19:00
29a8eb783782ed4c,买给老公单位奖品，真心不错又便宜，赶上618大半夜还送货，为送货师傅点赞。,正面,0.9,"价格,物流,服务",,deepseek-v4-pro,2026-06-29T22:19:00
363c1001d003fe71,很不错，这次赶上活动买的，囤货，能用上好久了，京东买东西还是有保障的…,正面,0.7,"体验,价格",,deepseek-v4-pro,2026-06-29T22:19:00
cf81a65519c6e5a1,沙宣一直是我最爱的洗发水～这次活动太给力了～真正的物美价廉,正面,0.9,"质量,价格",,deepseek-v4-pro,2026-06-29T22:19:00
806100c004252e71,买的一直都是京东的货，还是一如既往地好，没什么可挑剔的。,正面,0.8,质量,,deepseek-v4-pro,2026-06-29T22:19:00
68b8cb27582580c0,赠送的小包装赠品不少，价格也非常优惠，还是非常给力的,正面,0.8,"价格,服务",,deepseek-v4-pro,2026-06-29T22:19:00
205c6d48d8ece319,一直习惯用沙宣，感觉效果比其他的好。,正面,0.9,"质量,体验",,deepseek-v4-pro,2026-06-29T22:19:15
e1fe631f87b4e600,很实惠，比超市卖的便宜多了！,正面,0.9,价格,,deepseek-v4-pro,2026-06-29T22:19:15
196452486391fc77,还不错，东西很实惠，整体看来是十分不错的洗发水，可以购买的.,正面,0.8,"价格,质量",,deepseek-v4-pro,2026-06-29T22:19:15
746b4d3be9eeb215,还没开始用，就一个套装。应该挺合算吧，赞一个。,正面,0.5,"价格,体验",,deepseek-v4-pro,2026-06-29T22:19:15
6e7f9695c3c5a7cb,京东618购买的，性价比很高，一直用沙宣这个牌子，很好用。,正面,0.9,"价格,质量,体验",,deepseek-v4-pro,2026-06-29T22:19:15
d6aad42dfb7b68c7,很不错 朋友推荐买的 真心满意噢,正面,0.9,"体验,质量",,deepseek-v4-pro,2026-06-29T22:19:15
6d04d1091eaa31ab,质量很好，是正品，京东服务好送货及时。,正面,0.95,"质量,服务,物流",,deepseek-v4-pro,2026-06-29T22:19:15
c9e37abe99069136,货品收到了，很满意，原来使用过，不错，好评！！！,正面,0.9,"体验,质量",,deepseek-v4-pro,2026-06-29T22:19:15
b27655d146acd3fb,物流很快，当天收到货，包装严实，活动期间买的，很划算。相信京东自营,正面,0.9,"物流,包装,价格,服务",,deepseek-v4-pro,2026-06-29T22:19:15
7932f66843c3bf2a,有大有小，买了好几组，和家里人用说不错,正面,0.8,"体验,质量",,deepseek-v4-pro,2026-06-29T22:19:15
6a23db802767b7b3,第三四次买滋源生姜洗发套装了。清爽，值得信赖！满满的一大抱呵！,正面,0.9,"质量,体验",,deepseek-v4-pro,2026-06-29T22:19:37
e7f3a5e37b63a5c0,谢谢快递小哥，因为我的粗心把新换的手机号码留错了，给快递小哥带来不便，宝贝还是很喜欢的，高大上的感觉，还没用,正面,0.7,"服务,质量,体验",,deepseek-v4-pro,2026-06-29T22:19:37
22d3134558eefc71,不错 闻着挺好闻 家人点名买清扬,正面,0.8,"质量,体验",,deepseek-v4-pro,2026-06-29T22:19:37
5d909c9ea60cc3be,不错，和实体店的一样，很满意的,正面,0.9,"质量,体验",,deepseek-v4-pro,2026-06-29T22:19:37
f1d6c42fd421352f,晚上下单，上午就收到了，京东送货上门太快了！前几天刚买了一瓶洗发水，用着都说挺好，碰上京东秒杀活动，*入手好多，能用一阵子了！京东自营的东西质量杠杠的，价格也比别的平台实惠的多，现在基本没在别的平台买过东西,正面,0.95,"物流,质量,价格,体验",,deepseek-v4-pro,2026-06-29T22:19:37
e23ace6723d82197,分量足，包装好，物流快，价格优，非常棒！感谢京东！,正面,1.0,"质量,包装,物流,价格,体验",,deepseek-v4-pro,2026-06-29T22:19:37
d6474fe6ed1b7382,经常用这个牌子，这个套装很合适。,正面,0.8,"质量,价格,体验",,deepseek-v4-pro,2026-06-29T22:19:37
dfb4a108e87c676e,没啥泡泡呀，难道我打开方式不对吗,负面,-0.6,质量,泡泡少,deepseek-v4-pro,2026-06-29T22:19:37
fc90a2b6f3d09333,我买的清扬收到了，很好！我一直用这个品牌，我老公也用这个，活动还送吹风机了！不错,正面,0.9,"质量,价格,体验",,deepseek-v4-pro,2026-06-29T22:19:37
ec36fe939f2f5fbe,搞活动买的，第一次买的这么实惠，豆腐价，是正品，物流又快又好，没有任何损坏，小瓶可以作为旅行装，天热了一定要用薄荷的很爽，绝对绝对好评,正面,1.0,"价格,物流,包装,质量,体验",,deepseek-v4-pro,2026-06-29T22:19:37
a3afa72f4e7ac5fb,大品牌值得信赖，希望效果会很好！,正面,0.8,"质量,体验",,deepseek-v4-pro,2026-06-29T22:19:58
9f603b288b6669b5,还没用，看了价格比超市便宜，希望好用,正面,0.5,"价格,体验",,deepseek-v4-pro,2026-06-29T22:19:58
1be8754041da6665,京东自营就是好又快！早晨订单，下午送到。 第二次购买，送朋友的。 感谢快递员，在炎热的夏天送货！,正面,0.9,"物流,服务,体验",,deepseek-v4-pro,2026-06-29T22:19:58
3fda088405af3120,数量不少，快递也可以?。用用试试再进一步做评价。,中性,0.2,"质量,物流",,deepseek-v4-pro,2026-06-29T22:19:58
86489d5d11162987,经常做活动，这价位浮动我的小心脏都受不了了！,负面,-0.6,价格,价格浮动太大,deepseek-v4-pro,2026-06-29T22:19:58
2d9be282131fdc1e,"宝贝收到了,没想到会这么快到了,快递小哥的态度很不好,可以理解.是因为天气热吗?真的热",中性,-0.2,"物流,服务",快递员态度不好,deepseek-v4-pro,2026-06-29T22:19:58
17ac745ff64f533b,收到了，昨天晚上下单，今天中午就收到。快递给力，谢谢商家小礼品。,正面,0.7,"物流,服务,体验",,deepseek-v4-pro,2026-06-29T22:19:58
006b799b1efea012,快递很给力，就是冲着京东快递买的,正面,0.8,物流,,deepseek-v4-pro,2026-06-29T22:19:58
a51197633217b7d8,包装很好，快递很给力，昨天下单今天就送到了，还没有使用，味道闻着很舒服。,正面,0.7,"包装,物流,质量",,deepseek-v4-pro,2026-06-29T22:19:58
e6852df1500d0e44,京东服务态度必须赞，最重要的是正品，放心购买，必须支持，推荐给朋友们,正面,0.9,"服务,质量,体验",,deepseek-v4-pro,2026-06-29T22:19:58
a74ee0f68b9d3ac9,不知道这是新包装还是老包装，一共这么多东西，算起来还是蛮划算的，但是我18号下单的一直都不发货，昨天到的也不算失望,中性,-0.2,"价格,物流,包装",物流慢,deepseek-v4-pro,2026-06-29T22:20:23
9405f12142a5dfff,搞活动买的，好几瓶，物美价廉，看着应该不错，非常感谢送货员，一大早就送过来了，态度也很好，有需要还会回购。,正面,0.9,"价格,物流,服务,质量",,deepseek-v4-pro,2026-06-29T22:20:23
3e459da28c3d231e,一直用清扬不错非常好京东又快有好,正面,0.9,"质量,物流",,deepseek-v4-pro,2026-06-29T22:20:23
9b85b593bf3024f8,"沙宣好使好用，用完会再买。为快递师傅认真负责的工作点,赞",正面,0.9,"质量,服务",,deepseek-v4-pro,2026-06-29T22:20:23
65cb97e9d08edd9a,差评，承诺的吹风机没有送，单方面取消赠品。,负面,-0.9,"售后,服务",赠品未兑现,deepseek-v4-pro,2026-06-29T22:20:23
fc8246233f88f6ea,假货，和以前买的施华蔻使用感受差太多，用了以后头皮油头发打结怎么也梳不通，用了二次才评价的！我可是用飘柔都ok的健康发质，真是无语了！！,负面,-0.9,质量,"疑似假货,使用效果差",deepseek-v4-pro,2026-06-29T22:20:23
5f182d2b75db10ed,不怎么好 那个沐浴露都一团团的,负面,-0.7,质量,产品结块,deepseek-v4-pro,2026-06-29T22:20:23
ff1c97ba753209df,我居然不知道 这个全是洗发水 没有护发素,中性,-0.2,体验,缺少护发素,deepseek-v4-pro,2026-06-29T22:20:23
b28e79a764931d27,因为是用完才回来评价的，结果就用了一回，从来没有头皮屑用了后就满头发的头皮屑，立刻停止！太差劲了！,负面,-0.9,质量,引发头皮屑,deepseek-v4-pro,2026-06-29T22:20:23
c659703226ea0280,多说了，我问这俩客服洗发水为何比超市贵上*，客服立马拉黑,负面,-0.9,"价格,服务","价格虚高,客服拉黑",deepseek-v4-pro,2026-06-29T22:20:23
2bf3d70a18fe3eee,今天很生气，我几乎没有给过京东差评，但今天真的非常非常生气，所有东西全被摔破，包括手机，越来越不信任京东了，这么多人都再说货物的真假和包装问题，为什么问题确越来越多？ 老刘光顾着开幼儿园了？,负面,-0.9,"包装,质量",包装破损，货物被摔破,deepseek-v4-pro,2026-06-29T22:20:47
4c18804cd602653e,怎么没有包装呢，就连简单的塑料薄膜都没有,负面,-0.7,包装,缺少包装,deepseek-v4-pro,2026-06-29T22:20:47
9f0550b8558d2875,洗发水寄来时商标是坏掉的，瓶口那个螺旋的盖子是打开的，不知道是被用过还是质量就不好，差评,负面,-0.8,"质量,包装",商标损坏，瓶盖打开,deepseek-v4-pro,2026-06-29T22:20:47
2dfc1ebe8dc0908b,这就是车里那个鬼玩意儿，明明盖好了还会自己打开，还会自己漏出来，什么鬼东西,负面,-0.8,质量,瓶盖无法密封，泄露,deepseek-v4-pro,2026-06-29T22:20:47
4eddc81f8d1bd95e,我用了之后头发很痒，并且很柴，在京东购买很多商品了 不知道这个是不是假的,负面,-0.7,质量,使用后头皮痒、发质干枯，疑似假货,deepseek-v4-pro,2026-06-29T22:20:47
282081d53df28ad5,京东专卖垃圾货 态度差劲 垃圾 产品有问题不解决 还可牛逼 强迫退货,负面,-0.9,"质量,服务",产品质量差，客服态度差，强迫退货,deepseek-v4-pro,2026-06-29T22:20:47
7508883360fed26f,太奇葩了，买的洗护套装不见了，只收到一张发票一个赠品(梳子)，联系客服也没解决，最后快递小哥赔钱给我了，我觉得责任不在快递小哥吧，可谁来给我呢？,负面,-0.6,"物流,服务",商品漏发，客服未解决,deepseek-v4-pro,2026-06-29T22:20:47
9885f3d890fea4bb,用过以后才来评价的！一家人洗了都说头发毛躁干枯。,负面,-0.7,质量,使用后头发毛躁干枯,deepseek-v4-pro,2026-06-29T22:20:47
57b8cf43677842ec,京东越来越差了。送货很差，包装都打开了，估计是别人用过的。售后没人管。差评,负面,-0.9,"物流,包装,售后",送货差，包装打开，售后无人管,deepseek-v4-pro,2026-06-29T22:20:47
7a3114b1efb04895,怀疑是不是正品，用过之后头皮屑严重，掉头发，头痒。,负面,-0.8,质量,使用后头皮屑、掉发、头痒，疑似假货,deepseek-v4-pro,2026-06-29T22:20:47
c031338a7782dcd5,感觉和柜台上买的有差距，京东买了这么多年商品，头回感觉不像正品,负面,-0.8,质量,"疑似假货,与柜台有差距",deepseek-v4-pro,2026-06-29T22:21:06
3fd2631c0490f46a,产品还OK，就是这个包装，已经不能用一星来评价了，太垃圾的包装了，还有东西都漏出来了，我都没有拍照，如果不相信可以核实送的人员，还有居然用邮政，也是慢慢的，醉醉的,负面,-0.6,"包装,物流","包装破损,物流慢",deepseek-v4-pro,2026-06-29T22:21:06
cfe5e1f5d7ffc4aa,产品还可以，价格也比较实惠，物流速度也快。唯一的缺陷就是我原以为会送货上门的，结果是我走了快两公里才取回来，太远了，下次如果物流再这样的话我直接不要了！,负面,-0.3,"物流,服务","未送货上门,取件距离远",deepseek-v4-pro,2026-06-29T22:21:06
aeef1371e3b2a662,说多都是泪，以后不上京东了，坑人,负面,-0.9,体验,"购物体验差,感觉被坑",deepseek-v4-pro,2026-06-29T22:21:06
0f842ad4ae507300,不知道是假货还是怎么了，全家人洗了头皮屑特多，我看只能洗衣服喽,负面,-0.8,质量,"使用后头皮屑增多,疑似假货",deepseek-v4-pro,2026-06-29T22:21:06
a22dc45dc5cb0aad,二月份买的滋源，说说体验，因为用了很久所以才评论，感觉真心不是很好用，而且我买的还是适合油性发质的，洗完之后头发油油的，跟没洗一样，这点很无语，难道生产的时候都没有找人去做测试吗，不知道是不是我的发质不适合，而且卖的价钱并不便宜，感觉使用体验很差，以后不会再购买,负面,-0.7,"质量,价格,体验","洗后头发油,价格贵,使用体验差",deepseek-v4-pro,2026-06-29T22:21:06
66d2efe79a7af326,一般般一般般一般般一般般一般般,中性,0.0,体验,,deepseek-v4-pro,2026-06-29T22:21:06
77db8219d62cf8cb,简直想退货了，用了一个多月，太差了，还有一瓶都不敢用了，头皮越来越多了，还不如夏士莲好用，真心不满意，能退货吗，还有一瓶。,负面,-0.9,"质量,售后","使用后头皮增多,效果差,想退货",deepseek-v4-pro,2026-06-29T22:21:06
d69a6918e54ef2d3,刚拿到，物流超慢。第六天才送到！还有说好送的吹风机不知道送给谁了?！东西还没用不知道咋样,负面,-0.6,"物流,服务","物流慢,赠品缺失",deepseek-v4-pro,2026-06-29T22:21:06
75e869d50f6b0c86,一颗心都不想给，简直了，觉得假货，好不好用就算了，用了一次，第二天头皮就开始痒疼，过敏了,负面,-1.0,质量,"疑似假货,使用后过敏",deepseek-v4-pro,2026-06-29T22:21:06
d792bb1a4ce962d3,洗起来 很假 没错假还不让我打出来说违规 拼音代替。。超市洗起来的爽。这个跟十几块的没区别 便宜果然没好货 问客服还不回 一直弹机器人,负面,-0.8,"质量,服务,价格","质量假,客服不理人,效果差",deepseek-v4-pro,2026-06-29T22:21:32
64cc0c0ce92011e0,简直呵呵了、那几个小瓶的能够一次洗头发的、,负面,-0.5,质量,容量太小,deepseek-v4-pro,2026-06-29T22:21:32
844bcfbbe91728d9,实物没有相片上的那么大的。小瓶50ml超级小。用两次就没了。,负面,-0.6,质量,"容量太小,与图片不符",deepseek-v4-pro,2026-06-29T22:21:32
37fe84155e8cdcbf,洗了不干净，重要的是油性很大，很不满意的一次购物！！,负面,-0.8,质量,"洗不干净,油腻",deepseek-v4-pro,2026-06-29T22:21:32
654cb5a279c4ad15,假货，假货，假货，跟我在实体店买的完全不一样，气死了,负面,-0.9,质量,假货,deepseek-v4-pro,2026-06-29T22:21:32
2a87f0244576a34f,一点都不好，洗完头发，满头头皮屑，痒得不行。,负面,-0.8,质量,"导致头皮屑,头皮痒",deepseek-v4-pro,2026-06-29T22:21:32
e562829397c2bd0e,压头是坏的，一压压头就整个下去了，压不出东西来，到货的时候塑料膜有破损，漏了一点，好在家里有快用完的洗发水瓶，倒到其他瓶子里用就行了！,负面,-0.4,"包装,质量","压头损坏,包装破损,泄漏",deepseek-v4-pro,2026-06-29T22:21:32
85123351f1e577c6,不知道是什么情况，洗完头皮会发痒，头皮屑多，难道买到假货？我真不敢相信，自营店也会这样？,负面,-0.7,质量,"头皮痒,头皮屑多,疑似假货",deepseek-v4-pro,2026-06-29T22:21:32
e05c3213f4e2c8c3,用了这么久才来评价，是因为与商场购买的效果不一样，网上买的用了两天不到就油了，并且还有头屑,负面,-0.7,质量,"易出油,有头屑,效果差",deepseek-v4-pro,2026-06-29T22:21:32
b334b74583e6e1b7,我的吹风机呢，京东这样不是坑人吗，我也是618期间买的！,负面,-0.6,服务,漏发赠品,deepseek-v4-pro,2026-06-29T22:21:32
809281a26022bcd2,我的电吹风哪里去了。买的时候明明有，怎么订单配送就不发了,负面,-0.8,"物流,服务",订单配送遗漏物品,deepseek-v4-pro,2026-06-29T22:21:51
2d5af437ecffc07f,欺人，明明买的三件套装，发过来只有一件，虽然价合理，,负面,-0.7,"服务,物流",少发商品,deepseek-v4-pro,2026-06-29T22:21:51
7bc4c85e3d74bd90,包装太差了，里面的液体都流出嗲！！！,负面,-0.9,"包装,质量",包装破损导致液体泄漏,deepseek-v4-pro,2026-06-29T22:21:51
d2c647ecc045e76a,去屑不是很好 ，也就是一般般吧 。将就用,负面,-0.2,质量,去屑效果不佳,deepseek-v4-pro,2026-06-29T22:21:51
9e6a2b032cda55fc,打开包装盒，拿出来发现有些湿，原来是瓶口的塑料被撕开了,负面,-0.6,"包装,质量",瓶口塑料破损导致漏液,deepseek-v4-pro,2026-06-29T22:21:51
2a3fc32d789253f5,垃圾垃圾，包装不好泄漏出来，差评差评差评,负面,-0.9,"包装,质量",包装破损导致泄漏,deepseek-v4-pro,2026-06-29T22:21:51
4bcdf710edc5233b,配送服务 胡永利 010-87860230 北京丰台区北京芳群园站员工配送服务 胡永利 010-87860230 北京丰台区北京芳群园站员工配送服务 胡永利 010-87860230 北京丰台区北京芳群园站员工配送服务 胡永利 010-87860230 北京丰台区北京芳群园站员工,中性,0.0,"服务,物流",,deepseek-v4-pro,2026-06-29T22:21:51
c90ba5da9335e7b2,垃圾京东 什么时候也有假货了 洗发水和潘婷一样,负面,-0.8,质量,疑似假货,deepseek-v4-pro,2026-06-29T22:21:51
8a0e06ccad1a595f,不是正品。不会再买了。,负面,-0.8,质量,非正品,deepseek-v4-pro,2026-06-29T22:21:51
e6047b30ace6787b,假的，假的，不要买，洗了头屑多呀,负面,-0.9,质量,疑似假货且导致头屑问题,deepseek-v4-pro,2026-06-29T22:21:51
9f85f0c4544b8502,收到的洗发水不知道是被人用过的还是怎么回事 口是开着的 洗发液流的包装箱上都是 无语了也,负面,-0.9,"包装,质量","包装破损,疑似被使用",deepseek-v4-pro,2026-06-29T22:22:24
c6e94c2a4c510c12,京东服务差 欺诈消费者，说好的满单送东西也不送了，价格也降得快，只会欺诈消费者。买东西千万别在京东买了。,负面,-1.0,"服务,价格,售后","服务差,欺诈消费者,赠品未兑现,价格下降快",deepseek-v4-pro,2026-06-29T22:22:24
f051894c63d463bc,差评。。。。。。。全都漏出来了,负面,-0.8,包装,"包装破损,产品泄漏",deepseek-v4-pro,2026-06-29T22:22:24
07ce80d1f0715d45,压漏了一瓶，但是损失不多，就是满盒子都黏糊糊，比起丢失的施华蔻营养水，比起漏了一半的花蕾膏，这个就完全可以接受了，嗯！,中性,0.1,包装,,deepseek-v4-pro,2026-06-29T22:22:24
9420f866622c42e4,好用，京东还是比其它平台要靠谱。就是2013年自营的雅诗兰黛化妆品是假的！！瓶盖漆皮掉的满手，挤出来一滩黄水，我买的好*的都扔了！！！估计渠道有问题，是供应商的挂靠业务员搞来的假货，京东采购员也有内鬼，转手一个活动出去就是*的利润，呵呵，后来可能京东发现了有人利用它的平台卖假的问题，搞掉了那个采购问题，现在售卖的都是真的了，可客户谁来赔偿呢？又不敢承认进货审查不严，出现假货的问题，公关做得再好，我看见雅诗兰黛的化妆品，2就想起，你们售假的事实，不管你京东平台是成心的还是有极个别的采购做的，我是在你京东买到的假货啊，呵呵，网络上，甚至媒体都曝光过化妆品几个网购平台包括京东售假的问题，当年申请退货，不通过，你们的各种遮掩，现在看见真的了想起来还是气愤！！,负面,-0.7,"质量,售后,服务","售假,退货不通过,服务遮掩",deepseek-v4-pro,2026-06-29T22:22:24
efb168532bbb80fa,送货一个多月才送到，还是自营的，什么没货，，，，希望自己好好反映下，，，搞笑,负面,-0.8,物流,"送货慢,物流效率低",deepseek-v4-pro,2026-06-29T22:22:24
50ce44bb76c034a8,"商品没有用,因11.11为*第二天就成为*,而且赠品还多了一件,要求退差价,无人受理,说是货号不同....,强烈要求京东给个说法........",负面,-0.7,"价格,售后","降价不退差价,客服不处理",deepseek-v4-pro,2026-06-29T22:22:24
925c53e2d8a674bf,产品没用过，但是包装盒图片不一样，二维码扫描后显示是飘柔产品，是怎么回事？客服解释是贴错了！哎，无语！对产品完全不满意！对客服的解释也不满意！,负面,-0.8,"包装,服务,质量","包装错误,产品可疑,客服解释不当",deepseek-v4-pro,2026-06-29T22:22:24
4020b65534a6c14a,和之前买的不一样 不知道什么原因 洗完头发之后好多头皮屑 洗都洗不掉,负面,-0.9,质量,"产品导致头皮屑,质量差",deepseek-v4-pro,2026-06-29T22:22:24
75586944689f02f7,不好用 用了以后感觉头发粗糙,负面,-0.7,质量,"产品效果差,粗糙不柔顺",deepseek-v4-pro,2026-06-29T22:22:24
4ed95358b81ab33a,用了后头发特别干和毛躁，还号称多效修护？不如以前的质量好，怀疑是假货。,负面,-0.8,质量,"头发干和毛躁,效果差,怀疑假货",deepseek-v4-pro,2026-06-29T22:22:43
bc4cdecf478c819c,感觉是假的，味道比我之前在超市买的淡多了，颜色也浅些、浓度低些，比较清、泡沫也少、,负面,-0.7,质量,"疑似假货,味道淡,颜色浅,浓度低,泡沫少",deepseek-v4-pro,2026-06-29T22:22:43
8d998006ba33e242,太稀了，和兑了水一样 真的便宜没好货 其实也不便宜。太差太差,负面,-0.9,"质量,价格","质地稀薄,质量差,性价比低",deepseek-v4-pro,2026-06-29T22:22:43
4a986701696686a5,说不上是正品 效果不好 洗了不舒服,负面,-0.6,"质量,体验","非正品,效果差,使用不舒服",deepseek-v4-pro,2026-06-29T22:22:43
8db48cf6aeb85831,比想像中还小瓶，觉得有点贵了。 还不知道好用吗？ 不过，快递好快，快递小哥服务好，给五星好评！,正面,0.3,"价格,物流,服务",,deepseek-v4-pro,2026-06-29T22:22:43
6882393b15e3a29e,觉得不是正品，洗了超多头皮屑，以前在商场买的都不会,负面,-0.7,质量,"疑似假货,导致头皮屑",deepseek-v4-pro,2026-06-29T22:22:43
9b82ab6822a81ada,送货太慢了 好多天才到 闹心了,负面,-0.8,物流,"送货慢,配送时间长",deepseek-v4-pro,2026-06-29T22:22:43
dcc0553c2f142b2b,⊙o⊙)…(⊙o⊙)…(⊙o⊙)…(⊙o⊙)…(⊙o⊙)…(⊙o⊙)…(⊙o⊙)…(⊙o⊙)…(⊙o⊙)…(⊙o⊙)…(⊙o⊙)…(⊙o⊙)…(⊙o⊙)…(⊙o⊙)…(⊙o⊙)…(⊙o⊙)…(⊙o⊙)…(⊙o⊙)…(⊙o⊙)…(⊙o⊙)…(⊙o⊙)…(⊙o⊙)…(⊙o⊙)…(⊙o⊙)…(⊙o⊙)…(⊙o⊙)…(⊙o⊙)…(⊙o⊙)…(⊙o⊙)…,中性,0.0,,,deepseek-v4-pro,2026-06-29T22:22:43
f9b77873706e2a6f,跟商场的不一样，感觉这个是打回去重做的,负面,-0.6,质量,"与正品不符,质量差",deepseek-v4-pro,2026-06-29T22:22:43
f551c2c2961a8e19,相当无语的一次购物，一个订单的商品却装了三个包裹，快递员放到小区门口面馆让代收也不交代清楚。取快递时候面馆老板就给了我一个包裹，还以为发货漏发了，跟售后打了7，8次电话，过了一个礼拜告诉我还有两个包裹在面馆待着呢…… 从*粉转到京东购物就是因为京东自营物流快，结果京东物流把最后一棒交给了面馆代收点…这责任感跟职业素养显然满足不了京东物流的定位。略失望…,负面,-0.7,"物流,售后,体验","包裹分开发送,代收点问题,沟通不畅,物流服务差",deepseek-v4-pro,2026-06-29T22:22:43
d32c0a1f48449e17,洗头后头发特别特别油腻，感觉像是几天没洗头一样。,负面,-0.9,质量,洗后头发油腻,deepseek-v4-pro,2026-06-29T22:23:08
ff63c20027aa9c88,消失的那四天 差评！！！,负面,-1.0,物流,物流信息消失,deepseek-v4-pro,2026-06-29T22:23:08
d6fbb27d6e1a9840,假的，别买了，我跟媳妇都用了，头皮特别痒,负面,-1.0,质量,"产品致头皮痒,假货",deepseek-v4-pro,2026-06-29T22:23:08
3029d860d0b9df65,不得不给差评，买的和我之前用的一模一样的洗发水，我在超市买的洗完几天都不会觉得头痒，这个洗完就头痒，大家引以为戒,负面,-0.9,质量,使用后头痒,deepseek-v4-pro,2026-06-29T22:23:08
82f168863bf9b9b6,都洒在盒子里里，京东现在怎么也变成这样了啊……,负面,-0.8,包装,商品破损洒漏,deepseek-v4-pro,2026-06-29T22:23:08
c3733992bbbb4377,京东很垃圾，客服也很垃圾。,负面,-1.0,服务,客服服务差,deepseek-v4-pro,2026-06-29T22:23:08
961e77085f03d133,十号下单，20号没收到货.期间致电客服，说双十一忙，让我等，后又说帮我补发一份，19号之前到，至今无果,负面,-1.0,"物流,服务","物流延误,客服未解决问题",deepseek-v4-pro,2026-06-29T22:23:08
894c6bb8b520a138,我压根就没收到，我不知道是快递员的问题，还是我同事的问题，快递员说是公司一个女同事签收的，可是我问遍了所有女同事，都说没有收到。白花了四十多块。京东啊京东，这亏我吃了,负面,-1.0,物流,"未收到货,疑似虚假签收",deepseek-v4-pro,2026-06-29T22:23:08
087ce8632c333e0c,东西刚买了，就降价，买的时候还说是活动价格呢，没想到买完后接着就降价了，客服还让退了之后再买，东西都拆开了，怎么退了再买，第一次在京东上买东西不顺心，差评,负面,-0.9,"价格,服务","刚买就降价,客服建议不当",deepseek-v4-pro,2026-06-29T22:23:08
ba89567fea0edc92,为什么我洗完头发干枯,负面,-0.8,质量,洗后头发干枯,deepseek-v4-pro,2026-06-29T22:23:08
724b6d996b44050f,东西感觉不怎么样，不像是真的，大家不要买,负面,-0.8,质量,"质量低劣,疑似假货",deepseek-v4-pro,2026-06-29T22:23:44
63b56d7f7fa18e50,差评，要不是没办法零星一星没有，瓶盖松的很，都漏了,负面,-0.9,包装,"瓶盖松动,漏液",deepseek-v4-pro,2026-06-29T22:23:44
9706d8973cc41cba,"要退货，客服只会说是正品，反正就是不给退。如果正品这么难用，洗完头很快就痒，那也是呵呵了，看了评价才发现也很多人说洗了头痒！！！在其他地方买的都好好的，在这里买的洗护用品，都不满意，一点都不满意。快递也是慢吞吞，还给我分拨错误，等了好几天才到，找客服也只会推脱，说是正常派送时间内！这么近的距离，五天还正常？买的时候怎么显示16:00前完成下单,预计明天送达？差差差！！！差差差！！！差差差！！！",负面,-1.0,"质量,售后,物流,服务","洗后瘙痒,退货被拒,物流延误,客服推诿",deepseek-v4-pro,2026-06-29T22:23:44
a4263889947504eb,一直未用，昨天才打开用，发现跟我之前用的不一样，味也淡，用护发素也不是很柔,负面,-0.7,质量,"香味淡,效果不及预期",deepseek-v4-pro,2026-06-29T22:23:44
214f2331a7d4d016,没有超市的好用，还有一瓶是打开过的，用掉了一些,负面,-0.8,"质量,包装","效果差,疑似开封",deepseek-v4-pro,2026-06-29T22:23:44
712dd8165778a00b,没法用，用了头发又乱又枯，丢了已经，一星给快递,负面,-0.9,"质量,物流","使用效果差,发质损伤",deepseek-v4-pro,2026-06-29T22:23:44
fe34b7aa0a25fc1b,洗发水很假！洗了一天就很有，很稀，好像兑过了的，差评,负面,-0.9,质量,"疑似假货,质地稀薄",deepseek-v4-pro,2026-06-29T22:23:44
bbc5898b016af276,包装实在是太让人恶心了，连个包装盒都没有，就是单放在箱子里，没有任何防护东西，让我怎么相信会是正品,负面,-0.8,"包装,质量","包装简陋,缺少防护,怀疑假货",deepseek-v4-pro,2026-06-29T22:23:44
d0a343604a4eaec0,现在对京东真的特别失望了！刚把护发素打开用了 和之前买的完全不一样特别香 一点都不好用！用很多都打不开头发！真不知道是真是假,负面,-0.9,"质量,体验","与实际不符,香味过浓,效果差,假货疑虑",deepseek-v4-pro,2026-06-29T22:23:44
784ffe44a823b172,赠品没有，客服态度不好，,负面,-0.7,"服务,包装","赠品缺失,客服态度差",deepseek-v4-pro,2026-06-29T22:23:44
04c2646cfa607eaf,谁买是上当，假货 用了之后头发超不舒服，头皮屑多的一地,负面,-0.9,"质量,体验","假货,头皮屑多",deepseek-v4-pro,2026-06-29T22:24:06
5b08f414bc0878c7,不是说有风筒送吗？怎么没看到？,负面,-0.3,"体验,服务",赠品缺失,deepseek-v4-pro,2026-06-29T22:24:06
cc9ca4c2a9aee960,货是收到呢，可是不是说还有两支小的没100ml没有有送过来啊,负面,-0.5,"体验,服务",赠品缺失,deepseek-v4-pro,2026-06-29T22:24:06
ca0a32256f59bd92,为京东客服牛逼哄哄点赞 一副爱买不买的模样,负面,-0.8,服务,客服态度差,deepseek-v4-pro,2026-06-29T22:24:06
bba3b2b7dc4d495d,就想给个差评，给京东这几年的服务。,负面,-0.7,服务,服务差,deepseek-v4-pro,2026-06-29T22:24:06
6e5c90ca5f1c21ee,这一星气的我都不想给，快递上还写着液体注意，你们注意的什么？ 直接半瓶没了！ 只要一出库你们就是扔着送的是不？,负面,-0.9,物流,"快递暴力,液体泄漏",deepseek-v4-pro,2026-06-29T22:24:06
ba7c71cdc89081dd,洗完之后头发痒的不行，还有头皮屑！估计应该不是正品,负面,-0.8,"质量,体验","头皮痒,头皮屑多,疑似假货",deepseek-v4-pro,2026-06-29T22:24:06
314c4843243d6ee6,快递太慢了，到了都没电话，害的我到处找,负面,-0.6,物流,"快递慢,未电话通知",deepseek-v4-pro,2026-06-29T22:24:06
fca8287bd91a5707,看看别的网最低才卖47块钱了，这里好贵啊,负面,-0.4,价格,价格高,deepseek-v4-pro,2026-06-29T22:24:06
b9c976f4835d2d26,配送快服务好，商品包装太差,中性,0.0,"物流,服务,包装",包装差,deepseek-v4-pro,2026-06-29T22:24:06
79b768d24dd5613a,同事是说没她在屈臣氏买的好！,负面,-0.3,质量,不如屈臣氏买的,deepseek-v4-pro,2026-06-29T22:24:23
c8377992604ffbad,怎么没有Q S标志怀疑是假货。和超市卖的不一样，外包装不正规。中间图片是超市买的，右边图片是京东买的。,负面,-0.8,"质量,包装","怀疑假货,外包装不正规",deepseek-v4-pro,2026-06-29T22:24:23
b2af529a2caee743,产品收到里面都进水了，没有包装直接都打开了，第一遇到这样的情况，真心是醉了，直接差评！,负面,-0.9,"质量,包装","产品进水,包装缺失",deepseek-v4-pro,2026-06-29T22:24:23
dce57dd187e73470,直接卸载京东 我擦你麻痹 **玩意,负面,-1.0,"服务,体验","服务差,体验极差",deepseek-v4-pro,2026-06-29T22:24:23
cdbd1fcbc4979c46,莫名其妙的扣我京豆，我什么时候拒收过订单了？？？,负面,-0.7,服务,无故扣京豆,deepseek-v4-pro,2026-06-29T22:24:23
7e61f8670f8c2a5d,买套装的时候说送吹风机，到货了却没有！这不是欺片消费者么？！套路够深的，以后再也不在京东买了！！！,负面,-0.9,"服务,体验","承诺赠品未送,欺骗消费者",deepseek-v4-pro,2026-06-29T22:24:23
e8b01b32f0b09037,刚打开就让我很失望，里面不知道是哪一瓶漏了，在京东买了很多次，都没有出现这样的情况，下次不会光顾了,负面,-0.8,"质量,包装",产品泄漏,deepseek-v4-pro,2026-06-29T22:24:23
5a5ff525cbfbdd5a,用了一段时间了，还不错！大牌子就是大牌子,正面,0.8,质量,,deepseek-v4-pro,2026-06-29T22:24:23
cde2389c7e1484c0,热水器很好。包装也很不错。值得购买。,正面,0.9,"质量,包装",,deepseek-v4-pro,2026-06-29T22:24:23
4818a72988e3ba2d,热水器下午安装好了，用手机下的单更优惠还还了礼品。以后朋友需要会再介绍来这家店买的,正面,0.9,"服务,价格,体验",,deepseek-v4-pro,2026-06-29T22:24:23
b69abafd85811cce,作者的观点独特，语言犀利，深刻的总结了男人与女人之间的是非恩怨，把男人与女人在生活中积累的宿怨一语道破---原来非本质问题，而是双方本能。此书不足之处乃后面章节雷同，越看越有寡味之感，但是还是要感谢作者带我们游览一次男人、女人的本能世界！呵呵，建议读者可以看一看，有则改之，无则加勉！！,正面,0.2,"质量,体验",,deepseek-v4-pro,2026-06-29T22:25:03
f810436b7aaad4eb,最有价值的就是支撑，压力背后的东西。以及趋势的定义。至于后面的波浪理论以及江恩理论。这些东西都不是大师的实战技术，而是股市失败者的作品。不但没有意义，反而有害！不过总体上书还是不错的。经过完整牛熊市后，感觉学习炒股最重要就是阅读长时间股市成功者自己写的书，其他人总结的书都是垃圾，不但没有好处，反而有害！,正面,0.2,质量,,deepseek-v4-pro,2026-06-29T22:25:03
9445ce9fcdea3e38,最近因为忙着准备考试，所以没有看太多。不过禁不住巨大的诱惑，看了一些了。我看完了 “贝拉篇”，“雅各布篇”看到了第二章。这样子的写法挺有意思的，虽然已经习惯了是以贝拉的角度来看，但是这样子仔细看看狼人的想法也蛮不错的。真的是很好看，但是现在看着就觉得有的时候真的是挺离谱的，呵呵~不过我还是没搞清楚到底这个结局是不是在这本书里出现~加油啦~好看好看好看！,正面,0.8,体验,,deepseek-v4-pro,2026-06-29T22:25:03
7fd30643560c3f63,字都打印得很清晰，但也有不少谬误，间隔布置合宜，不会太密也不会太疏。纸面整洁，看起来很舒服，封底面橡胶的厚皮本能有效防止书籍损坏，装订牢实，也方便携带。大爱简爱的英文原著，那种语言魅力胜于言表，男女主角之间的表白倾诉扣人心弦，文字实在太赞，行云流水地写出来深刻细腻，动用大量的比喻以及心理描写让人情与字移。,正面,0.9,"质量,包装,体验",,deepseek-v4-pro,2026-06-29T22:25:03
595854a79abe8d1c,自由是令人向往的，但是有时我们会很盲目，以为自己的自由就可以代替天下人的自由。自由是什么呢？自由是在不影响他人的自由的情况下的自由。这是一个复杂的体系，非三言两语所能解释的清楚的。但是，我们必须牢牢记住，我们的自由是得之不易的，别人的自由也是神圣不可冒犯的。在尊重自己的时候也得好好的尊重别人，这是我们获得自由的必要前提，也是我们获得自由的重要保障，没有人可以为所欲为。自由是我们人类的重要的福祉，没有自由，我们的个性将被泯灭，我们的行动将被制约，我们的财富也将由于这些而减少。社会的福利由于创造而生，由于无为而灭。谁能够承担得起这样的责任：消灭社会的财富！我们是社会的功臣，更是自己的功臣。我们劳动，生产自己善于生产的东西，交换自己不善于生产的东西，因此，社会的效率提高了。这得益于自由的环境，我们能够自由的生产自己想生产的东西。我们排斥邪恶，它使我们社会的总财富减少，因此，我们限制其自由。其目的是为了更好地发挥自由的功用。,正面,1.0,质量,,deepseek-v4-pro,2026-06-29T22:25:03
2b90372c0b85c688,追加几句：有好多真正的大师，是可以作为大师这个称号的标准的，库布里克就是这么一位。假如您误以为今天中国的某位导演也算是大师的话，可以看看库布里克，看看《大开眼戒》，对照一下不太好算的差距。如果哪位导演你真心在有生之年把成为大师作为目标的话，也劝您看看《大开眼戒》，給自己树立一个标竿。,正面,0.9,质量,,deepseek-v4-pro,2026-06-29T22:25:03
7ba5e86c5a1cf915,专心的用一辈子的时间，只爱一个人。这就是爱情中的极致了吧，于是《痴相公》把这样的唯美爱情，一一铺就，浓墨重彩。珍儿与之心，从最初的爱上，到经历了坎坷，抵制了诱惑，始终如一，只深爱对方。爱情中的把持与坚韧，真的太让人感动。哪怕，之心是痴的，那又怎样，他知道如何爱一个人，并且深信不疑，自己的爱可以一心人，共白首。前世的姻缘，现世的婵娟。,正面,0.9,"质量,体验",,deepseek-v4-pro,2026-06-29T22:25:03
af3abc4358230c4f,终于与儿子一起读完了草房子，儿子只有六岁，有些章节我没有读给他听，但是从故事一开始，他就被草房子里的桑桑、秃鹤所吸引，我也一样，虽然记忆中的童年并没有书中那么美丽忧伤，但是童心未泯的我，与儿子一起进入了草房子和油麻地小学。作者文笔极为细腻，跟着他的描写，就觉得心中那么轻松的抛开了一切，进入他的世界。所以，我向大家郑重推荐此书，尤其适合四五年级的小学生，会对他们的写作水平有帮助的。,正面,0.9,"质量,体验",,deepseek-v4-pro,2026-06-29T22:25:03
fb3c7535f38f8900,中国也出了一本情感的书，看完了，很不错的一本让女人更加了解男人的书。本人阅读的时候，就有很多同感，因为是里面有提的行为，我作为一个女性的角度，几乎都有，而且很贴切。也让我的眼界放宽了，看到了很多男人和女人不同的东西。看待事情也不会像以前那样的主观了，此书值得一看，作为一位现代女性，不独这本书的话，有点遗憾。因为你已经与社会脱节了。,正面,0.85,质量,,deepseek-v4-pro,2026-06-29T22:25:03
a50f22f95f434e5e,"这本童书,是我目前最喜爱的,爱不释手的翻看多遍,不同时刻不同环境会有不同感受,第一感受是:这不仅仅是本童书,还适合于情人之间,亲人之间,姐妹之间,朋友之间~~~~因为这份爱,表达的是这么纯真和直白,一点点杂质都未掺.翻看给两岁半的儿子看时,他老是指着大兔子叫:爸爸!爸爸!我仔细观察,发现那只大兔子,真的是男性的表情和动作,呵呵~~~非常非常好的一本书!",正面,1.0,"质量,体验",,deepseek-v4-pro,2026-06-29T22:25:03
4cbec9b1c2676e5b,这本书所覆盖的语法点都很全面，初中级学习者完全够用。我在刚学法语时我的老师向我推荐的。看了小一年了，感觉很不错，基本上所有语法点都能找到。而且里边的分类清晰详尽，从一般到特殊都列举出来了，对学习法语很有帮助。但书里面有的地方讲的太细了，有的地方有点太复杂，容易打击学习积极性~我的法语老师说上面的很多知识点连法语专业都不会讲。想系统学习法语同志来说还是备上一本好,正面,0.85,"质量,体验",,deepseek-v4-pro,2026-06-29T22:25:43
2badde47610be55b,这本书不厚，但全部读下来，也需要些心力。序又汤用彤先生的儿子，汤一介所述，父子同为学界的要人。汤用彤先生在佛教研究上很有造诣，据说，他为能更深刻地理解一些佛经要义便亲自学习梵文，然后自己着笔去译，老先生的治学态度一向恭谨。这本书起初是先生的教学讲稿，后来编订成书，是了解魏晋玄学的一个很好的渠道。书虽然不厚，但内容很多，可见先生学术之广博。,正面,0.95,质量,,deepseek-v4-pro,2026-06-29T22:25:43
7e9efcae6b4cdeac,因为孩子的关系，我现在看绘本简直上了瘾。这一套的绘本，我依然很喜欢。《跟上那头熊》，故事刚讲完，孩子就乐呵呵地笑了。一只勇敢的兔子想要捉住一头熊……你知道发生了什么奇妙的故事么？《装在口袋里的吻》对于学龄前的孩子真是太好，非常适合六、七岁的孩子阅读。《五个小怪物》其实是在对孩子诉说大自然的秘密，作者想象力也真是丰富。……其他的几本，大家认真去看~,正面,0.9,"质量,体验",,deepseek-v4-pro,2026-06-29T22:25:43
9d91f43ee0b46249,心若自由，身沐长风，无游天下，不离不弃凭这这样的信念，冰依，祈然，步杀，踏上了航海的旅程小佚用奇妙的文字体现了一段惊险的旅程，一种不离不弃的情义。真的想说很好看，看了开头，就会被吸引，那种从字里行间体现出的刺激的感觉，幽默的气氛，感人的情义，都让我的心情随着它一起兴奋，一起大笑，一起感伤。冰依是我所喜欢的穿越文中为数不多的女主角之一，看一本小说，我对人物的性格特点是很看中的，喜欢冰依在顽皮中带点沉稳，迷糊中带点精明，脆弱中带点坚强的性格，她不是温室里的花朵，即使在祈然的保护下，却依然不会失去生存的能力。祈然无疑是一个怪物，貌美绝伦，智谋绝顶，有操控一切独立天下的气势和手段却可以为冰依抛下一切，总觉得他的一切得来的都太容易，做什么都太简单，所以才会让他一直没有安全感，对冰依总是患得患失。然而他也不是最完美的，我觉得这点小佚描写的非常好，因为没有一个人是十全十美的，祈然其实是一个比较自私的人，只在乎自己在乎的人，其余的一切都不在乎。从这点上来说我喜欢冰朔更胜于祈然冰朔继承了祈然的美貌和智慧，继承了冰依的坚强和顽皮。喜欢他的温柔，喜欢他的善良喜欢他和冰依一样捉弄步杀时语气，总是让我看的哈哈大笑步杀是一个很好的男配角，他是沉默的，可是却无法让人忽视他的存在，有时我真的很想知道，对于冰依和祈然，他会更在乎哪一个？我想会是祈染吧，只有他可以叫他步小佚是很善于抓住人物的性格特点来写的，她取的人物的名字我都好喜欢啊，冰依，祈然，冰朔都好好听。文章的情节，无疑是精彩的，里面的每一个地方都透着一股神秘感，刺激着我读下去，看了第一本后，看第二本开头，我偷偷去翻后面的结局，一看吓一跳，怎么和卫聆风在一起了？？？后来带着疑惑乖乖的从头在看，才知道，那只是为卫迷写的，呼出一口气。对于冰朔的离开我分外的难过和失望，总想问问小佚，为什么冰依可以留下，他就不行，可是世上的事真的没有十全十美的吧。,正面,0.95,质量,,deepseek-v4-pro,2026-06-29T22:25:43
3ddc513ecea9714d,我自从读了米奇的系列之后，的确对人生有进一步的思考了，这一点我真的应该感谢他给了我这么一个机会~这本书讲了一个即将病逝的老教授对一个自己以前的学生所授的最后的十四堂课的故事，每一堂都是感人至深的哲理，一句俗话用到这里不知合适与否：“人之将死，其言也善”，其实对于这位老教授，其言是对生活中爱的体会~是我们真正进行了一次反躬自问~,正面,0.9,"质量,体验",,deepseek-v4-pro,2026-06-29T22:25:43
4da16a5ce96d430f,我是初中数学老师，我的孩子上小学三年级，平常经常逛书店，很少有这么好的数学课外读物。和儿子一起读这套书，对小学三年级的孩子来说，内容有点深，涉及到初中内容，需要简单的讲解，听懂与听不懂倒是其次，关键培养孩子学习数学的兴趣。那么难的知识，通过漫画，故事展示出来！真的很不错！！因为是翻译的，有些语言叙述有点别扭！为什么中国的作家就写不出来？总的来说，非常不错！！！,正面,0.8,"质量,体验",,deepseek-v4-pro,2026-06-29T22:25:43
b08f6c445fc580e9,我的孩子也是寒凉体质，从小就流清鼻涕，一流就是一年半，北京的最好的中西医都看过了，也吃汤药，缺越来越糟，看过马悦凌的书后，我仅仅给孩子停掉了水果和寒性的小药，孩子的病情就有了明显的好转，一个月后，孩子的鼻炎基本好了，在按照马悦凌的理念调整下，一年多了没有得病，其实就是日常生活中注意了一些，发现了即将生病的苗头及时调理。我给身边所有的家长推荐了这本书，还把这本书推荐到了幼儿园。,正面,0.95,质量,,deepseek-v4-pro,2026-06-29T22:25:43
89e4be160a1a7d7b,说实话，本来一点也不知道这本书。平时上当当网关注比较多的就是小说与儿童文学。小说是我的最爱，儿童文学是儿子喜欢的。最近，一位朋友推荐了这本书和《念楼学短》。他是一个小学语文老师，教学水平非常高，他说这本书对孩子学习古文有比较大的帮助。每一篇都很短，有利于孩子的学习。六年级的孩子读了以后，都很喜欢。我自己也很喜欢，真的，很不错。自己好象也随着阅读感受着中国优秀古典文学的意境。,正面,0.9,"质量,体验",,deepseek-v4-pro,2026-06-29T22:25:43
212e83896b22cee7,上高中的时侯就在同学的文章中读到了一句话“学会放弃才意味着成功”，当时就是放弃了玩乐，一心学习，考上了满意的学校，这也算是一个小成功吧。毕业后，找了相对稳定的工作，浑浑噩噩的过日子，慢慢的就忘记了“舍得”。蓦然，发现了类似主角的现状，却不知如何改变，看了这本书，有了一些感悟，还需要慢慢摸索，毕竟现在的生活不像上学的时侯那样简单了。我们的一生都在进行着“舍得”的探索。,正面,0.85,"质量,体验",,deepseek-v4-pro,2026-06-29T22:25:43
3810ea08ee1dd274,其实，当初我买这本书很偶然，是我家的一个亲戚，看电视说有个王晨霞，写的书很有一些道理，后来我就在当当网上订了一本，刚开始没觉得会有多大的收获，可是把全书看完后，感觉真的不一样，很多反映在我们手心的东西真的和我们身体的疾病息息相关，我介意身体不太好的朋友们看看这本书，有时候去医院体检，什么也检查不出来，但是不代表你没有病，通过看掌纹，你自己就可以知道自己该注意什么了。,正面,0.9,"质量,体验",,deepseek-v4-pro,2026-06-29T22:25:43
f96cc9941592672c,今天终于又看了一次《输赢》，第一次看觉得故事情节很吸引人，其他的就没有什么了，但第二次看下来感觉不一样，印象特别深刻的是周锐对生活得态度，以及他做人处事的态度，的确人生是短暂的，事业只是生活的一部分，最重要的反而是如何使自己过得开心快乐。另外就是方威的注重过程还是结果了。,正面,0.8,"质量,体验",,deepseek-v4-pro,2026-06-29T22:26:26
ab165f2c47626116,画面画的很不错，比例很准确，故事也很不错，有在我们中国不大和孩子说的离婚，去世的问题，但是一点不沉重。也有一些知识，比如麦子的问题，真的很好。孩子很喜欢，我是2，3天拿出一本新的给他（怕他看见一堆新书，花心）他会很期待，“妈妈，明天可以拿新的汤姆给我了”我从来没有看到他如此喜欢一本书，虽然估计是面向4岁的孩子的读物，可是宝宝6岁多了，一样很喜欢。我在考虑购买第一套。,正面,0.9,"质量,体验",,deepseek-v4-pro,2026-06-29T22:26:26
b4a63a738c50b786,给4岁的儿子买的。故事的内容很实用，上幼儿园啦，海边堆沙子城堡啦，幼儿园挨罚啦，商场走丢啦，都很切合孩子平场的行为，基本都碰到过。就是现在孩子有弟弟妹妹的情况不多。故事语言很孩子化，图片也非常生动，儿子很喜欢的。不过一本书的内容并不算多，感觉刚上幼儿园的孩子会比较适合。对4岁以上的孩子来说，稍微有些偏简单。,正面,0.5,"质量,体验",,deepseek-v4-pro,2026-06-29T22:26:26
359dc40509ac9654,刚开始看这本书，心情很轻松，兰心与小猪是一对无敌可爱的搭档，虽然各自都有着家国天下的重担，但是为人处事却不乏夸张诙谐，总是这一对配对很难对的家伙。尤其是看似女强的搭配，却更衬托了小猪为人的宽厚儒雅，风度翩翩~后半部分开始进入坚持的情节旋律当中啦，看得俺蛮捏一把汗的，对荧惑的结局其实有点小伤心啊……他真是个让人心疼的伏师啊。。。,正面,0.7,"质量,体验",,deepseek-v4-pro,2026-06-29T22:26:26
4981cdbf1dc150f7,刚刚看到这篇小说时就非常期待看到它，当真真正正读时，起初并没有太吸引我的注意力，而跟着读的内容我慢慢体会到了其中的酸楚，尤其在最后第十章我是边读边掉泪，真的好伤心，这不知道作者在写的时候的感受，如果是我一定会放弃写作因为实在是太悲了。读完后突然有种念头，那就是以后在也不看悲情小品说了我实在是太伤心了，不过这也间接说明水月影写作的实力。加油支持你！,正面,0.6,质量,,deepseek-v4-pro,2026-06-29T22:26:26
56a69989095fb517,儿子两个月时突然拉肚子，还呕吐，我们第一时间就是把宝宝往医院送，做父母的总是奢望白衣天使能又快又准确地治好孩子的病，然而两个星期过去了，也没有明显好转。一好友给我推荐了这本书，开始也怀疑这样推拿真的能治病。抱着试试看的心态给孩子做了1小时的推拿（按照书里的指导），没想到第二天明显好了，我又继续推拿了两天，痊愈了。现在我每天都会给儿子推拿1小时，感谢我的“家庭医生”——儿童经络手册,正面,0.9,"质量,体验",,deepseek-v4-pro,2026-06-29T22:26:26
5d7f9b810794c985,儿子回家时，我把书拿出来和他一起找，小家伙很厉害，不起眼的物品我都没找到被他一下就找到了（真的别太低估小孩的能力），这下更来劲了，更兴奋了，吵着要我给他念要找的东西（下个月满四岁，还不识字），吃饭的时候都不舍得放下，看到儿子这么喜欢真开心！其实我自己也很喜欢，晚上等儿子睡着了，我一个人还找了一会呢，但觉得还是和儿子一起玩更甜蜜，头挨在一起，人粘在一起，心也贴在一起。,正面,0.9,"体验,质量",,deepseek-v4-pro,2026-06-29T22:26:26
80c0fed2add5dbe9,电影里的edward坏坏的笑容，和小说实在是太契合。不过也开始担心，下面的电影，19岁的小克里斯汀该怎么演绎bella。第一部里她还能大舌头，还能无知无辜无所畏惧。下面，似乎要挑战演技更多一点。期待。。翻译还是不够好的感觉。谁叫我不敢拿原版自取其辱。只能先读着吧。期待有更好的译本。毕竟，梅尔好歹是科班出身，相信她的文字不止是这样而已。。。,中性,-0.2,"质量,体验",翻译不够好,deepseek-v4-pro,2026-06-29T22:26:26
7df3775619f8b3cc,第一辑是从朋友处借来看的，不仅小孩很喜欢，我也爱不释手。倒不是崇洋，该书的角度的确和国内的儿童图书不一样，没有一味地说教，而是生动的故事。让小孩能够感受到看书的乐趣，我想这是读书最主要的。所以当“我要找到朗朗”出来后，我毫不犹豫就买了，出了第二辑我也毫不犹豫买下，同时也介绍了许多朋友买。遗憾的是第二辑包含了“我要找到朗朗”这本书。,正面,0.7,"质量,体验",,deepseek-v4-pro,2026-06-29T22:26:26
3678618da211ffc4,"第一次在当当上买书,选了很久,最终选了<神奇校车><长袜子皮皮><不一样的卡梅拉>和<法布尔昆虫记>作为女儿六一的礼物,其中这本<法布儿昆虫记>是女儿最喜欢的,每晚必读,她还不识字都是由我来读,基本两晚就读完一本,说实话书里的语言对于小朋友非常地好懂,轻松地就能知道了昆虫的知识,一次在公园里,女儿还给她爸上了一节红蚂蚁和黑蚂蚁的课呢,对昆虫感兴趣的小朋友一定不能错过!",正面,0.9,"质量,体验",,deepseek-v4-pro,2026-06-29T22:26:26
339e5a21b0353af3,第一次养猫，第一本猫书，十分之共鸣，百感交集。薄薄的一百三十七页，写出了猫与人之间有形无形的爱情。书上说到：“从古埃及开始就区分了两种人：爱猫人和那些无法忍受猫的人。”书中形形色色爱猫人看起来很可爱，有点滑稽，这些无一不体现他们对猫咪的喜爱，往往关注这些小东西比自己更多。可旁人是不会告诉爱猫者对猫咪的狂爱样子，因为他们等着看出温馨喜剧呢。爱猫，一天比一天爱。,正面,0.9,"质量,体验",,deepseek-v4-pro,2026-06-29T22:26:58
44924f457cd29a2d,第一次看到这本书是在书店，一拿起就放不下了，结果就一直站到看完。看的时候很投入，连脚酸也是在合上书之后才感觉到。读完此书，生活中的某些迷茫渐渐消散了，重新思考怎样让短暂的人生过得更充实，更快乐。心里一下子有了希望。当然书之于人，也是因人而异的，有人会大爱这本书，例如本人。也有人会觉得这些道理如此简单，早就明白。不过，有时越是简单的东西就越是容易被遗忘，也越是需要被提醒。,正面,0.8,"质量,体验",,deepseek-v4-pro,2026-06-29T22:26:58
ba8e415b1072367c,第二遍了。由于Java基础知识的不足，在看的过程中还是跳过了几章。当然比第一遍多看了点，也看得更加深了点，觉得还是有看第三遍的需要，说不定有第四遍的需要……不想多说，是一本好书，推荐所有想学好Java的同仁们。这一次看得相对细一点，发现个别翻译有不足之处。当然这不影响大局。。。好书，好书，推荐，推荐。。。。。。,正面,0.7,质量,,deepseek-v4-pro,2026-06-29T22:26:58
98158a1e0b72f449,的确是一本家庭教育的好书。我是2个孩子的家长，从事中学教育十余年。看完这本书后，一方面让我反思自己教育孩子的方法，一方面让我庆幸及早看了这本书。读完后有一个深刻的体会：针对每个孩子，教育方法都不一样，但是教育理念肯定是一致的，即充分发挥孩子的能动性，让孩子带着兴趣去学习。作者对她孩子的教育方法，我也试着去对自己的女儿。发现效果确实不错。,正面,0.9,"质量,体验",,deepseek-v4-pro,2026-06-29T22:26:58
6ac26b41b962a126,陈老的这部书，写的很精彩！不论是从文字、材料还是从整部书的逻辑结构，都十分让人难忘！好好读一读，对于专业和非专业人士来讲，都是很有助益的！陈老所提出的近代社会的新陈代谢的观点在学界也很有影响力！而在这本学术著作里，陈老就用很平实但却优美的文字向我们阐述了他的这一凝聚了他心血的成果！陈老的很多弟子也继承了他的学风，严谨治学。令人钦佩！,正面,1.0,质量,,deepseek-v4-pro,2026-06-29T22:26:58
bf1142861b4ef389,本来不是很喜欢这文字种插画性质的读物，觉得不多，有点不划算，嘿嘿但阿狸的故事却喜爱至极的确，比几米还几米“据说”的故事有在网上看到阿狸与妈妈的对话，问到何为死亡阿狸与树的对话，问及何为人生无一不引人深思不错！值得反复回味！,正面,0.6,"质量,价格,体验",,deepseek-v4-pro,2026-06-29T22:26:58
f3085ab41cf36769,4岁儿子是恐龙迷。买书的时候看见有这么多种恐龙的名称，感觉内容似乎非常丰富。但拿到书以后才发现每本都不是很厚。虽然不是以故事的形式讲述，而是以科普的形式，但儿子还是非常喜欢。连续读了两个月，基本上现在只要翻开第一页，就能指着每种恐龙的头像说出名称。就连恐龙化石在地球上的分布、恐龙出现的年代等等，也都饶有兴趣。只能说，孩子有孩子的视野，大人的眼光不一定适合孩子。,正面,0.7,"质量,体验",,deepseek-v4-pro,2026-06-29T22:26:58
f1829c8634c53cb7,20年前，在大学里读过英文原版，就被深深地打动。毕业后一直想买一本收藏，可一直没找到。前几天在网上搜索到这本书的中文版电子书，DOWN下来又读了一遍。再一次决定，要买一本收藏。没想到真在当当网上找到了。显然，这本书是不大受人关注的，书皮的一半泛着黄，看样子被半压在其他书下很久了，落了很多土。书页黄黄的，不光滑，也没有亮光，不过我很喜欢这种感觉，很有书而非画报的感觉。,正面,0.8,"质量,包装",,deepseek-v4-pro,2026-06-29T22:26:58
702f91b27c9e10a0,《阴阳师.晴明取瘤》这本书买回来放在书架上好段日子，我都完了是什么时候买的了。在整理东西的时候看到正好睡不着就看看吧。看完之后觉得有点搞笑。是古代得鬼比较蠢呢，好是日本那边得鬼比较蠢？因为看现代得鬼故事都说到那些鬼事很精明，而且狡猾。我想问的就事晴明不是有式神吗？为什么到有事的时候式神不帮忙?过总结都不错，让我有想买其他几部回来看个完整。,正面,0.5,质量,,deepseek-v4-pro,2026-06-29T22:26:58
d04be4bed9c6560a,《四季时钟》真不错，插画非常精美，语言清新流畅，口吻活泼有趣。翻译质量很棒，用词精确生动。作为科普书籍，用词的简练和准确非常重要。小孩一拿到就非常专注地看起来了。我也跟着看了半天不舍得放～～～我最近发现那些童书好像买回来自己都一样爱看。所以，我现在真是不太关注所谓的年龄分段了。只要绘图是我喜欢的风格，故事是够让人愉悦的诉说方式，不管语言深浅，照单全收,正面,1.0,"质量,体验",,deepseek-v4-pro,2026-06-29T22:26:58
d4d1e28dfeedda7a,“睡觉，睡觉，总是睡觉，生活中应该有更好玩的事情可以做”。这句卡梅拉的经典已经被我儿子纳入他的口头禅。他也不想我总是让他这样或那样。他要以自己的方式去生活。虽然他显得“不听话”了，但作为母亲，他从小就学会自主，我感到更加开心。,正面,0.8,"体验,质量",,deepseek-v4-pro,2026-06-29T22:27:17
4acf893b4d037b78,"作者倒是个很小资的人,但有点自恋的感觉,书并没有什么大帮助",负面,-0.5,质量,"实用性差,内容自恋",deepseek-v4-pro,2026-06-29T22:27:17
fd5c2c33e1341c8e,这本书说实话不太好用，讲的东西不会让我觉得学到了什么。只是一些平时日常生活中用错的地方，在网上随便搜一搜就有。,负面,-0.6,质量,"内容浅薄,缺乏实用性",deepseek-v4-pro,2026-06-29T22:27:17
b3ddbd93edd1fdb3,在电视上还挺喜欢于丹，买了书发现，不差，就是觉得有点不值。内容少得很。,中性,-0.2,"价格,质量","内容少,性价比较低",deepseek-v4-pro,2026-06-29T22:27:17
ef89a068a34d470f,语言轻松幽默，阅读起来让人心情大好，内容实用，但是不喜欢把博客回复内容以及跟读者互动的话题全部照搬上来。感觉比较杂乱。,中性,0.0,"质量,体验","内容杂乱,照搬博客互动",deepseek-v4-pro,2026-06-29T22:27:17
ab99203b8a097817,于丹的心得，在电视上看过，也上网看过，记得在大学的时候老师还放给我们看过， 现在看有书，就买了一本，翻了翻感觉挺好，还有书签，印刷是彩色的，也很好。,正面,0.7,"质量,包装",,deepseek-v4-pro,2026-06-29T22:27:17
9b2715d92485a794,有点名不符实， 书的内容太简单， 小孩看过一遍后就用不上了,负面,-0.5,质量,"内容简单,名不副实",deepseek-v4-pro,2026-06-29T22:27:17
4daba5dc855f6ac1,"有点卡,放的不太流畅!没有想象的那么好!",负面,-0.5,"质量,体验","播放卡顿,不流畅",deepseek-v4-pro,2026-06-29T22:27:17
7452949b16a7d853,有点哗众取宠的意思，而且印刷上也太糊弄人：每一页面差不多只有2/3有字,负面,-0.6,"质量,包装","印刷差,内容空洞",deepseek-v4-pro,2026-06-29T22:27:17
1bbabad0bc503682,由于要买的书在当当和卓越都不全，所以2008-6-1 12:23同时在两个网站下单，卓越的半天就审核发货了，当当的两天后看订单状态还是等待审核。2008-06-04 9:30，当卓越的书已经收到的时候，当当还在等待审核。又用了整整一天配货，显示发货时间是2008-06-04 13:37。心想可能是配货审核的时间慢，到货应该快（快递到济南市区2-3天）。可现在已经是2008-06-09 11:40了，书还不知道在哪儿呢，刚才打电话400-711-6699，想问问啥时候能到。等了两分钟，接通后说听不到我声音，接着就挂线了！！气愤！！！！当当，第一次从你这儿买书，太让人失望了。,负面,-0.9,"物流,服务","发货慢,物流缓慢,客服态度差",deepseek-v4-pro,2026-06-29T22:27:17
9ab5e83824970615,因为突然觉得自己接受不了这样的书，所以没打开，还是新的啊,中性,0.0,体验,,deepseek-v4-pro,2026-06-29T22:27:57
49af1ebb4f3d6d74,以为这一本都是色戒的详细描述，没有想到大部分是张的其他小说，很失望，因为之前张的大部分作品自己都看过了。,负面,-0.6,质量,内容与预期不符,deepseek-v4-pro,2026-06-29T22:27:57
d52c58b1af634e0a,"以为曾经是排行榜第一的书一定不错,结果,拿到书后,非常失望,印刷一般,纸张也一般,内容......提起内容,只能是消遣一下的书,有些理论是十分错误的.这本书迎合了大众的心里.但是,作者这种不负责任的态度,让人太失望了!不建议大家买这本书!!非常失望!白花20来块钱!",负面,-0.9,"质量,价格","印刷质量差,纸张质量差,内容错误,性价比低",deepseek-v4-pro,2026-06-29T22:27:57
8749c3dc8f4b4daf,一岁9个月的宝宝不是很喜欢，希望他大点会喜欢,中性,0.0,体验,,deepseek-v4-pro,2026-06-29T22:27:57
29e466198e333fc6,无实际用途 如果早看到 作者是韩国人 一定不买 不是我歧视韩国人 实在是国情不同！,负面,-0.7,"质量,价格","内容不实用,不适用于本国国情",deepseek-v4-pro,2026-06-29T22:27:57
0612ef9c00aba605,我下了订单，但是此书没有送给我，其他书却送到了，真是奇怪。也没说是什么原因,负面,-0.5,"物流,服务","漏发书籍,无解释",deepseek-v4-pro,2026-06-29T22:27:57
da252a82509ac9a8,虽然书的内容上吗什么大的区别，但是封封皮给人的感觉很不专业，怎么有网友品论？？？郁闷之极！,负面,-0.6,"包装,质量",封皮不专业,deepseek-v4-pro,2026-06-29T22:27:57
7b04c67059f9876f,司空见惯的东西，有一种上当的感觉！,负面,-0.7,"质量,体验","内容平庸,感觉上当",deepseek-v4-pro,2026-06-29T22:27:57
77b1ebbc0ddf5c3d,内容还行，但是书的味道有些熏人，孩子怎么看,负面,-0.4,质量,书有异味,deepseek-v4-pro,2026-06-29T22:27:57
d20f92296a770baa,内容单薄，没啥意思。对于没有什么文化水平的人看看是有帮助的，但是如果你是有一定的专业的人就没啥意思了。空洞，乏味，不用半天全书看完。,负面,-0.7,质量,"内容单薄,空洞乏味",deepseek-v4-pro,2026-06-29T22:27:57
ff65947ab69545be,看了两边，第一感觉是--很一般。内容上，真不敢苟同，还号称是学术明星，于丹的同志的见解真让我张了见识！页数大可以压缩到50页，何必浪费纸张呢？难道孔夫子没教育你怎么搞环保？评论到此结束，懒得浪费我得笔墨！,负面,-0.8,"质量,体验","内容空洞,浪费纸张",deepseek-v4-pro,2026-06-29T22:28:21
7874ca576a3d8698,看了就后悔，除了把单词用语言串起来了之外，什么都没得了，还不如直接把那些个单词一一罗列的实在。想增加词汇？靠他，实在是不行，至少是我，看了一篇就没什么在想看下去的冲动了。为了不浪费钱，就用来当本小型词汇表，有需要的时候看着目录查查了。学习英语，特别是记单词，还是没什么捷径可走啊~~&#183;~&#183;,负面,-0.7,"质量,体验","对记忆无帮助,内容乏味",deepseek-v4-pro,2026-06-29T22:28:21
390e12d67b988118,覺得很失望.這本書這麼火.可是並非我想要的內容.作者是博客出身.怎麼寫都是他的自由.但是出版成書就應該章節嚴謹.出處博引.不然怎對得起讀者?看在我眼裡.只能想到這個評語--有寫小說的欲望.沒有寫歷史的本事1.朱元璋的人生中.劉基跟胡惟庸是多麼重要的角色.但在本書中.所謂足智多謀的劉基.作者只寫到所謂安丰之戰.而且還只是劉基規勸朱元璋不要攻打的兩句話.這樣就可以定位劉基的神機妙算了嗎?其他的戰役呢.其他的權謀呢.劉基的角色何在?胡惟庸寫的比較多.但是他的惡形惡狀呢.他的權謀運用呢?都是一筆帶過.比起他對戰爭場面的描述.那真是小巫見大巫了2.作者的強項顯然是戰爭場面與部份小故事.雖然還引用古文.還幫我們翻譯.但我覺得大方向沒定好.重要主角群配置份量沒抓好.很多事件只是輕輕一筆.可見參考文獻的不足3.寫作的語氣當然可以是作者自身的風格.作者用現代流行語重新演譯了亂哄哄的明史.但是作者屢屢試圖以第一人稱做心情描述.卻煽情且花費了大篇章..只能說..他下一部書應該是小說吧,负面,-0.8,质量,"章节不严谨,内容肤浅,重点不清",deepseek-v4-pro,2026-06-29T22:28:21
da50a14fd987bd00,绝对是炒作，这本书无聊得很，浪费钱,负面,-0.9,"质量,价格","炒作,内容无聊,浪费钱",deepseek-v4-pro,2026-06-29T22:28:21
5544a32f8c66e9f8,很喜欢马云一时冲动买了这本书翻了翻之后发觉 果然是冲动了都是现场点评的节选个人建议看看现场 现场要精彩很多,中性,-0.2,质量,内容不如现场精彩,deepseek-v4-pro,2026-06-29T22:28:21
0fb229d92c7dbd6c,很多单词一辈子都用不上，没觉得对记忆有什么帮助：（,负面,-0.6,质量,"单词实用性低,记忆帮助小",deepseek-v4-pro,2026-06-29T22:28:21
e00dcf4fc8c75a72,还可以吧！！！！！,中性,0.2,体验,,deepseek-v4-pro,2026-06-29T22:28:21
94056567e1760f6f,不错，性价比挺高的。孩子一直在看，不卡不烫。就是买少了，没办法，又下了一单！,正面,0.8,"质量,价格,体验",,deepseek-v4-pro,2026-06-29T22:28:21
400f04a5ca1a1618,包装很好，一开机提示升级，简间设置一下然后开始使用，反应好快，不错，价钱合理。,正面,0.9,"包装,质量,价格",,deepseek-v4-pro,2026-06-29T22:28:21
4305302e4e043fdb,非常好的板。不管是性能还是其他的，支持国产，支持华为！,正面,0.95,"质量,体验",,deepseek-v4-pro,2026-06-29T22:28:21
e258f245d803739e,包装一般，外包装较大，平板的本身外包装很小，平板在里跳得很欢。,负面,-0.5,包装,"外包装过大,内部缺乏固定",deepseek-v4-pro,2026-06-29T22:28:43
5408e5e1bb1d9ead,华为华为中华有为 家里的苹果pad坏了 这次选择支持国产平板 很棒 各方面很均衡 唯一不足的是音响没有想象中好 无论怎么样 很喜欢 推荐购买,正面,0.8,"质量,体验",,deepseek-v4-pro,2026-06-29T22:28:43
9a2e6a70e509208a,手机尺寸大小很合适，音效可以！,正面,0.9,质量,,deepseek-v4-pro,2026-06-29T22:28:43
ebe37e231b79905e,不好用，内存小，开关键设置的地方经常会碰到了锁屏，麻烦，太重了,负面,-0.8,质量,"内存小,开关键易误触,重量大",deepseek-v4-pro,2026-06-29T22:28:43
e051434b7f8aa051,还行吧 感觉有点大,中性,-0.2,质量,尺寸过大,deepseek-v4-pro,2026-06-29T22:28:43
2d98eb7c6c1e4ce8,华为大品牌，值得信赖，我家的手机都是华为的，平板屏幕比我想像的大，图像也很清晰，给老人用应该足够了，先用几天，好的话在追评。,正面,0.7,"质量,体验",,deepseek-v4-pro,2026-06-29T22:28:43
59ebd9098441947b,京东购物实惠～一不小心就买了16部手机，接下来不用再买手机了！_(: 」∠)_嘎？,正面,0.6,价格,,deepseek-v4-pro,2026-06-29T22:28:43
1b2baac35f0228de,做工精细，能与平果pk，续航能力可以，就是配置底了点，总之是可以了，性价比高。,正面,0.6,"质量,价格",,deepseek-v4-pro,2026-06-29T22:28:43
2a1f27120c3bb262,挺好的，电池也很耐用。,正面,0.9,质量,,deepseek-v4-pro,2026-06-29T22:28:43
29307dee4586232f,多次购买华为平板电脑了，非常好！稳定顺畅！,正面,1.0,"质量,体验",,deepseek-v4-pro,2026-06-29T22:28:43
45e2ad7f20837403,m3总体来说，非常棒，评论里面说的拖影确实是有，我现在是EMUI5.0，图片包括弹幕是存在拖影的，我平时是关闭弹幕看的，拖影很伤眼睛！！但是m3给我的感觉很值，玩游戏不卡，屏幕很大！,正面,0.7,"质量,体验",,deepseek-v4-pro,2026-06-29T22:29:12
e0834684b292047a,外观非常漂亮，拿在手上也特别轻巧，系统运行很流畅。玩游戏很给力！这个价位的平板电脑性价比真的是非常好！值得购买！,正面,0.9,"质量,价格,体验",,deepseek-v4-pro,2026-06-29T22:29:12
245dce927b1cc1d2,从专业来讲，屏的分辨率足够高，肉眼已经无法区分像素格子；另外画质上看不出明显的mura、亮点等不良（要在低灰阶画面下看）；硬件上还是很不错的。,正面,0.8,质量,,deepseek-v4-pro,2026-06-29T22:29:12
8e293c230f612726,还好吧，流畅度一般，有时会卡机,负面,-0.3,"体验,质量","流畅度一般,有时卡机",deepseek-v4-pro,2026-06-29T22:29:12
002c7e56370b735c,手机很好用，收到是全新的，包装完好齐全，手感也很不错，支持,正面,0.9,"质量,包装,体验",,deepseek-v4-pro,2026-06-29T22:29:12
db9b4c023315ef8d,下大雨，快递小哥一样风雨无阻，东西也很漂亮，京东还是一无既往的值得信赖,正面,0.9,"物流,质量,服务",,deepseek-v4-pro,2026-06-29T22:29:12
4f5e43556e4ac165,用了两月后上来评价，流畅度还行，系统有待提升和更完善人性化点，开机键还是在顶部好些，照相色彩和屏幕色彩偏深暖色，由于平板有些重量其实顶部和底部可以设计更宽一点，总的说来也就值这个价，有待提升空间！,中性,0.1,"质量,体验,价格","系统不够人性化,开机键位置不佳,色彩偏深暖色",deepseek-v4-pro,2026-06-29T22:29:12
01e8a6f80269e78e,快递非常给力，平板也挺有型。运行流畅，看电影也很清晰,正面,0.9,"物流,质量,体验",,deepseek-v4-pro,2026-06-29T22:29:12
cd3fe67614fdad43,尺寸比例16:10和手机差不多，很多手机软件都能用。看电影也上下黑边很小，现在电影都是16:9。不喜欢4:3的。,正面,0.8,"质量,体验",,deepseek-v4-pro,2026-06-29T22:29:12
ccaf9f39c212a4a7,很喜欢好用。支持国货，没毛病！物流很给力。,正面,0.95,"体验,物流",,deepseek-v4-pro,2026-06-29T22:29:12
c46b86d2240db381,很不错，妈妈很喜欢又能上网，也能看小说,正面,0.8,体验,,deepseek-v4-pro,2026-06-29T22:29:33
942a0be021950332,很喜欢，主要是不卡，拿出门也很方便,正面,0.9,体验,,deepseek-v4-pro,2026-06-29T22:29:33
96b25001c91262a2,尺寸好大，感觉和ipad mini差不多了，不过还是很好用的,正面,0.6,体验,,deepseek-v4-pro,2026-06-29T22:29:33
df267baca083eb43,做工还不错音质也很好，刚刚拿到试用后在追评吧。送货速度快，快递小哥不错。,正面,0.9,"质量,物流",,deepseek-v4-pro,2026-06-29T22:29:33
b6d00f981d71cefb,给妈妈买的专门看电影用的 经济实惠 发货快,正面,0.9,"价格,物流,体验",,deepseek-v4-pro,2026-06-29T22:29:33
36edd9a87e48becd,性价比高，系统运行速度快。就是裸机，在外面买个保护壳麻烦！,正面,0.6,"价格,体验",,deepseek-v4-pro,2026-06-29T22:29:33
81338b433fef0705,正在使用，挺好的?。京东自营，很喜欢?,正面,0.8,"服务,体验",,deepseek-v4-pro,2026-06-29T22:29:33
6a7c896b30d617b3,平板反应快，买平板上京东,正面,0.8,"体验,服务",,deepseek-v4-pro,2026-06-29T22:29:33
929ccfdb65b6c9f4,不错，还可以，就是一买完就降价，早知道晚点买了,中性,-0.1,"价格,体验",买完就降价,deepseek-v4-pro,2026-06-29T22:29:33
6d52b39d69324966,质量很好啊，内存也不错，支持国产,正面,0.9,"质量,体验",,deepseek-v4-pro,2026-06-29T22:29:33
cdad3cba8d87d43a,运行流畅.上网快.华为不错.赞赞,正面,0.9,"体验,质量",,deepseek-v4-pro,2026-06-29T22:29:50
441dd3f5163c0b45,帮闺蜜买的，闺蜜很喜欢。而且价格很便宜！,正面,0.85,"价格,体验",,deepseek-v4-pro,2026-06-29T22:29:50
da456adb83f5bd2d,用了一天才评价，很喜欢，很好用，很流畅，非常好。,正面,0.95,"体验,质量",,deepseek-v4-pro,2026-06-29T22:29:50
44ae738b165dd6df,很好的板，很漂亮的衣服，很合适的面膜。5.2寸的荣耀小七和他的姊妹8.4寸板M3。,正面,0.7,质量,,deepseek-v4-pro,2026-06-29T22:29:50
0767af8e4a990d75,满意帮老公买的,正面,0.8,体验,,deepseek-v4-pro,2026-06-29T22:29:50
5daae79f3bd6db8f,国产华为质量还是不错的,正面,0.8,质量,,deepseek-v4-pro,2026-06-29T22:29:50
0faca7279fc3d6c0,用了快一个月了 质量不错 运行也很流畅,正面,0.9,"质量,体验",,deepseek-v4-pro,2026-06-29T22:29:50
034c8981cdd3da10,还好吧！感觉用起来还不错,正面,0.2,体验,,deepseek-v4-pro,2026-06-29T22:29:50
867141ec8ffa48b5,京东快递速度真是快，晚上9点多拍的，第二天上午就到了，到手后感觉比青春版好多了，儿子拿在手里玩游戏正好。,正面,0.9,"物流,体验,质量",,deepseek-v4-pro,2026-06-29T22:29:50
d2942222894be1d0,东西不错，这个价格很酷，喜欢，会推荐购买,正面,0.9,"质量,价格,体验",,deepseek-v4-pro,2026-06-29T22:29:50
bec5deafa5f7b65e,还可以吧，替公司买的，作为上位机用，不过OTG模式下不能给pad充电好像，这点有点不爽啊，最好能做成OTG模式下双向可选择充电，那就完美了！不知道谁能解答下华为m3的充电管理是怎么进行的，什么原理,负面,-0.2,质量,OTG模式不能充电,deepseek-v4-pro,2026-06-29T22:30:20
3991933f770f1f17,东西用了一段时间了，感觉很不错，支持国货。,正面,0.8,"质量,体验",,deepseek-v4-pro,2026-06-29T22:30:20
c42e1441dfdd3ca0,外观不错，黑边比较严重，刚开始使用后续再评价！,中性,-0.1,"质量,体验",黑边严重,deepseek-v4-pro,2026-06-29T22:30:20
f746a6284730fc4a,不错挺好的，很合适手感很好。用着舒服。,正面,0.9,"质量,体验",,deepseek-v4-pro,2026-06-29T22:30:20
c9da34b8154a2a70,物流居然发错配送站了，多等了一天，不过感觉这产品挺超值的，目前暂时没有发现什么问题。,中性,0.1,"物流,价格,质量",物流发错配送站,deepseek-v4-pro,2026-06-29T22:30:20
422350972a2270e9,送货真快，晚上下单第二天中午就到了，还没用，用完后再评,正面,0.8,物流,,deepseek-v4-pro,2026-06-29T22:30:20
0a5dc09ef30efc3f,好好好好好好好好好好好好好,正面,0.7,体验,,deepseek-v4-pro,2026-06-29T22:30:20
4593976b57ea54d5,好好好好好好,正面,0.6,体验,,deepseek-v4-pro,2026-06-29T22:30:20
95b7f31bc79aed2a,包装不好，太简单了。都能打得开。,负面,-0.7,包装,包装太简单,deepseek-v4-pro,2026-06-29T22:30:20
f9d4ca60afdbd850,给客户买的，国产的我比较喜欢华为！速度快，及时！很赞！,正面,0.9,"质量,体验",,deepseek-v4-pro,2026-06-29T22:30:20
f70445eee278d158,大气，漂亮，老爸很喜欢，音色也不错，就是上网信号强度不太好。,正面,0.6,"质量,体验",,deepseek-v4-pro,2026-06-29T22:30:40
609eaaedf8040d9f,还可以看电视玩游戏都很好,正面,0.8,体验,,deepseek-v4-pro,2026-06-29T22:30:40
8f733fa3798cd876,一句话，平板杠杠的音质杠杠的京东快递杠杠的！,正面,0.9,"质量,物流",,deepseek-v4-pro,2026-06-29T22:30:40
c60a30f65a498588,很满意的一次购物，比我自己心里期待的要好的多！支持国产！！,正面,0.9,体验,,deepseek-v4-pro,2026-06-29T22:30:40
c8725bc221892f1f,要用一段时间才能评价！,中性,0.0,,,deepseek-v4-pro,2026-06-29T22:30:40
7563242a2742b8e5,画面细腻，音效好，使用流畅，物流给力,正面,0.9,"质量,物流",,deepseek-v4-pro,2026-06-29T22:30:40
e966bbe60bd6031e,用着真不错，评价晚了，支持华为支持京东,正面,0.8,体验,,deepseek-v4-pro,2026-06-29T22:30:40
bf78166c5302dacc,还不错，虽然和苹果不能比，这个价位的也没得比了，同等的价位很不错了。,正面,0.6,"价格,质量",,deepseek-v4-pro,2026-06-29T22:30:40
bd667e8016562fe5,快递速度超快，隔天就到，一直用华为，支持国产,正面,0.9,物流,,deepseek-v4-pro,2026-06-29T22:30:40
96e49d0593cad2cc,还没用不知道怎么样,中性,0.0,,,deepseek-v4-pro,2026-06-29T22:30:40
e34c63763947c171,很不错，看了好久才下单,正面,0.9,体验,,deepseek-v4-pro,2026-06-29T22:31:11
6621517ac58b22be,屏幕很大，有护眼模式，买来给宝宝看电视的，这个价位来说是很划算的了，电池也比较耐用，满意,正面,0.95,"质量,价格",,deepseek-v4-pro,2026-06-29T22:31:11
812d933f43453ff5,挺好的 用了好长时间了 这个价位不错了,正面,0.8,"质量,价格",,deepseek-v4-pro,2026-06-29T22:31:11
7338b4955998ab2f,各个功能都很不错,正面,0.9,体验,,deepseek-v4-pro,2026-06-29T22:31:11
857fc746e938834e,质量不错，正品！,正面,1.0,质量,,deepseek-v4-pro,2026-06-29T22:31:11
a634b04216c43b06,很好，一直信任京东自营产品,正面,0.9,服务,,deepseek-v4-pro,2026-06-29T22:31:11
c686ba0adb501cdf,东西不错，大一点的手机的感觉。,正面,0.8,体验,,deepseek-v4-pro,2026-06-29T22:31:11
e64668e6c7eb0b27,很不错，非常好,正面,0.95,体验,,deepseek-v4-pro,2026-06-29T22:31:11
b6748aaac22d17ea,使用了一个星期，今天来评价一下吧:整体设计风格基本上就是华为mate系列手机的放大版，包括金属后壳，弧度设计等等！个人最喜欢的设计是前置那个触摸感应式按钮，交互设计和魅族手机类似！挺好用的。屏幕显示效果出色，系统升级到了安卓7.0，流畅度也不是问题！机子本身的做工很扎实，缺点是续航力很糟糕，2K屏幕的耗电量很厉害！还有就是玩诛仙的时候画面会有明显的卡顿现象（升级了系统后似乎改善了一点），王者荣耀还可以，发热范围也能接受。京东还良（keng）心（die）送了保护套等配件，至于质量怎样，自己看图吧，那保护套还不如去**自己买一个！,负面,-0.3,"质量,体验,服务","续航糟糕,游戏卡顿,保护套质量差",deepseek-v4-pro,2026-06-29T22:31:11
b43e9d2d5b7dc134,东西挺好的，京东物流给力。,正面,0.9,"质量,物流",,deepseek-v4-pro,2026-06-29T22:31:11
fb12353306cf6106,晚上订，第二天早上就收到，配送速度快，收到打开看完好无损，机器反应快，屏幕清晰，暂无发现问题，希望电池不让人失忘，希望耐用。女票很喜欢，办工在也不用拿笔记本电脑了有它就行,正面,0.8,"物流,质量,体验",,deepseek-v4-pro,2026-06-29T22:31:44
26eff73147b1adae,商品很好 发货很快 服务很好,正面,0.9,"质量,物流,服务",,deepseek-v4-pro,2026-06-29T22:31:44
12b0c406ca9e23c1,挺不错的，好评,正面,0.6,"质量,体验",,deepseek-v4-pro,2026-06-29T22:31:44
9ed7c4a98cdcd0af,这次618买东西，送货有点慢，应该是太忙了，快递大哥辛苦了，今天终于收到宝贝了,中性,-0.1,物流,送货慢,deepseek-v4-pro,2026-06-29T22:31:44
cc240e8cd0b17fd0,总体来说，不错,正面,0.4,体验,,deepseek-v4-pro,2026-06-29T22:31:44
03afa0cdf462bd39,可能价格比在那里吧，分辨率不是很高，但对我们淘族来说已经不错了！反正我觉得挺好！,正面,0.5,"价格,质量,体验",,deepseek-v4-pro,2026-06-29T22:31:44
835d041aaf3d6ea0,这个很好用，速度很快，清晰，声音也大。比我手上老版本中iPad好用多了。支持国货！遗憾就是屏幕还是小了点。,正面,0.7,"质量,体验",,deepseek-v4-pro,2026-06-29T22:31:44
efda6e316d395235,非常满意，轻松的购物真的很放心，还会再来的。,正面,0.9,"体验,服务",,deepseek-v4-pro,2026-06-29T22:31:44
013ecd19f2a0908e,性价比超高，大赞，支持国货。,正面,0.85,"价格,质量,体验",,deepseek-v4-pro,2026-06-29T22:31:44
8ba0d8a80ae6b7f5,感觉还不错，反应挺快，儿子很喜欢,正面,0.75,"质量,体验",,deepseek-v4-pro,2026-06-29T22:31:44
81f3608266d22e48,还不错哦，速度快东西好用,正面,0.8,"质量,体验",,deepseek-v4-pro,2026-06-29T22:32:16
7fcf52ceb5a39375,很好，屏幕清晰，大小刚好。赠品也很不错。,正面,0.9,"质量,体验",,deepseek-v4-pro,2026-06-29T22:32:16
0d1ebc700376bded,物流很快哦，平板的确很不错，音质很好，视频很清晰，华为平板值得购买。,正面,0.95,"物流,质量,体验",,deepseek-v4-pro,2026-06-29T22:32:16
0b23bffe93c20457,真的很不错，这个平板很好用,正面,0.7,"质量,体验",,deepseek-v4-pro,2026-06-29T22:32:16
09df196064021de4,帮同事买的 说还可以,中性,0.1,体验,,deepseek-v4-pro,2026-06-29T22:32:16
f2f6290ee4ea35aa,手机效果不错，华为的品质真心不错,正面,0.8,质量,,deepseek-v4-pro,2026-06-29T22:32:16
559aab5ec37e6e18,宝贝不错，看了好久终于下手，喜欢喜欢,正面,0.9,体验,,deepseek-v4-pro,2026-06-29T22:32:16
6b5cdeec820e4505,包装还是很不错的，如果快递时外面的箱子与平板盒子中间有气泡膜保护就完美了。外包装看着还可以，好像大一号的华为手机。,中性,0.0,包装,缺少气泡膜缓冲保护,deepseek-v4-pro,2026-06-29T22:32:16
7895e8b3778c82e6,还是挺好的，顶下华为,正面,0.6,体验,,deepseek-v4-pro,2026-06-29T22:32:16
eaeb4a5f965cb0f7,收到有几天了也玩了几天了今天来评价，外观漂亮，电池容量够大没有发热现象，屏幕分辨率高，图像清晰，试了一下赛车游戏系统运行流畅，看视频屏幕大图像清晰，特别是声音效果非常好。非常值得购买的平板，看视频、玩游戏、办公文档编辑丝毫不落后一些大品牌，支持国货点赞。,正面,0.99,"质量,体验",,deepseek-v4-pro,2026-06-29T22:32:16
b530798ba0031f5b,上午10点就送到了，物钞所值，支持国货,正面,0.9,"物流,价格",,deepseek-v4-pro,2026-06-29T22:32:42
4892dcc2186bf9e8,整体状态来说不错，性价比也还可以。华为还是很不错的品牌。,正面,0.8,"质量,价格",,deepseek-v4-pro,2026-06-29T22:32:42
a923bae12aba54c3,很流畅，系统更新以后更好。看电影一点不卡。尤其是音响很好。,正面,0.95,"质量,体验",,deepseek-v4-pro,2026-06-29T22:32:42
1982f814e6946aa6,华为的可以信赖,正面,0.8,质量,,deepseek-v4-pro,2026-06-29T22:32:42
36df3b53a7b59313,还好吧，黑边比较大，声音大，看视频可以，不玩游戏也不觉得卡,中性,0.1,"质量,体验",黑边比较大,deepseek-v4-pro,2026-06-29T22:32:42
b8e781724067fcbd,给老人买的 不错吧,正面,0.7,体验,,deepseek-v4-pro,2026-06-29T22:32:42
28f762532f5280ed,"非常的薄，屏幕显示效果比较清晰，总体来说非常满意,快递还是一如既往的非常快,非常棒，满分",正面,1.0,"质量,物流,体验",,deepseek-v4-pro,2026-06-29T22:32:42
d1343df304098412,买来给儿子玩游戏的 速度快，大小合适，性价比高，孩子喜欢,正面,0.9,"质量,价格,体验",,deepseek-v4-pro,2026-06-29T22:32:42
39662ee4c7765c79,鹅蛋1860块买的，送了皮套送了钢化膜送阿乐视影视会员卡，然后就是包装，就是那个品牌店的包装，没有那个保护的哥包装这方面需要改进一下,负面,-0.3,包装,包装缺乏保护,deepseek-v4-pro,2026-06-29T22:32:42
57a365cca3a4d23b,优点 外观，价格,正面,0.9,"质量,价格",,deepseek-v4-pro,2026-06-29T22:32:42
6d99a076e4c27c5d,东西很好，就是买了第二天降价，保价也没得什么，卖家很好,正面,0.7,"价格,服务",,deepseek-v4-pro,2026-06-29T22:33:03
139e0b1e60163028,借这里反应个问题，我上周五6月23日从京东三星手机官方旗舰店下单订购了一台S8+蓝色手机，全款在线支付后，提示需要采购，预计有货日期一直在变，从26日-28日-30日，不知道这是什么套路，诚信何在，那么大的一个电商平台，说货源紧张可以理解，但给个准确日期那么难吗？今天变明天的有意思吗？这点做的真不如线下好，京东给我感觉不如刚开始时那么好了，以前重诚信，送货速度快，客户服务体验好，现在感受不到了。跟其他电商平台相比京东的优势已经越来越弱了。,负面,-0.8,"物流,服务,体验","发货延迟,日期变动,诚信问题,体验下降",deepseek-v4-pro,2026-06-29T22:33:03
8f09c107593c5365,挺好的，给孩子用，送货非常快，意料之外！,正面,0.9,"物流,体验",,deepseek-v4-pro,2026-06-29T22:33:03
34ff22d5a08f6352,犹豫了非常非常久，因为一直用的ipad，再加上后来出的新Pad价格也差不多，后来痛下心来买的原因是办公的便利性和屏幕尺寸，但是实际收到有两个不满，一个是充电接口太Low，一个是不支持电信通话，其余总体好评！,正面,0.5,质量,,deepseek-v4-pro,2026-06-29T22:33:03
d28a69b007d993b8,快递一如既往的快。手机很好用，已经买了N个了，待机时间超长,正面,1.0,"物流,质量",,deepseek-v4-pro,2026-06-29T22:33:03
fa738e5a6c3cc380,大小合适，用着很流畅，电池也比较耐用，对的起这个价格,正面,0.9,"质量,价格",,deepseek-v4-pro,2026-06-29T22:33:03
50a636af6bda6d94,不错，用起来还行，给儿子学习用的，目前没毛病。,正面,0.8,体验,,deepseek-v4-pro,2026-06-29T22:33:03
2a7162e7854c91e4,评论晚了，很好用的平板，性价比高，看电影玩游戏都不卡顿，果断好评！,正面,1.0,"质量,价格",,deepseek-v4-pro,2026-06-29T22:33:03
ed222daa73776998,宝贝收到了，迫不及待的就玩了两天，感觉很好，反应佷快。可能是新的原因吧！就是还不知道电池耐不耐用，要时间久一点才知道。,正面,0.8,质量,,deepseek-v4-pro,2026-06-29T22:33:03
5cd88006392f6869,特好的，就是内存小了点，其他还行,正面,0.6,质量,,deepseek-v4-pro,2026-06-29T22:33:03
e280a0bb4d0d5c49,机器不错运行很流畅，我很喜欢，儿子也很喜欢，老婆还是想要苹果ipad，我果断先下手为强，速度不要比IPAD快多少。,正面,0.9,"质量,体验",,deepseek-v4-pro,2026-06-29T22:33:26
70dcfc84c03079b2,东西不错，物有所值。,正面,0.8,"质量,价格",,deepseek-v4-pro,2026-06-29T22:33:26
849cf369394706dc,还行吧，虽然处理器是930，实际使用比较流畅,中性,0.1,质量,,deepseek-v4-pro,2026-06-29T22:33:26
c3829608bde7d367,给妈妈买的，妈妈挺喜欢，我试试还行，速度挺快的。主要是老娘喜欢就行啊,正面,0.8,"质量,体验",,deepseek-v4-pro,2026-06-29T22:33:26
0d987bd2ca3f7f3e,京东就是快，棒棒哒，一如既往的好，给力！,正面,0.9,"物流,服务",,deepseek-v4-pro,2026-06-29T22:33:26
13e99bb52dd55194,不是赠送东西吗？怎么什么都没有，送来了还不叫验货，啥意思，咋屏幕坏了，也必须要吗，什么玩意，不你们京东现在什么态度！太叫人失望了吧，是觉的我们老客户必须在你们京东买东西是吗，上次就没给我充电器，还不叫验货，咋你们就是这样做生意的！无语,负面,-0.9,"质量,服务,售后","服务态度差,不允验货,屏幕损坏,配件缺失",deepseek-v4-pro,2026-06-29T22:33:26
2654fa6a1a825645,最不开心的一次购物，八天才发货，还是在天天催货的情况下，也是无语了,负面,-0.8,"物流,服务","发货延迟,催货无效",deepseek-v4-pro,2026-06-29T22:33:26
22734be036be3b87,买了不到一个月，降价100元。。。百分之12.5的降价。。。差评,负面,-0.7,价格,短期降价,deepseek-v4-pro,2026-06-29T22:33:26
e607ad8a27f50714,这台平板，预装软件太多，还无法刷机，容易中毒。我都郁闷死了！,负面,-0.8,质量,"预装软件多,无法刷机,安全性差",deepseek-v4-pro,2026-06-29T22:33:26
34d7c6493e003f92,一周内第二次购买同款了，谁知这次却遇到了！昨晚下单今天上午就到了，正在感概京东超快，却不想拆封后意外了，白色外盒上面很大一块坑坑洼洼，一个角撞塌陷了，里面装数据线的地方盒子也是坏的！关键是我必须马上装软件，下午就要送给一个重要的领导，来不及换退货了，京东客户谈半天，给出的解决办法基本都是让我自认倒霉！比如，送我价值20的京豆，让我自己去实体店买个包装，试问，20能买到吗？说有专员联系我处理！却一直没消息！京东！京东！我都怀疑你们这货是不是返修的哟！内盒都有坏的啊！京东，太辜负我们的信任了！！！,负面,-0.9,"包装,物流,服务,售后,质量","包装破损,客服处理不力,退货困难,疑似返修品",deepseek-v4-pro,2026-06-29T22:33:26
1810f30b5857ae5f,太啃爹了第三天就降价一百，无语了,负面,-0.8,价格,降价快,deepseek-v4-pro,2026-06-29T22:33:46
8793c93eebf90d35,配置马马虎虎，经常出现卡顿，电池不耐用，两天充五次电，与官方宣传差太远了,负面,-0.7,"质量,体验","卡顿,电池不耐用,虚假宣传",deepseek-v4-pro,2026-06-29T22:33:46
aedbdbb8c71c85a9,垃圾手机充满电半天都用不到待机一晚上都要用一半电谁买谁后悔,负面,-0.9,质量,电池续航差,deepseek-v4-pro,2026-06-29T22:33:46
35cbb1a2222f6567,不怎么好用，看视频有时候都像是被干扰的，全是彩色的话！不好一分价钱一分货,负面,-0.6,"质量,价格",显示干扰,deepseek-v4-pro,2026-06-29T22:33:46
e1f80a61e187e24f,用着一般，主要是给娃玩,中性,0.0,体验,,deepseek-v4-pro,2026-06-29T22:33:46
086ab8435c33b9fe,垃圾 音质不好 分辨率低低低............,负面,-0.8,质量,"音质差,分辨率低",deepseek-v4-pro,2026-06-29T22:33:46
a776ca30f0606a5a,第一次买华为，嗯，也是最后一次买，东西好不好的暂且不论，售后这么差。用了一个礼拜充电器就有问题。表示这辈子再也不会用华为的任何产品了。祝生意兴隆,负面,-0.9,"售后,质量","售后差,充电器故障",deepseek-v4-pro,2026-06-29T22:33:46
f7c1f3aec8f53a16,玩啥呢！盒子里面堆里点泡沫不行么，就这么晃悠来的。我看这包装我就生气，啥玩意,负面,-0.7,包装,包装简陋,deepseek-v4-pro,2026-06-29T22:33:46
4a315ef11226c25f,东西蛮好的！就是荆门送货员太差劲，早上7点就到荆门了，上午给他打电话，他说下午15点才能送过来，我想都不容易，那就15点吧！因为我16点出门，时间还来得急！谁知道15点的时候东西没送过来，手机发来信息竟然确认收货了！给快递员打电话他说搞错了，马上就送过来！心想他们肯定是有规定要15点必须客户收货！他们也不容易！我也忍了！我跟他说我16点要出门，16点前必须要送过来！但等到16点了还是没有来，又打电话给他，他竟然还说送完一单在过来，我算是服了，我的时间就不是时间了！搞得我自己出去找他才拿到货了,负面,-0.3,"物流,服务","送货延迟,虚假确认收货",deepseek-v4-pro,2026-06-29T22:33:46
3f49ca198fbf15de,"整体用起来倒是不错，就是质量堪忧。50天后系统出现跳屏(屏幕不受控制)现象,返回京东代修，刚刚邮寄回来(为什么发票不见了。。。），再使用一段时间观察观察吧。 国产手机能让人省点心么。",负面,-0.5,"质量,售后","跳屏,发票丢失",deepseek-v4-pro,2026-06-29T22:33:46
ae2e33d50c9b4d2d,11.2晚上拍的，第二天早上就降价100还有赠品，找个差价还把我用的卷钱给减了，赠品也不给补，真可以了，什么服务啊！太生气了！！！,负面,-0.9,"价格,服务","降价不退差价,客服处理不当",deepseek-v4-pro,2026-06-29T22:34:15
69c1bd4395990a13,头天买第二天就降价 还赠东西 ！事先问客服有没有活动还不告诉！我也真是醉了！,负面,-0.8,"价格,服务","刚买就降价,客服隐瞒活动",deepseek-v4-pro,2026-06-29T22:34:15
5d3fe328169ec56f,摄像头视频聊天模糊，手机没到货就降价了，太坑人了。差差差～,负面,-0.85,"质量,价格","摄像头模糊,未到货就降价",deepseek-v4-pro,2026-06-29T22:34:15
c9821b515edd829b,实物正面一般，一圈仿金属条很掉价的感觉！虽然屏幕很大，但是很多客户端适配起来会很奇怪，特别是京东和一些新闻app，图片很大字体却比手机还小，自己看图体会吧，时间久了眼睛很疲劳，这货只适合看视频或者导航仪用，其他就呵呵了！,负面,-0.5,"质量,体验","外观廉价,APP适配差,字体小伤眼",deepseek-v4-pro,2026-06-29T22:34:15
d1ad3eff943d5744,平板买回来用到第三天就出现花屏现象，往后再用每天都会有有花屏现象？,负面,-0.8,质量,花屏,deepseek-v4-pro,2026-06-29T22:34:15
6393039cb901ab0b,物品用了一段时间，效果非常差，误操作太厉害，,负面,-0.7,"质量,体验","效果差,误操作严重",deepseek-v4-pro,2026-06-29T22:34:15
3eca31a1e876172c,用了一个月就开不了机了，郁闷。评价还非要打个标签，标签的选项都是好的，京东怎么这样的。,负面,-0.75,"质量,体验","用一个月开不了机,评价标签不合理",deepseek-v4-pro,2026-06-29T22:34:15
89dbbb332ffb561c,产品还行，就是没有耳机。,中性,-0.1,包装,缺少耳机,deepseek-v4-pro,2026-06-29T22:34:15
b9820f416e4403e9,模发过来居然是被折过的，贴上后就一个很大的气泡！差评！！,负面,-0.9,"包装,质量","膜被折过,有气泡",deepseek-v4-pro,2026-06-29T22:34:15
0ba5d7e2c9cf0594,黑边真的很大。第一次参加抢购，荣耀x2 *拍到但就是不给形成订单直到价格变回*才形成订单。唉，有意思吗？不是真的何必耍我们呢，好歹我也是老钻石了。,负面,-0.8,"质量,体验","黑边大,抢购被耍,订单不生成",deepseek-v4-pro,2026-06-29T22:34:15
d5bbb00ae222ea91,以前不用报销的都有收据清单，这次要报销什么都没有，客服客服找不到，烦,负面,-0.6,"服务,售后","缺少收据清单,客服联系不上",deepseek-v4-pro,2026-06-29T22:34:51
d81c0aca60623d9b,没有，什么都没有，钱比别处贵还什么都没有,负面,-0.7,"价格,体验","缺少配件,价格昂贵",deepseek-v4-pro,2026-06-29T22:34:51
b8b7687f22ff9103,发货速度挺快 就是包装太差劲 到货后包装破损太厉害 快递员不理不会服务差 不敬业,负面,-0.4,"物流,包装,服务","包装破损,快递员态度差",deepseek-v4-pro,2026-06-29T22:34:51
fb0c670831e13af6,为什么屏幕上连膜都没有一张，皮套更没有，真是郁闷！,负面,-0.5,"体验,包装",缺少配件,deepseek-v4-pro,2026-06-29T22:34:51
52305d7736bea440,说真的，这个真的坑，才那么几天就开始卡屏，还拿过去维修了两次，两次都还是这样，1星都觉得给多了，还说是京东自营，给坑了,负面,-0.9,"质量,售后","卡屏,维修未解决",deepseek-v4-pro,2026-06-29T22:34:51
b519a5943fa7ebcb,通话平板竟然不带耳机，不送保护膜？,负面,-0.5,体验,"缺少耳机,不送保护膜",deepseek-v4-pro,2026-06-29T22:34:51
30332b2e6cab3acd,机子没问题，给5分，就是给赠品的问题，也不知道是给京东骗了还是给华为骗个，下单的时候看到有爱奇艺会员，结果寄过来就没了，给的答复就是赠完即止，完全解决问题,负面,-0.3,"体验,服务","赠品未兑现,客服敷衍",deepseek-v4-pro,2026-06-29T22:34:51
95d3818f72a53601,首先产品很不错，这个价位能买个平板确实是赚到了。配送速度和快递人员都很好，最不能接受的是这家的客服好差劲，产品性能都不了解清楚，问一个不知道问两个不清楚，最后还是我自己打的技术中心的电话问的。写着有赠品结果到货就只有一个平板什么都没有。问客服，那态度真叫一个恶心，这次618买了3部手机一个平板都是华为的，真是太寒心了。,负面,-0.4,"质量,物流,服务,体验","客服不专业,赠品缺失,客服态度差",deepseek-v4-pro,2026-06-29T22:34:51
ff24c4441cd1116a,没得说，手机电池太垃圾，刚卖说换还要寄回去验证，现在不见意购卖。,负面,-0.7,"质量,售后","电池质量差,换货流程麻烦",deepseek-v4-pro,2026-06-29T22:34:51
43df56af10e900ca,烂透了，还有耳机，套子之类，说要送的东西都没有。,负面,-0.8,"质量,体验","产品质量差,赠品缺失",deepseek-v4-pro,2026-06-29T22:34:51
8440cd65a684d709,5天才送到。京东可真是。除了平板和充电器什么也没有。不说赠品。基本的膜没有。耳机也没有。,负面,-0.7,"物流,包装","物流慢,缺少配件",deepseek-v4-pro,2026-06-29T22:35:29
ca1d7f729a515b9b,真的很失望。包装虽然是完整的，但是屏幕上有指印，还有被胡乱擦过的痕迹，看起来非常恶心，不知道是出厂问题还是京东的问题。东西没有用，扔到一边了，怀疑根本不是新品。失望。,负面,-0.8,质量,"屏幕脏污,疑似翻新",deepseek-v4-pro,2026-06-29T22:35:29
c2aa15da5962539f,清晰度不够，边框脏，做工粗糙，懒得退了,负面,-0.6,质量,"显示模糊,做工粗糙",deepseek-v4-pro,2026-06-29T22:35:29
b12535a696c04748,不清晰！点触不灵敏！微信下载不下来！不值当,负面,-0.7,"质量,体验","显示模糊,触屏不灵,应用兼容性差",deepseek-v4-pro,2026-06-29T22:35:29
861ffbb8be24682a,产品不错，就是京东客服不正面面对问题，明明商品界面显示“下单立减200”，结果下单后一分没减，还说让我看看活动信息，还说什么不是这个产品。我在之前一天就下单了，显示1799（1999-200），但因为看到下一天12点抢购1599，就等了一天。结果下单后没减，还一堆理由。今天看已经没有“下单立减200”的字样了，坑。投诉到消协解决。这么大的京东你差200么？我差那200。而且为什么其他客户有1599-200，还差不对待啊！,负面,-0.5,"价格,服务,体验","虚假降价,客服推诿,活动不实",deepseek-v4-pro,2026-06-29T22:35:29
98529b8cd50c272e,觉的京东的价太虚了，就一千多的手机能上下几百，利润好大。,负面,-0.5,价格,价格虚高,deepseek-v4-pro,2026-06-29T22:35:29
fb418334ba4019b3,草 他 妈，买个东西搞一肚子气，双十一下单 赠皮套，结果那天忘了没下单，十二号想起来了，下单后一看没有赠皮套了，改成赠50元配件券，心想赠券也行，加个十块钱买个皮套算了，结果发个摄像头坏的机子给我，第二天退回去换新机，到十八号才拿到新机。中间浪费我时间也就算了，货到了不打电话也不说了，结果五十块钱配件券也不给我发，问客服说给我查，一等半小时没音，五十块钱配件券让我问三次，一会儿说三天内发，一会儿又说七天内。十二号下单到十八号才用上，发个赠券你还让我等一星期，那好，我先发个差评吧，顺便晒一下，世界500强产品拍出来的照片。,负面,-0.9,"质量,售后,服务,体验","摄像头故障,换货周期长,客服拖延,赠券不兑现",deepseek-v4-pro,2026-06-29T22:35:29
291c251de1a57581,cpu太差 一点都不流畅 亏了,负面,-0.6,质量,"CPU性能差,系统卡顿",deepseek-v4-pro,2026-06-29T22:35:29
63f000635a5511ee,今天特意凌晨秒拍的，跟前几天的价格一样，货还没收到，现在拍就赠保护套了，气愤，机子运行有点卡，画面也有点不清晰，差评,负面,-0.7,"价格,质量,体验","价格未优惠,运行卡顿,屏幕模糊,赠品缺失",deepseek-v4-pro,2026-06-29T22:35:29
fb0fb54ec41934bf,垃圾，七天才送货。刚刚送货来，刚买完就优惠了，估计是小米出平板2了。才收到货，就赠送充电宝，还手机上买便宜40大洋，要不是我在外地，铁定选择退货，什么玩意儿..........从今天算起，回到家不超时间就退掉.....,负面,-0.8,"物流,价格,体验","送货慢,刚买就降价,赠品变动",deepseek-v4-pro,2026-06-29T22:35:29
d0758c0487fbb942,我擦，通话版电信卡不能用，你不能描述清楚吗，要知道电信不能用我就不买这种通话版本的了，做事能不能尽责些，这样我值得给你好评吗,负面,-0.8,"体验,服务","描述不清,不支持电信卡,误导消费者",deepseek-v4-pro,2026-06-29T22:35:50
3e54a329fea2e853,必须差评，差一天降价200，什么优惠券不算差价？优惠券不是变相降价吗？本身降了110，4号买的.5号到货，5号当天就有100的优惠券，太会坑人了吧，头一次差评！居然收货当天就降了200，大家再买一定要看好！！！！,负面,-0.9,"价格,售后","短期降价,价保不认优惠券,坑人",deepseek-v4-pro,2026-06-29T22:35:50
728b39fa9ee6f992,这机不怎样，分辨率低，第一台系统出现问题解不了锁，换了一台屏幕发黄，屏幕明显漏光，1星是给京东商城的服务，服务真的好，退换都很快，有专人跟进,负面,-0.5,"质量,服务","质量差,分辨率低,系统问题,屏幕发黄漏光",deepseek-v4-pro,2026-06-29T22:35:50
6f7bd1861b8200cc,很失望。下单时显示12期白条免手续费，订单完成后白条还款提示有手续费。售后各种理由推脱，说要下单时截图证明，谁每次买东西都有截图习惯？这次对京东很失望。。。。很失望。。。。以后买东西都不会考虑京东了，店大欺客。,负面,-0.8,"服务,体验","虚假宣传,收取手续费,售后推诿",deepseek-v4-pro,2026-06-29T22:35:50
959f12049aa3f97b,商品标注的内存是32G，东西拿到手一看，只有24G，我知道机子原有的系统要占一定的内存，但是这差距也太大了吧，一般的机子也就差个4G左右，这个一差差了8G，这一定是有问题的，偷工减料太明显了。,负面,-0.7,质量,"内存虚标,偷工减料",deepseek-v4-pro,2026-06-29T22:35:50
7fc82128043192db,微信，第三方视频聊天前置摄像头画面黑的好厉害，怎么样设置都不能正常，手机本身没有问题，但是第三方软件的兼容性也太差了，杂牌的安卓手机都没有这个毛病,负面,-0.6,质量,"摄像头兼容性差,画面黑",deepseek-v4-pro,2026-06-29T22:35:50
148bfdb37020ff5a,我在实体店里看好的，店员告诉我是全网通的，结果我买了在京东买了一个通话版的，一问才告诉我说是不支持电信的，真奇葩，我13号买的，告诉我14号可以到货，结果16号才收到，至少不能送起码给我一个电话吧，信都没得一个，第一次在京东上购物，很伤心的一次，,负面,-0.8,"体验,物流","不支持电信,描述不符,物流延迟,无通知",deepseek-v4-pro,2026-06-29T22:35:50
7073a7f1a579e68e,此款手机是人家用过的给我发的，收货没有发票，没有手机膜，打电话也不好用，买过那么多次京东产品，都是带发票，凭什么我买那么货都带发票，偏偏手机不带啊？价格低就发次品吗？京东手机垃圾，绝对垃圾，就不能退货了，能退货我早就退了,负面,-0.9,"质量,服务,体验","发二手货,无发票,质量问题",deepseek-v4-pro,2026-06-29T22:35:50
f18eb8d871401d7a,买几天价格降*。还说不符合申请价格保护。各种说辞。算了，认倒霉。王思聪说的好，店大欺客。,负面,-0.7,"价格,售后","短期降价,不保价",deepseek-v4-pro,2026-06-29T22:35:50
97d686539bfde80e,和华为手机比差远了，希望华为能像苹果那样将平板也做好,负面,-0.5,质量,与华为差距大,deepseek-v4-pro,2026-06-29T22:35:50
805ace5dffae1a8c,价格降价厉害了，差评，刚买的iPad也是几天就降价了，so一星都不想给，对京东没爱了，以后会尽量不在京东购买了，一个大波浪受不了。,负面,-0.8,"价格,体验","频繁降价,价格不稳定",deepseek-v4-pro,2026-06-29T22:36:19
481c7cfbba1770ee,垃圾东西，卡的要死，,负面,-0.9,质量,运行卡顿,deepseek-v4-pro,2026-06-29T22:36:19
1ef7d00039949402,已经退货了，预装软件太多了。都是华为的软件和一些根本就用不上的软件。太坑了。,负面,-0.8,体验,"预装软件过多,无用软件",deepseek-v4-pro,2026-06-29T22:36:19
a241226d627f4119,促销的东西 质量和快递速度真让人心累 等一个月 残次品！,负面,-0.9,"质量,物流","质量残次,物流过慢",deepseek-v4-pro,2026-06-29T22:36:19
fb6cb40c62b53c26,才半个月机身就弯了！,负面,-0.9,质量,"机身变形,质量缺陷",deepseek-v4-pro,2026-06-29T22:36:19
2c192a9c653db7d2,这手机太垃圾了。都怀疑你卖给我的是假货。华为用了多年第一次见这种情况，失望！！可惜我发现太晚了，要不然绝对退货,负面,-0.95,"质量,服务","怀疑假货,产品质量差",deepseek-v4-pro,2026-06-29T22:36:19
85eed41a98a8c833,包装较差 这么一个平板里面连个防震气垫都不舍得放 就光秃秃的一个商品放在盒子里,负面,-0.7,包装,"包装简陋,缺乏防震措施",deepseek-v4-pro,2026-06-29T22:36:19
0cd06db764662270,仅限联通3g，网页没说明。开始一直以为是信号和卡的问题，最后移动工作人员发现是机器问题，第八天不能退了，换移动版要加两百多。最后只好换联通电话卡。机器本身用着暂时没问题。,负面,-0.6,"服务,体验","网页未说明网络制式,误导消费者",deepseek-v4-pro,2026-06-29T22:36:19
952994066cb86cd4,买后悔了，不咋滴,负面,-0.6,体验,整体体验差,deepseek-v4-pro,2026-06-29T22:36:19
a2f25cbf87ca2c02,我3月1日买的*元，半个月你就成了*元，给你差评就是这原因,负面,-0.7,价格,价格大幅下降,deepseek-v4-pro,2026-06-29T22:36:19
