user_id,R,F,M,R_score,F_score,M_score,RFM,label
2,2,7,1307.2,1,1,1,111,核心价值用户
4,4,4,570.4,0,1,1,011,重点保持用户
16,3,2,169.3,0,1,0,010,一般保持用户
17,3,1,62.7,0,0,0,000,流失用户
20,3,1,37.9,0,0,0,000,流失用户
25,5,2,626.8,0,1,1,011,重点保持用户
27,3,1,11.4,0,0,0,000,流失用户
28,2,3,144.6,1,1,0,110,高潜力用户
33,4,3,321.1,0,1,1,011,重点保持用户
38,3,1,93.1,0,0,0,000,流失用户
39,2,4,367.0,1,1,1,111,核心价值用户
40,3,1,195.0,0,0,0,000,流失用户
41,2,11,1435.7,1,1,1,111,核心价值用户
43,1,6,528.3,1,1,1,111,核心价值用户
44,6,1,112.4,0,0,0,000,流失用户
45,1,4,511.1,1,1,1,111,核心价值用户
46,2,5,244.99999999999997,1,1,1,111,核心价值用户
48,1,1,63.6,1,0,0,100,一般发展用户
49,1,1,150.4,1,0,0,100,一般发展用户
50,1,18,3154.3999999999996,1,1,1,111,核心价值用户
51,2,1,149.6,1,0,0,100,一般发展用户
57,2,2,314.6,1,1,1,111,核心价值用户
61,1,5,645.2,1,1,1,111,核心价值用户
62,1,3,679.0,1,1,1,111,核心价值用户
63,6,1,155.2,0,0,0,000,流失用户
65,1,2,197.2,1,1,0,110,高潜力用户
66,1,4,320.4,1,1,1,111,核心价值用户
68,1,3,416.4,1,1,1,111,核心价值用户
71,3,1,19.6,0,0,0,000,流失用户
72,3,2,280.9,0,1,1,011,重点保持用户
73,3,2,224.6,0,1,1,011,重点保持用户
75,1,8,853.5999999999999,1,1,1,111,核心价值用户
76,4,1,340.0,0,0,1,001,高消费沉睡用户
77,2,2,462.6,1,1,1,111,核心价值用户
80,3,4,334.3,0,1,1,011,重点保持用户
81,5,2,78.4,0,1,0,010,一般保持用户
88,1,1,190.8,1,0,0,100,一般发展用户
91,1,1,105.4,1,0,0,100,一般发展用户
95,5,1,223.2,0,0,1,001,高消费沉睡用户
96,3,2,302.9,0,1,1,011,重点保持用户
98,2,2,277.20000000000005,1,1,1,111,核心价值用户
101,1,7,727.3,1,1,1,111,核心价值用户
108,1,2,24.1,1,1,0,110,高潜力用户
109,2,2,152.8,1,1,0,110,高潜力用户
110,6,1,197.2,0,0,0,000,流失用户
113,2,1,216.4,1,0,1,101,高消费流失预警用户
114,1,5,600.8,1,1,1,111,核心价值用户
116,2,2,248.3,1,1,1,111,核心价值用户
117,6,3,628.4,0,1,1,011,重点保持用户
119,5,3,264.09999999999997,0,1,1,011,重点保持用户
120,6,2,360.30000000000007,0,1,1,011,重点保持用户
122,2,2,437.2,1,1,1,111,核心价值用户
123,2,2,290.20000000000005,1,1,1,111,核心价值用户
126,5,1,122.0,0,0,0,000,流失用户
128,1,4,833.7,1,1,1,111,核心价值用户
129,1,11,1259.0,1,1,1,111,核心价值用户
130,1,3,378.4,1,1,1,111,核心价值用户
131,2,3,301.8,1,1,1,111,核心价值用户
132,6,1,256.0,0,0,1,001,高消费沉睡用户
135,4,1,86.0,0,0,0,000,流失用户
136,4,2,219.7,0,1,1,011,重点保持用户
137,2,1,44.5,1,0,0,100,一般发展用户
140,5,1,94.2,0,0,0,000,流失用户
143,3,2,75.7,0,1,0,010,一般保持用户
146,1,4,460.0,1,1,1,111,核心价值用户
147,1,5,477.5,1,1,1,111,核心价值用户
149,3,1,282.9,0,0,1,001,高消费沉睡用户
150,2,5,630.7,1,1,1,111,核心价值用户
151,2,2,148.7,1,1,0,110,高潜力用户
152,1,3,1032.8,1,1,1,111,核心价值用户
153,6,1,41.400000000000006,0,0,0,000,流失用户
154,2,1,269.70000000000005,1,0,1,101,高消费流失预警用户
156,2,1,101.10000000000001,1,0,0,100,一般发展用户
157,2,1,81.0,1,0,0,100,一般发展用户
158,3,1,298.8,0,0,1,001,高消费沉睡用户
162,2,1,201.2,1,0,0,100,一般发展用户
168,1,2,79.3,1,1,0,110,高潜力用户
170,6,1,108.30000000000001,0,0,0,000,流失用户
172,6,1,42.4,0,0,0,000,流失用户
173,3,5,539.6,0,1,1,011,重点保持用户
174,3,1,11.7,0,0,0,000,流失用户
178,3,2,228.0,0,1,1,011,重点保持用户
182,2,1,43.6,1,0,0,100,一般发展用户
183,4,1,49.3,0,0,0,000,流失用户
184,1,2,122.7,1,1,0,110,高潜力用户
186,3,1,165.4,0,0,0,000,流失用户
190,2,2,316.2,1,1,1,111,核心价值用户
192,1,8,887.3,1,1,1,111,核心价值用户
196,3,3,450.1,0,1,1,011,重点保持用户
200,3,1,107.69999999999999,0,0,0,000,流失用户
201,6,1,27.0,0,0,0,000,流失用户
202,4,1,19.200000000000003,0,0,0,000,流失用户
204,4,1,25.2,0,0,0,000,流失用户
206,4,1,43.5,0,0,0,000,流失用户
208,1,3,485.40000000000003,1,1,1,111,核心价值用户
209,2,2,267.9,1,1,1,111,核心价值用户
210,1,2,153.4,1,1,0,110,高潜力用户
212,2,2,134.1,1,1,0,110,高潜力用户
214,1,2,433.09999999999997,1,1,1,111,核心价值用户
215,1,1,60.0,1,0,0,100,一般发展用户
216,3,5,770.8,0,1,1,011,重点保持用户
221,3,1,33.8,0,0,0,000,流失用户
223,2,1,189.60000000000002,1,0,0,100,一般发展用户
225,4,4,531.8000000000001,0,1,1,011,重点保持用户
226,5,3,226.39999999999998,0,1,1,011,重点保持用户
227,1,2,103.5,1,1,0,110,高潜力用户
230,6,2,189.7,0,1,0,010,一般保持用户
231,4,2,118.19999999999999,0,1,0,010,一般保持用户
232,2,2,428.8,1,1,1,111,核心价值用户
233,1,2,290.2,1,1,1,111,核心价值用户
238,5,1,55.1,0,0,0,000,流失用户
240,1,2,525.2,1,1,1,111,核心价值用户
241,4,3,559.5,0,1,1,011,重点保持用户
244,2,1,92.5,1,0,0,100,一般发展用户
245,1,5,667.7,1,1,1,111,核心价值用户
246,4,1,44.9,0,0,0,000,流失用户
248,3,2,436.5,0,1,1,011,重点保持用户
249,5,2,168.60000000000002,0,1,0,010,一般保持用户
251,2,6,879.7,1,1,1,111,核心价值用户
252,1,9,940.3000000000001,1,1,1,111,核心价值用户
254,3,1,166.6,0,0,0,000,流失用户
255,6,1,58.6,0,0,0,000,流失用户
256,4,6,1462.0,0,1,1,011,重点保持用户
257,6,1,83.9,0,0,0,000,流失用户
259,3,2,402.8,0,1,1,011,重点保持用户
264,2,2,198.79999999999998,1,1,0,110,高潜力用户
266,1,1,90.0,1,0,0,100,一般发展用户
268,5,1,195.89999999999998,0,0,0,000,流失用户
273,4,1,34.5,0,0,0,000,流失用户
274,1,2,150.8,1,1,0,110,高潜力用户
275,1,3,634.2,1,1,1,111,核心价值用户
276,3,4,379.70000000000005,0,1,1,011,重点保持用户
277,2,3,171.90000000000003,1,1,0,110,高潜力用户
280,1,2,370.0,1,1,1,111,核心价值用户
281,2,1,39.7,1,0,0,100,一般发展用户
284,1,5,630.1,1,1,1,111,核心价值用户
286,3,3,342.40000000000003,0,1,1,011,重点保持用户
287,3,1,134.2,0,0,0,000,流失用户
290,3,3,132.9,0,1,0,010,一般保持用户
291,2,3,291.0,1,1,1,111,核心价值用户
293,1,3,242.2,1,1,1,111,核心价值用户
294,2,3,328.8,1,1,1,111,核心价值用户
295,6,1,78.1,0,0,0,000,流失用户
296,6,1,50.8,0,0,0,000,流失用户
298,3,1,233.39999999999998,0,0,1,001,高消费沉睡用户
299,2,1,134.8,1,0,0,100,一般发展用户
300,6,1,186.89999999999998,0,0,0,000,流失用户
303,2,5,494.4,1,1,1,111,核心价值用户
304,1,3,439.29999999999995,1,1,1,111,核心价值用户
307,6,1,376.8,0,0,1,001,高消费沉睡用户
309,1,2,365.5,1,1,1,111,核心价值用户
310,3,1,188.0,0,0,0,000,流失用户
311,1,6,932.8,1,1,1,111,核心价值用户
312,1,7,1057.3,1,1,1,111,核心价值用户
313,2,5,694.8,1,1,1,111,核心价值用户
317,1,6,715.5,1,1,1,111,核心价值用户
318,4,2,360.4,0,1,1,011,重点保持用户
321,1,4,747.6,1,1,1,111,核心价值用户
322,1,5,182.79999999999998,1,1,0,110,高潜力用户
325,1,2,620.8,1,1,1,111,核心价值用户
326,1,1,80.4,1,0,0,100,一般发展用户
329,6,1,12.6,0,0,0,000,流失用户
330,1,2,130.5,1,1,0,110,高潜力用户
331,2,1,127.19999999999999,1,0,0,100,一般发展用户
338,2,2,86.4,1,1,0,110,高潜力用户
339,6,1,75.2,0,0,0,000,流失用户
340,3,4,907.4,0,1,1,011,重点保持用户
341,1,2,168.7,1,1,0,110,高潜力用户
343,5,3,157.1,0,1,0,010,一般保持用户
344,2,2,138.2,1,1,0,110,高潜力用户
345,1,5,557.4,1,1,1,111,核心价值用户
346,5,1,264.6,0,0,1,001,高消费沉睡用户
348,2,1,62.099999999999994,1,0,0,100,一般发展用户
351,2,2,189.4,1,1,0,110,高潜力用户
352,1,3,267.6,1,1,1,111,核心价值用户
353,2,4,381.09999999999997,1,1,1,111,核心价值用户
358,3,6,423.0,0,1,1,011,重点保持用户
359,3,1,293.2,0,0,1,001,高消费沉睡用户
360,1,3,165.79999999999998,1,1,0,110,高潜力用户
361,3,4,711.3,0,1,1,011,重点保持用户
362,2,5,816.5,1,1,1,111,核心价值用户
363,2,2,484.09999999999997,1,1,1,111,核心价值用户
364,6,1,208.8,0,0,1,001,高消费沉睡用户
365,1,1,63.300000000000004,1,0,0,100,一般发展用户
366,2,5,248.6,1,1,1,111,核心价值用户
367,6,1,108.4,0,0,0,000,流失用户
368,1,8,732.9,1,1,1,111,核心价值用户
369,6,1,9.6,0,0,0,000,流失用户
370,5,1,82.5,0,0,0,000,流失用户
371,5,1,107.6,0,0,0,000,流失用户
373,1,1,107.69999999999999,1,0,0,100,一般发展用户
375,5,1,217.2,0,0,1,001,高消费沉睡用户
376,2,4,368.9,1,1,1,111,核心价值用户
377,2,2,168.6,1,1,0,110,高潜力用户
378,1,3,279.8,1,1,1,111,核心价值用户
379,5,3,363.59999999999997,0,1,1,011,重点保持用户
381,4,1,189.0,0,0,0,000,流失用户
382,6,2,115.79999999999998,0,1,0,010,一般保持用户
385,1,3,353.79999999999995,1,1,1,111,核心价值用户
387,1,7,1071.0,1,1,1,111,核心价值用户
389,4,1,303.2,0,0,1,001,高消费沉睡用户
390,1,2,155.7,1,1,0,110,高潜力用户
391,1,10,1276.0,1,1,1,111,核心价值用户
395,2,1,87.0,1,0,0,100,一般发展用户
396,2,2,73.8,1,1,0,110,高潜力用户
399,3,2,503.2,0,1,1,011,重点保持用户
401,2,3,280.90000000000003,1,1,1,111,核心价值用户
402,3,1,188.0,0,0,0,000,流失用户
403,4,2,185.1,0,1,0,010,一般保持用户
406,2,3,479.6,1,1,1,111,核心价值用户
407,3,3,496.4,0,1,1,011,重点保持用户
410,2,4,328.5,1,1,1,111,核心价值用户
411,6,2,477.49999999999994,0,1,1,011,重点保持用户
412,1,3,630.8,1,1,1,111,核心价值用户
413,2,3,32.2,1,1,0,110,高潜力用户
417,1,3,256.59999999999997,1,1,1,111,核心价值用户
419,4,1,193.0,0,0,0,000,流失用户
421,6,2,183.7,0,1,0,010,一般保持用户
423,1,2,226.7,1,1,1,111,核心价值用户
424,2,1,68.9,1,0,0,100,一般发展用户
425,3,6,787.0,0,1,1,011,重点保持用户
428,1,3,649.6,1,1,1,111,核心价值用户
429,5,4,623.1999999999999,0,1,1,011,重点保持用户
430,5,1,53.3,0,0,0,000,流失用户
433,3,1,59.699999999999996,0,0,0,000,流失用户
434,5,1,75.0,0,0,0,000,流失用户
435,1,3,422.0,1,1,1,111,核心价值用户
436,2,3,516.3,1,1,1,111,核心价值用户
438,2,3,261.29999999999995,1,1,1,111,核心价值用户
440,3,1,171.60000000000002,0,0,0,000,流失用户
442,6,1,359.6,0,0,1,001,高消费沉睡用户
446,5,1,93.6,0,0,0,000,流失用户
447,2,1,81.4,1,0,0,100,一般发展用户
448,3,1,48.8,0,0,0,000,流失用户
449,1,2,76.9,1,1,0,110,高潜力用户
450,2,5,995.4000000000001,1,1,1,111,核心价值用户
453,4,6,826.1,0,1,1,011,重点保持用户
454,2,1,30.0,1,0,0,100,一般发展用户
455,1,3,625.5,1,1,1,111,核心价值用户
457,1,1,147.89999999999998,1,0,0,100,一般发展用户
459,1,1,6.9,1,0,0,100,一般发展用户
461,2,1,240.8,1,0,1,101,高消费流失预警用户
462,6,1,78.7,0,0,0,000,流失用户
464,1,3,340.9,1,1,1,111,核心价值用户
467,1,3,302.3,1,1,1,111,核心价值用户
470,1,21,1996.2,1,1,1,111,核心价值用户
471,1,1,52.199999999999996,1,0,0,100,一般发展用户
472,3,2,369.3,0,1,1,011,重点保持用户
474,6,1,22.200000000000003,0,0,0,000,流失用户
476,1,9,1145.4,1,1,1,111,核心价值用户
479,1,1,45.4,1,0,0,100,一般发展用户
480,1,1,145.6,1,0,0,100,一般发展用户
481,1,4,381.3,1,1,1,111,核心价值用户
483,1,3,107.5,1,1,0,110,高潜力用户
484,2,3,368.90000000000003,1,1,1,111,核心价值用户
485,2,3,228.20000000000002,1,1,1,111,核心价值用户
486,1,6,772.6,1,1,1,111,核心价值用户
491,5,1,37.8,0,0,0,000,流失用户
492,3,2,24.0,0,1,0,010,一般保持用户
494,3,2,222.1,0,1,1,011,重点保持用户
495,2,1,92.2,1,0,0,100,一般发展用户
496,3,3,431.0,0,1,1,011,重点保持用户
497,4,2,183.6,0,1,0,010,一般保持用户
499,2,2,440.6,1,1,1,111,核心价值用户
507,5,1,16.5,0,0,0,000,流失用户
513,2,1,30.0,1,0,0,100,一般发展用户
515,4,6,1145.9,0,1,1,011,重点保持用户
517,1,1,135.6,1,0,0,100,一般发展用户
520,4,2,332.6,0,1,1,011,重点保持用户
521,3,1,50.5,0,0,0,000,流失用户
522,5,1,82.6,0,0,0,000,流失用户
523,2,4,897.7,1,1,1,111,核心价值用户
524,3,5,781.3,0,1,1,011,重点保持用户
526,1,4,614.0999999999999,1,1,1,111,核心价值用户
527,2,1,32.9,1,0,0,100,一般发展用户
528,6,1,214.79999999999998,0,0,1,001,高消费沉睡用户
531,2,1,9.0,1,0,0,100,一般发展用户
532,3,3,191.6,0,1,0,010,一般保持用户
533,6,2,373.3,0,1,1,011,重点保持用户
535,3,4,1037.6,0,1,1,011,重点保持用户
536,2,3,438.3,1,1,1,111,核心价值用户
537,3,1,56.7,0,0,0,000,流失用户
538,6,1,80.6,0,0,0,000,流失用户
543,6,1,64.19999999999999,0,0,0,000,流失用户
546,1,1,33.7,1,0,0,100,一般发展用户
547,2,1,318.4,1,0,1,101,高消费流失预警用户
549,2,1,204.29999999999998,1,0,0,100,一般发展用户
551,4,4,265.2,0,1,1,011,重点保持用户
552,2,1,84.4,1,0,0,100,一般发展用户
553,3,1,235.2,0,0,1,001,高消费沉睡用户
556,4,1,88.4,0,0,0,000,流失用户
557,1,7,844.5,1,1,1,111,核心价值用户
558,2,1,179.7,1,0,0,100,一般发展用户
559,4,2,182.6,0,1,0,010,一般保持用户
561,3,2,159.8,0,1,0,010,一般保持用户
562,1,1,124.2,1,0,0,100,一般发展用户
563,3,7,1307.8,0,1,1,011,重点保持用户
564,2,3,477.29999999999995,1,1,1,111,核心价值用户
565,5,3,183.3,0,1,0,010,一般保持用户
567,1,6,269.5,1,1,1,111,核心价值用户
568,6,1,27.8,0,0,0,000,流失用户
571,4,5,441.40000000000003,0,1,1,011,重点保持用户
574,2,2,194.0,1,1,0,110,高潜力用户
579,4,2,87.0,0,1,0,010,一般保持用户
580,2,5,399.2,1,1,1,111,核心价值用户
581,2,1,96.6,1,0,0,100,一般发展用户
584,1,2,219.29999999999998,1,1,1,111,核心价值用户
585,6,1,17.8,0,0,0,000,流失用户
587,2,2,415.2,1,1,1,111,核心价值用户
588,2,1,74.3,1,0,0,100,一般发展用户
590,1,2,170.0,1,1,0,110,高潜力用户
592,3,4,215.2,0,1,1,011,重点保持用户
597,3,2,430.8,0,1,1,011,重点保持用户
598,3,2,464.0,0,1,1,011,重点保持用户
599,1,11,1724.1,1,1,1,111,核心价值用户
600,5,1,0.8,0,0,0,000,流失用户
601,6,1,342.8,0,0,1,001,高消费沉睡用户
603,4,1,182.2,0,0,0,000,流失用户
606,1,2,184.2,1,1,0,110,高潜力用户
608,1,2,417.4,1,1,1,111,核心价值用户
609,4,3,404.2,0,1,1,011,重点保持用户
610,1,1,68.69999999999999,1,0,0,100,一般发展用户
613,3,1,253.79999999999998,0,0,1,001,高消费沉睡用户
615,1,3,191.2,1,1,0,110,高潜力用户
616,1,3,224.29999999999998,1,1,1,111,核心价值用户
617,2,3,186.1,1,1,0,110,高潜力用户
618,2,1,138.8,1,0,0,100,一般发展用户
621,1,5,754.8000000000001,1,1,1,111,核心价值用户
622,1,9,1063.3,1,1,1,111,核心价值用户
623,1,2,327.0,1,1,1,111,核心价值用户
624,1,4,293.70000000000005,1,1,1,111,核心价值用户
625,5,2,288.40000000000003,0,1,1,011,重点保持用户
626,1,1,209.39999999999998,1,0,1,101,高消费流失预警用户
627,1,2,282.1,1,1,1,111,核心价值用户
629,2,5,543.6,1,1,1,111,核心价值用户
632,2,5,675.1,1,1,1,111,核心价值用户
635,5,1,38.6,0,0,0,000,流失用户
636,6,1,104.69999999999999,0,0,0,000,流失用户
638,2,6,730.9,1,1,1,111,核心价值用户
640,3,2,347.09999999999997,0,1,1,011,重点保持用户
641,1,1,57.6,1,0,0,100,一般发展用户
642,1,3,602.4,1,1,1,111,核心价值用户
644,2,1,10.0,1,0,0,100,一般发展用户
645,4,2,167.3,0,1,0,010,一般保持用户
646,5,4,183.5,0,1,0,010,一般保持用户
648,1,1,319.6,1,0,1,101,高消费流失预警用户
649,4,6,477.5,0,1,1,011,重点保持用户
650,1,3,120.4,1,1,0,110,高潜力用户
651,5,1,169.6,0,0,0,000,流失用户
652,2,1,144.0,1,0,0,100,一般发展用户
655,4,3,441.50000000000006,0,1,1,011,重点保持用户
656,1,1,189.0,1,0,0,100,一般发展用户
658,3,2,171.6,0,1,0,010,一般保持用户
660,1,1,16.4,1,0,0,100,一般发展用户
666,3,1,29.2,0,0,0,000,流失用户
669,1,1,253.5,1,0,1,101,高消费流失预警用户
670,5,4,696.3000000000001,0,1,1,011,重点保持用户
671,1,2,254.10000000000002,1,1,1,111,核心价值用户
674,3,2,251.60000000000002,0,1,1,011,重点保持用户
675,2,5,596.5,1,1,1,111,核心价值用户
676,5,2,387.0,0,1,1,011,重点保持用户
677,2,2,303.3,1,1,1,111,核心价值用户
678,2,2,34.7,1,1,0,110,高潜力用户
680,4,1,80.0,0,0,0,000,流失用户
681,1,3,195.60000000000002,1,1,0,110,高潜力用户
682,6,1,344.8,0,0,1,001,高消费沉睡用户
685,2,1,142.8,1,0,0,100,一般发展用户
686,1,4,417.8,1,1,1,111,核心价值用户
692,1,3,378.2,1,1,1,111,核心价值用户
693,1,1,12.8,1,0,0,100,一般发展用户
694,4,1,50.0,0,0,0,000,流失用户
695,1,1,10.0,1,0,0,100,一般发展用户
697,1,2,328.0,1,1,1,111,核心价值用户
698,3,2,228.59999999999997,0,1,1,011,重点保持用户
704,1,2,147.7,1,1,0,110,高潜力用户
706,1,1,64.2,1,0,0,100,一般发展用户
708,1,1,50.099999999999994,1,0,0,100,一般发展用户
709,1,2,211.70000000000002,1,1,1,111,核心价值用户
710,1,5,796.9,1,1,1,111,核心价值用户
711,2,1,116.6,1,0,0,100,一般发展用户
712,2,3,128.39999999999998,1,1,0,110,高潜力用户
713,4,2,212.4,0,1,1,011,重点保持用户
715,1,3,592.2,1,1,1,111,核心价值用户
717,2,3,126.30000000000001,1,1,0,110,高潜力用户
718,1,2,460.8,1,1,1,111,核心价值用户
721,1,4,732.3,1,1,1,111,核心价值用户
723,2,3,179.8,1,1,0,110,高潜力用户
725,2,3,601.7,1,1,1,111,核心价值用户
727,2,1,179.10000000000002,1,0,0,100,一般发展用户
728,1,5,540.9,1,1,1,111,核心价值用户
730,3,1,144.0,0,0,0,000,流失用户
734,1,1,77.4,1,0,0,100,一般发展用户
736,2,1,43.2,1,0,0,100,一般发展用户
737,1,3,162.9,1,1,0,110,高潜力用户
738,1,3,208.10000000000002,1,1,0,110,高潜力用户
739,5,1,89.8,0,0,0,000,流失用户
742,3,1,50.0,0,0,0,000,流失用户
743,2,2,383.2,1,1,1,111,核心价值用户
746,1,1,270.9,1,0,1,101,高消费流失预警用户
747,2,2,389.2,1,1,1,111,核心价值用户
748,5,2,472.0,0,1,1,011,重点保持用户
750,1,1,66.0,1,0,0,100,一般发展用户
753,2,4,453.7,1,1,1,111,核心价值用户
754,2,5,514.7,1,1,1,111,核心价值用户
755,4,1,46.4,0,0,0,000,流失用户
756,6,1,56.4,0,0,0,000,流失用户
759,6,1,15.8,0,0,0,000,流失用户
760,1,1,83.6,1,0,0,100,一般发展用户
761,1,2,236.2,1,1,1,111,核心价值用户
763,2,2,423.29999999999995,1,1,1,111,核心价值用户
764,3,1,165.8,0,0,0,000,流失用户
766,1,4,374.2,1,1,1,111,核心价值用户
767,3,4,412.0,0,1,1,011,重点保持用户
768,2,2,71.8,1,1,0,110,高潜力用户
769,6,1,134.4,0,0,0,000,流失用户
772,1,2,87.2,1,1,0,110,高潜力用户
775,1,3,209.4,1,1,1,111,核心价值用户
776,6,2,88.2,0,1,0,010,一般保持用户
778,6,1,193.79999999999998,0,0,0,000,流失用户
779,2,5,237.10000000000002,1,1,1,111,核心价值用户
780,6,1,12.7,0,0,0,000,流失用户
784,3,3,377.9,0,1,1,011,重点保持用户
785,3,5,883.4000000000001,0,1,1,011,重点保持用户
790,2,2,280.6,1,1,1,111,核心价值用户
791,1,4,812.4,1,1,1,111,核心价值用户
792,2,2,363.4,1,1,1,111,核心价值用户
793,1,5,567.4,1,1,1,111,核心价值用户
794,2,1,199.6,1,0,0,100,一般发展用户
795,1,2,177.3,1,1,0,110,高潜力用户
796,2,1,49.5,1,0,0,100,一般发展用户
797,4,2,239.7,0,1,1,011,重点保持用户
798,3,2,484.8,0,1,1,011,重点保持用户
799,2,1,25.9,1,0,0,100,一般发展用户
803,1,4,382.0,1,1,1,111,核心价值用户
804,2,11,1037.8,1,1,1,111,核心价值用户
808,5,1,124.2,0,0,0,000,流失用户
811,2,1,102.0,1,0,0,100,一般发展用户
813,2,1,13.8,1,0,0,100,一般发展用户
815,3,1,72.6,0,0,0,000,流失用户
816,1,2,91.7,1,1,0,110,高潜力用户
819,4,2,175.4,0,1,0,010,一般保持用户
820,1,4,305.0,1,1,1,111,核心价值用户
821,3,2,199.5,0,1,0,010,一般保持用户
822,3,18,1810.7,0,1,1,011,重点保持用户
823,5,3,239.49999999999997,0,1,1,011,重点保持用户
826,3,2,364.0,0,1,1,011,重点保持用户
827,2,1,126.0,1,0,0,100,一般发展用户
828,1,5,928.1,1,1,1,111,核心价值用户
829,2,2,172.8,1,1,0,110,高潜力用户
833,1,5,1009.0999999999999,1,1,1,111,核心价值用户
834,1,2,498.9,1,1,1,111,核心价值用户
835,6,1,9.8,0,0,0,000,流失用户
836,6,3,238.3,0,1,1,011,重点保持用户
839,5,1,86.4,0,0,0,000,流失用户
840,1,1,157.4,1,0,0,100,一般发展用户
841,6,1,271.20000000000005,0,0,1,001,高消费沉睡用户
843,5,1,186.4,0,0,0,000,流失用户
844,3,2,198.39999999999998,0,1,0,010,一般保持用户
846,5,1,189.6,0,0,0,000,流失用户
847,4,3,462.29999999999995,0,1,1,011,重点保持用户
848,1,1,163.4,1,0,0,100,一般发展用户
849,4,1,30.4,0,0,0,000,流失用户
850,3,1,150.8,0,0,0,000,流失用户
851,2,2,308.2,1,1,1,111,核心价值用户
862,2,5,310.4,1,1,1,111,核心价值用户
864,2,4,489.2,1,1,1,111,核心价值用户
865,1,6,500.9,1,1,1,111,核心价值用户
867,2,2,320.59999999999997,1,1,1,111,核心价值用户
869,5,5,965.3,0,1,1,011,重点保持用户
870,6,1,2.6,0,0,0,000,流失用户
871,3,6,1067.6,0,1,1,011,重点保持用户
874,4,2,116.1,0,1,0,010,一般保持用户
875,5,1,175.6,0,0,0,000,流失用户
876,1,2,106.5,1,1,0,110,高潜力用户
878,1,4,377.5,1,1,1,111,核心价值用户
879,4,1,1.4,0,0,0,000,流失用户
880,6,1,290.4,0,0,1,001,高消费沉睡用户
882,2,4,604.0,1,1,1,111,核心价值用户
883,3,1,4.8,0,0,0,000,流失用户
888,6,1,181.8,0,0,0,000,流失用户
893,5,1,47.6,0,0,0,000,流失用户
896,1,4,456.5,1,1,1,111,核心价值用户
897,5,2,165.5,0,1,0,010,一般保持用户
899,5,1,94.0,0,0,0,000,流失用户
900,2,4,430.19999999999993,1,1,1,111,核心价值用户
901,1,1,7.2,1,0,0,100,一般发展用户
902,2,1,145.2,1,0,0,100,一般发展用户
903,1,3,115.6,1,1,0,110,高潜力用户
906,2,2,107.5,1,1,0,110,高潜力用户
913,3,2,750.8,0,1,1,011,重点保持用户
914,3,3,248.8,0,1,1,011,重点保持用户
915,4,1,161.0,0,0,0,000,流失用户
917,4,2,267.6,0,1,1,011,重点保持用户
918,2,1,55.800000000000004,1,0,0,100,一般发展用户
922,3,1,103.4,0,0,0,000,流失用户
924,1,9,747.5999999999999,1,1,1,111,核心价值用户
926,6,2,106.39999999999999,0,1,0,010,一般保持用户
927,2,5,203.09999999999997,1,1,0,110,高潜力用户
928,1,1,50.099999999999994,1,0,0,100,一般发展用户
932,4,1,222.29999999999998,0,0,1,001,高消费沉睡用户
933,1,5,674.1,1,1,1,111,核心价值用户
934,4,1,356.4,0,0,1,001,高消费沉睡用户
935,3,1,6.4,0,0,0,000,流失用户
937,1,2,76.4,1,1,0,110,高潜力用户
940,4,1,44.2,0,0,0,000,流失用户
941,1,2,111.8,1,1,0,110,高潜力用户
942,5,2,240.10000000000002,0,1,1,011,重点保持用户
943,5,2,300.59999999999997,0,1,1,011,重点保持用户
944,1,1,99.9,1,0,0,100,一般发展用户
945,1,3,627.6,1,1,1,111,核心价值用户
946,2,6,744.1,1,1,1,111,核心价值用户
947,1,4,517.9000000000001,1,1,1,111,核心价值用户
948,6,1,80.2,0,0,0,000,流失用户
949,1,7,574.4,1,1,1,111,核心价值用户
951,4,3,481.2,0,1,1,011,重点保持用户
953,6,2,337.8,0,1,1,011,重点保持用户
954,1,6,628.9000000000001,1,1,1,111,核心价值用户
955,5,1,126.4,0,0,0,000,流失用户
961,5,3,118.6,0,1,0,010,一般保持用户
963,1,6,345.1,1,1,1,111,核心价值用户
964,2,1,281.4,1,0,1,101,高消费流失预警用户
966,4,2,121.89999999999999,0,1,0,010,一般保持用户
967,1,3,229.1,1,1,1,111,核心价值用户
968,1,1,84.9,1,0,0,100,一般发展用户
969,1,2,177.5,1,1,0,110,高潜力用户
971,1,1,341.6,1,0,1,101,高消费流失预警用户
972,4,2,246.8,0,1,1,011,重点保持用户
973,1,2,127.6,1,1,0,110,高潜力用户
974,3,1,13.2,0,0,0,000,流失用户
975,2,7,970.4,1,1,1,111,核心价值用户
976,6,1,209.6,0,0,1,001,高消费沉睡用户
980,6,3,572.6,0,1,1,011,重点保持用户
983,1,2,66.3,1,1,0,110,高潜力用户
985,1,5,484.4,1,1,1,111,核心价值用户
987,3,3,512.5,0,1,1,011,重点保持用户
988,4,1,69.7,0,0,0,000,流失用户
989,5,3,449.6,0,1,1,011,重点保持用户
991,1,4,460.09999999999997,1,1,1,111,核心价值用户
993,4,2,254.29999999999998,0,1,1,011,重点保持用户
994,2,2,432.0,1,1,1,111,核心价值用户
995,2,1,90.6,1,0,0,100,一般发展用户
996,1,2,541.0999999999999,1,1,1,111,核心价值用户
997,4,1,93.2,0,0,0,000,流失用户
999,5,2,30.3,0,1,0,010,一般保持用户
1002,3,1,78.8,0,0,0,000,流失用户
1004,5,1,78.5,0,0,0,000,流失用户
1005,3,3,143.0,0,1,0,010,一般保持用户
1006,4,2,610.0999999999999,0,1,1,011,重点保持用户
1008,6,1,289.5,0,0,1,001,高消费沉睡用户
1009,2,2,42.49999999999999,1,1,0,110,高潜力用户
1010,2,1,8.2,1,0,0,100,一般发展用户
1012,5,1,124.4,0,0,0,000,流失用户
1017,2,1,33.6,1,0,0,100,一般发展用户
1021,6,1,88.0,0,0,0,000,流失用户
1025,1,1,5.5,1,0,0,100,一般发展用户
1029,3,1,172.2,0,0,0,000,流失用户
1031,2,1,53.6,1,0,0,100,一般发展用户
1032,4,2,98.8,0,1,0,010,一般保持用户
1033,2,4,483.30000000000007,1,1,1,111,核心价值用户
1035,6,1,22.5,0,0,0,000,流失用户
1036,6,1,72.9,0,0,0,000,流失用户
1037,5,1,130.2,0,0,0,000,流失用户
1039,4,1,62.400000000000006,0,0,0,000,流失用户
1040,2,2,125.60000000000001,1,1,0,110,高潜力用户
1044,5,1,172.0,0,0,0,000,流失用户
1048,1,6,755.9000000000001,1,1,1,111,核心价值用户
1050,4,3,339.4,0,1,1,011,重点保持用户
1051,5,1,18.8,0,0,0,000,流失用户
1055,4,1,31.8,0,0,0,000,流失用户
1056,4,2,133.7,0,1,0,010,一般保持用户
1057,1,10,1106.1000000000001,1,1,1,111,核心价值用户
1058,3,2,360.9,0,1,1,011,重点保持用户
1059,2,1,302.4,1,0,1,101,高消费流失预警用户
1063,1,1,145.2,1,0,0,100,一般发展用户
1066,2,1,5.0,1,0,0,100,一般发展用户
1067,5,1,49.6,0,0,0,000,流失用户
1070,1,7,568.0999999999999,1,1,1,111,核心价值用户
1072,1,2,418.8,1,1,1,111,核心价值用户
1074,4,1,60.8,0,0,0,000,流失用户
1077,5,1,153.89999999999998,0,0,0,000,流失用户
1078,2,3,684.3,1,1,1,111,核心价值用户
1081,1,6,767.7,1,1,1,111,核心价值用户
1082,2,1,158.7,1,0,0,100,一般发展用户
1083,1,3,692.7,1,1,1,111,核心价值用户
1084,3,1,141.2,0,0,0,000,流失用户
1088,4,4,770.2,0,1,1,011,重点保持用户
1089,1,1,32.4,1,0,0,100,一般发展用户
1090,1,1,64.0,1,0,0,100,一般发展用户
1091,5,1,8.1,0,0,0,000,流失用户
1095,1,1,175.2,1,0,0,100,一般发展用户
1096,4,1,145.5,0,0,0,000,流失用户
1098,2,1,89.9,1,0,0,100,一般发展用户
1100,2,3,268.2,1,1,1,111,核心价值用户
1101,1,3,399.8,1,1,1,111,核心价值用户
1102,3,9,1212.1,0,1,1,011,重点保持用户
1109,3,2,110.7,0,1,0,010,一般保持用户
1111,5,1,234.60000000000002,0,0,1,001,高消费沉睡用户
1112,5,3,290.7,0,1,1,011,重点保持用户
1114,2,4,427.3,1,1,1,111,核心价值用户
1117,3,2,384.0,0,1,1,011,重点保持用户
1118,1,4,854.8,1,1,1,111,核心价值用户
1119,1,6,544.5,1,1,1,111,核心价值用户
1120,6,3,396.4,0,1,1,011,重点保持用户
1121,2,3,413.4,1,1,1,111,核心价值用户
1123,4,1,158.4,0,0,0,000,流失用户
1124,1,2,230.2,1,1,1,111,核心价值用户
1125,5,2,159.9,0,1,0,010,一般保持用户
1127,2,1,194.8,1,0,0,100,一般发展用户
1131,2,3,540.1,1,1,1,111,核心价值用户
1132,1,3,384.6,1,1,1,111,核心价值用户
1133,2,2,383.0,1,1,1,111,核心价值用户
1135,5,2,199.0,0,1,0,010,一般保持用户
1138,5,1,170.39999999999998,0,0,0,000,流失用户
1139,5,2,191.2,0,1,0,010,一般保持用户
1141,5,2,393.8,0,1,1,011,重点保持用户
1142,1,4,441.70000000000005,1,1,1,111,核心价值用户
1143,3,1,210.0,0,0,1,001,高消费沉睡用户
1144,6,1,148.0,0,0,0,000,流失用户
1145,2,3,277.5,1,1,1,111,核心价值用户
1146,5,1,75.6,0,0,0,000,流失用户
1148,1,4,449.90000000000003,1,1,1,111,核心价值用户
1149,1,5,711.3,1,1,1,111,核心价值用户
1153,2,2,117.7,1,1,0,110,高潜力用户
1155,3,1,112.6,0,0,0,000,流失用户
1156,1,8,951.4000000000001,1,1,1,111,核心价值用户
1158,1,2,125.30000000000001,1,1,0,110,高潜力用户
1160,1,4,659.5,1,1,1,111,核心价值用户
1163,1,1,8.3,1,0,0,100,一般发展用户
1165,2,1,99.89999999999999,1,0,0,100,一般发展用户
1168,1,2,433.20000000000005,1,1,1,111,核心价值用户
1169,5,1,71.0,0,0,0,000,流失用户
1170,2,1,244.20000000000002,1,0,1,101,高消费流失预警用户
1174,6,2,287.6,0,1,1,011,重点保持用户
1175,6,2,311.6,0,1,1,011,重点保持用户
1177,3,2,444.2,0,1,1,011,重点保持用户
1178,3,1,173.7,0,0,0,000,流失用户
1179,2,2,287.9,1,1,1,111,核心价值用户
1181,2,4,689.9,1,1,1,111,核心价值用户
1182,1,2,208.2,1,1,1,111,核心价值用户
1184,1,5,817.5,1,1,1,111,核心价值用户
1185,4,1,92.4,0,0,0,000,流失用户
1188,1,7,324.0,1,1,1,111,核心价值用户
1189,1,2,360.8,1,1,1,111,核心价值用户
1190,1,3,249.8,1,1,1,111,核心价值用户
1191,5,3,313.3,0,1,1,011,重点保持用户
1192,2,9,749.5,1,1,1,111,核心价值用户
1194,3,2,346.20000000000005,0,1,1,011,重点保持用户
1195,3,1,262.8,0,0,1,001,高消费沉睡用户
1196,1,1,263.4,1,0,1,101,高消费流失预警用户
1197,1,3,35.0,1,1,0,110,高潜力用户
1198,2,1,35.0,1,0,0,100,一般发展用户
1199,1,6,823.8000000000001,1,1,1,111,核心价值用户
1200,2,1,60.2,1,0,0,100,一般发展用户
1201,3,1,97.8,0,0,0,000,流失用户
1202,2,3,242.9,1,1,1,111,核心价值用户
1205,2,4,389.80000000000007,1,1,1,111,核心价值用户
1210,1,7,669.0,1,1,1,111,核心价值用户
1212,1,5,340.1,1,1,1,111,核心价值用户
1216,2,1,35.3,1,0,0,100,一般发展用户
1220,3,3,297.1,0,1,1,011,重点保持用户
1222,2,1,4.5,1,0,0,100,一般发展用户
1223,5,2,94.5,0,1,0,010,一般保持用户
1224,3,1,152.4,0,0,0,000,流失用户
1225,2,2,65.4,1,1,0,110,高潜力用户
1226,4,1,63.2,0,0,0,000,流失用户
1228,4,3,308.4,0,1,1,011,重点保持用户
1230,1,2,117.3,1,1,0,110,高潜力用户
1231,4,1,278.70000000000005,0,0,1,001,高消费沉睡用户
1233,1,3,589.2,1,1,1,111,核心价值用户
1235,2,1,50.2,1,0,0,100,一般发展用户
1236,1,10,1142.0,1,1,1,111,核心价值用户
1241,6,1,128.39999999999998,0,0,0,000,流失用户
1242,6,1,175.2,0,0,0,000,流失用户
1243,2,3,640.4,1,1,1,111,核心价值用户
1244,5,1,79.8,0,0,0,000,流失用户
1246,4,1,48.0,0,0,0,000,流失用户
1248,3,5,664.2,0,1,1,011,重点保持用户
1249,3,12,1636.1,0,1,1,011,重点保持用户
1250,6,1,96.5,0,0,0,000,流失用户
1252,1,2,324.5,1,1,1,111,核心价值用户
1253,3,2,424.2,0,1,1,011,重点保持用户
1254,6,3,209.5,0,1,1,011,重点保持用户
1255,5,2,398.6,0,1,1,011,重点保持用户
1256,2,2,311.2,1,1,1,111,核心价值用户
1258,3,1,19.2,0,0,0,000,流失用户
1260,2,3,741.5,1,1,1,111,核心价值用户
1261,1,2,47.0,1,1,0,110,高潜力用户
1263,1,2,159.5,1,1,0,110,高潜力用户
1264,1,2,88.39999999999999,1,1,0,110,高潜力用户
1266,5,1,62.4,0,0,0,000,流失用户
1269,1,7,490.6,1,1,1,111,核心价值用户
1270,3,1,150.60000000000002,0,0,0,000,流失用户
1271,5,3,153.0,0,1,0,010,一般保持用户
1273,5,1,98.8,0,0,0,000,流失用户
1274,5,1,111.0,0,0,0,000,流失用户
1276,1,1,130.4,1,0,0,100,一般发展用户
1278,4,3,436.09999999999997,0,1,1,011,重点保持用户
1280,4,1,8.0,0,0,0,000,流失用户
1281,2,3,315.2,1,1,1,111,核心价值用户
1282,2,1,177.89999999999998,1,0,0,100,一般发展用户
1284,2,1,70.4,1,0,0,100,一般发展用户
1286,3,1,230.10000000000002,0,0,1,001,高消费沉睡用户
1287,1,2,348.6,1,1,1,111,核心价值用户
1288,1,2,241.8,1,1,1,111,核心价值用户
1289,1,4,460.69999999999993,1,1,1,111,核心价值用户
1290,1,1,145.6,1,0,0,100,一般发展用户
1292,5,1,57.0,0,0,0,000,流失用户
1294,5,1,85.8,0,0,0,000,流失用户
1295,6,1,21.8,0,0,0,000,流失用户
1297,3,1,92.1,0,0,0,000,流失用户
1298,3,1,188.8,0,0,0,000,流失用户
1299,2,1,4.4,1,0,0,100,一般发展用户
1303,1,1,137.7,1,0,0,100,一般发展用户
1304,2,5,732.2,1,1,1,111,核心价值用户
1307,1,4,255.9,1,1,1,111,核心价值用户
1308,6,1,252.89999999999998,0,0,1,001,高消费沉睡用户
1309,1,2,518.4000000000001,1,1,1,111,核心价值用户
1310,5,2,157.0,0,1,0,010,一般保持用户
1311,4,2,476.40000000000003,0,1,1,011,重点保持用户
1312,4,2,557.6,0,1,1,011,重点保持用户
1313,3,1,65.2,0,0,0,000,流失用户
1314,2,1,156.2,1,0,0,100,一般发展用户
1316,2,2,96.6,1,1,0,110,高潜力用户
1318,1,1,147.6,1,0,0,100,一般发展用户
1319,2,1,79.0,1,0,0,100,一般发展用户
1320,2,3,395.09999999999997,1,1,1,111,核心价值用户
1321,2,3,157.7,1,1,0,110,高潜力用户
1324,6,1,157.2,0,0,0,000,流失用户
1325,3,1,29.5,0,0,0,000,流失用户
1327,4,1,100.4,0,0,0,000,流失用户
1329,2,2,291.70000000000005,1,1,1,111,核心价值用户
1330,2,1,77.2,1,0,0,100,一般发展用户
1335,2,9,738.8,1,1,1,111,核心价值用户
1336,3,1,69.6,0,0,0,000,流失用户
1339,5,1,27.2,0,0,0,000,流失用户
1340,1,1,342.8,1,0,1,101,高消费流失预警用户
1341,3,2,223.79999999999998,0,1,1,011,重点保持用户
1343,2,2,444.59999999999997,1,1,1,111,核心价值用户
1345,1,1,141.60000000000002,1,0,0,100,一般发展用户
1348,2,1,271.20000000000005,1,0,1,101,高消费流失预警用户
1349,3,2,372.1,0,1,1,011,重点保持用户
1351,4,4,541.6,0,1,1,011,重点保持用户
1352,1,1,290.4,1,0,1,101,高消费流失预警用户
1354,2,3,386.4,1,1,1,111,核心价值用户
1356,3,2,211.79999999999998,0,1,1,011,重点保持用户
1357,1,2,102.4,1,1,0,110,高潜力用户
1360,6,3,390.6,0,1,1,011,重点保持用户
1361,3,2,307.6,0,1,1,011,重点保持用户
1366,1,2,180.7,1,1,0,110,高潜力用户
1369,3,2,262.1,0,1,1,011,重点保持用户
1371,2,1,114.6,1,0,0,100,一般发展用户
1373,1,3,183.09999999999997,1,1,0,110,高潜力用户
1374,1,1,2.0,1,0,0,100,一般发展用户
1375,2,3,288.59999999999997,1,1,1,111,核心价值用户
1377,4,4,514.0999999999999,0,1,1,011,重点保持用户
1378,2,1,82.7,1,0,0,100,一般发展用户
1379,5,1,28.5,0,0,0,000,流失用户
1383,1,1,114.8,1,0,0,100,一般发展用户
1384,1,2,111.6,1,1,0,110,高潜力用户
1387,4,3,124.80000000000001,0,1,0,010,一般保持用户
1388,5,1,23.2,0,0,0,000,流失用户
1389,1,1,72.8,1,0,0,100,一般发展用户
1393,3,2,368.1,0,1,1,011,重点保持用户
1395,5,2,87.9,0,1,0,010,一般保持用户
1397,1,1,95.4,1,0,0,100,一般发展用户
1398,4,1,210.4,0,0,1,001,高消费沉睡用户
1399,6,1,71.8,0,0,0,000,流失用户
1400,2,4,903.0,1,1,1,111,核心价值用户
1402,5,2,153.1,0,1,0,010,一般保持用户
1403,4,1,51.2,0,0,0,000,流失用户
1405,5,1,176.0,0,0,0,000,流失用户
1409,2,3,207.4,1,1,0,110,高潜力用户
1411,2,2,131.6,1,1,0,110,高潜力用户
1413,1,2,385.2,1,1,1,111,核心价值用户
1414,2,1,121.0,1,0,0,100,一般发展用户
1415,2,3,229.7,1,1,1,111,核心价值用户
1416,3,2,82.69999999999999,0,1,0,010,一般保持用户
1418,2,3,365.8,1,1,1,111,核心价值用户
1421,2,6,772.0,1,1,1,111,核心价值用户
1423,2,1,192.8,1,0,0,100,一般发展用户
1425,2,1,290.8,1,0,1,101,高消费流失预警用户
1426,1,3,152.9,1,1,0,110,高潜力用户
1428,5,1,74.4,0,0,0,000,流失用户
1429,3,3,293.2,0,1,1,011,重点保持用户
1430,5,1,82.0,0,0,0,000,流失用户
1432,2,3,206.70000000000002,1,1,0,110,高潜力用户
1433,1,1,11.7,1,0,0,100,一般发展用户
1434,1,1,301.6,1,0,1,101,高消费流失预警用户
1435,6,1,75.5,0,0,0,000,流失用户
1437,1,1,56.4,1,0,0,100,一般发展用户
1439,5,2,326.2,0,1,1,011,重点保持用户
1440,1,1,196.0,1,0,0,100,一般发展用户
1441,2,1,212.4,1,0,1,101,高消费流失预警用户
1442,4,3,348.4,0,1,1,011,重点保持用户
1443,4,2,303.4,0,1,1,011,重点保持用户
1444,1,3,89.7,1,1,0,110,高潜力用户
1445,1,3,897.0,1,1,1,111,核心价值用户
1447,2,2,367.8,1,1,1,111,核心价值用户
1448,2,1,21.6,1,0,0,100,一般发展用户
1449,1,2,162.7,1,1,0,110,高潜力用户
1451,6,1,34.2,0,0,0,000,流失用户
1453,2,3,516.6,1,1,1,111,核心价值用户
1454,5,2,306.9,0,1,1,011,重点保持用户
1455,4,3,352.9,0,1,1,011,重点保持用户
1456,2,4,447.40000000000003,1,1,1,111,核心价值用户
1458,1,3,583.6,1,1,1,111,核心价值用户
1464,1,6,1235.5,1,1,1,111,核心价值用户
1466,1,1,35.4,1,0,0,100,一般发展用户
1469,6,1,273.2,0,0,1,001,高消费沉睡用户
1470,2,1,80.6,1,0,0,100,一般发展用户
1471,1,6,445.8,1,1,1,111,核心价值用户
1472,1,3,296.6,1,1,1,111,核心价值用户
1473,1,4,189.79999999999998,1,1,0,110,高潜力用户
1474,2,3,497.8,1,1,1,111,核心价值用户
1476,1,2,185.39999999999998,1,1,0,110,高潜力用户
1477,5,4,480.4,0,1,1,011,重点保持用户
1478,2,8,1267.8,1,1,1,111,核心价值用户
1479,4,2,282.2,0,1,1,011,重点保持用户
1480,2,1,120.30000000000001,1,0,0,100,一般发展用户
1481,2,1,67.5,1,0,0,100,一般发展用户
1482,4,1,213.60000000000002,0,0,1,001,高消费沉睡用户
1487,1,3,225.2,1,1,1,111,核心价值用户
1488,2,11,819.8,1,1,1,111,核心价值用户
1491,6,1,34.5,0,0,0,000,流失用户
1492,1,4,562.4000000000001,1,1,1,111,核心价值用户
1493,3,1,25.4,0,0,0,000,流失用户
1495,4,1,58.6,0,0,0,000,流失用户
1497,1,7,462.8,1,1,1,111,核心价值用户
1500,5,2,210.8,0,1,1,011,重点保持用户
1503,2,4,421.6,1,1,1,111,核心价值用户
1506,2,2,262.2,1,1,1,111,核心价值用户
1509,3,2,361.6,0,1,1,011,重点保持用户
1510,6,1,21.5,0,0,0,000,流失用户
1511,3,1,154.8,0,0,0,000,流失用户
1514,2,3,523.1,1,1,1,111,核心价值用户
1515,5,1,166.2,0,0,0,000,流失用户
1520,6,2,462.4,0,1,1,011,重点保持用户
1522,1,1,98.4,1,0,0,100,一般发展用户
1523,1,5,844.4,1,1,1,111,核心价值用户
1526,1,9,1551.7,1,1,1,111,核心价值用户
1529,3,3,277.4,0,1,1,011,重点保持用户
1531,1,4,297.1,1,1,1,111,核心价值用户
1532,2,1,78.1,1,0,0,100,一般发展用户
1533,3,2,245.3,0,1,1,011,重点保持用户
1536,1,7,1400.4,1,1,1,111,核心价值用户
1537,6,1,295.5,0,0,1,001,高消费沉睡用户
1538,3,2,130.1,0,1,0,010,一般保持用户
1539,2,1,36.4,1,0,0,100,一般发展用户
1542,2,2,356.7,1,1,1,111,核心价值用户
1543,1,3,164.4,1,1,0,110,高潜力用户
1544,1,1,267.29999999999995,1,0,1,101,高消费流失预警用户
1546,1,3,150.2,1,1,0,110,高潜力用户
1548,1,1,67.2,1,0,0,100,一般发展用户
1550,3,2,182.4,0,1,0,010,一般保持用户
1551,1,2,19.6,1,1,0,110,高潜力用户
1557,5,1,50.699999999999996,0,0,0,000,流失用户
1558,1,1,57.7,1,0,0,100,一般发展用户
1560,6,1,64.8,0,0,0,000,流失用户
1561,3,3,605.4,0,1,1,011,重点保持用户
1562,1,1,141.0,1,0,0,100,一般发展用户
1563,6,1,302.4,0,0,1,001,高消费沉睡用户
1566,4,2,330.3,0,1,1,011,重点保持用户
1567,2,2,502.5,1,1,1,111,核心价值用户
1570,4,2,286.1,0,1,1,011,重点保持用户
1572,6,2,110.4,0,1,0,010,一般保持用户
1574,4,1,225.0,0,0,1,001,高消费沉睡用户
1575,2,1,133.6,1,0,0,100,一般发展用户
1576,2,1,69.9,1,0,0,100,一般发展用户
1578,5,1,290.4,0,0,1,001,高消费沉睡用户
1581,3,1,13.9,0,0,0,000,流失用户
1583,6,2,382.7,0,1,1,011,重点保持用户
1584,2,1,75.8,1,0,0,100,一般发展用户
1585,1,4,403.3,1,1,1,111,核心价值用户
1591,1,4,549.0,1,1,1,111,核心价值用户
1592,6,1,197.2,0,0,0,000,流失用户
1597,2,5,974.7,1,1,1,111,核心价值用户
1598,2,3,419.29999999999995,1,1,1,111,核心价值用户
1601,6,1,62.2,0,0,0,000,流失用户
1607,1,3,213.39999999999998,1,1,1,111,核心价值用户
1609,2,1,103.2,1,0,0,100,一般发展用户
1610,3,1,161.2,0,0,0,000,流失用户
1612,2,2,256.7,1,1,1,111,核心价值用户
1620,1,2,99.4,1,1,0,110,高潜力用户
1622,1,2,518.8,1,1,1,111,核心价值用户
1625,5,2,135.3,0,1,0,010,一般保持用户
1626,2,8,1466.7,1,1,1,111,核心价值用户
1627,4,4,349.1,0,1,1,011,重点保持用户
1628,1,1,135.0,1,0,0,100,一般发展用户
1630,1,1,134.0,1,0,0,100,一般发展用户
1631,3,8,717.1,0,1,1,011,重点保持用户
1633,3,4,269.6,0,1,1,011,重点保持用户
1634,2,5,917.1,1,1,1,111,核心价值用户
1636,3,1,11.5,0,0,0,000,流失用户
1638,4,3,309.4,0,1,1,011,重点保持用户
1643,2,2,152.20000000000002,1,1,0,110,高潜力用户
1645,1,4,678.9,1,1,1,111,核心价值用户
1646,4,6,1032.8,0,1,1,011,重点保持用户
1647,6,1,58.7,0,0,0,000,流失用户
1650,5,1,144.8,0,0,0,000,流失用户
1652,4,1,75.9,0,0,0,000,流失用户
1654,2,4,632.2,1,1,1,111,核心价值用户
1656,5,1,148.2,0,0,0,000,流失用户
1658,4,1,271.20000000000005,0,0,1,001,高消费沉睡用户
1659,1,1,45.2,1,0,0,100,一般发展用户
1660,4,2,18.1,0,1,0,010,一般保持用户
1661,2,1,80.3,1,0,0,100,一般发展用户
1663,1,4,368.0,1,1,1,111,核心价值用户
1664,1,1,13.6,1,0,0,100,一般发展用户
1665,3,1,162.89999999999998,0,0,0,000,流失用户
1670,4,1,123.89999999999999,0,0,0,000,流失用户
1671,4,3,307.7,0,1,1,011,重点保持用户
1672,3,3,473.2,0,1,1,011,重点保持用户
1673,3,2,198.89999999999998,0,1,0,010,一般保持用户
1674,1,4,537.2,1,1,1,111,核心价值用户
1675,3,1,68.69999999999999,0,0,0,000,流失用户
1676,5,1,188.0,0,0,0,000,流失用户
1678,2,2,141.8,1,1,0,110,高潜力用户
1679,6,1,29.4,0,0,0,000,流失用户
1681,3,2,403.8,0,1,1,011,重点保持用户
1682,2,2,150.8,1,1,0,110,高潜力用户
1683,6,1,98.2,0,0,0,000,流失用户
1684,5,1,7.9,0,0,0,000,流失用户
1686,1,10,1118.8999999999999,1,1,1,111,核心价值用户
1687,2,2,242.79999999999998,1,1,1,111,核心价值用户
1688,1,1,295.5,1,0,1,101,高消费流失预警用户
1689,2,3,147.8,1,1,0,110,高潜力用户
1691,5,1,142.2,0,0,0,000,流失用户
1692,3,2,293.09999999999997,0,1,1,011,重点保持用户
1694,5,1,146.8,0,0,0,000,流失用户
1696,2,5,421.0,1,1,1,111,核心价值用户
1697,4,2,212.39999999999998,0,1,1,011,重点保持用户
1702,5,1,167.2,0,0,0,000,流失用户
1707,4,2,216.7,0,1,1,011,重点保持用户
1708,1,2,186.09999999999997,1,1,0,110,高潜力用户
1709,4,1,310.0,0,0,1,001,高消费沉睡用户
1710,2,7,934.6,1,1,1,111,核心价值用户
1712,6,1,4.5,0,0,0,000,流失用户
1713,3,1,93.6,0,0,0,000,流失用户
1714,1,2,75.2,1,1,0,110,高潜力用户
1716,5,1,16.7,0,0,0,000,流失用户
1719,6,1,23.2,0,0,0,000,流失用户
1721,2,2,167.2,1,1,0,110,高潜力用户
1724,6,3,147.3,0,1,0,010,一般保持用户
1730,2,3,303.29999999999995,1,1,1,111,核心价值用户
1733,4,1,228.0,0,0,1,001,高消费沉睡用户
1734,6,1,43.2,0,0,0,000,流失用户
1743,3,1,53.6,0,0,0,000,流失用户
1745,6,1,328.8,0,0,1,001,高消费沉睡用户
1746,4,2,246.4,0,1,1,011,重点保持用户
1751,2,1,323.2,1,0,1,101,高消费流失预警用户
1752,3,4,801.3,0,1,1,011,重点保持用户
1756,2,6,613.7,1,1,1,111,核心价值用户
1757,1,2,121.2,1,1,0,110,高潜力用户
1758,4,1,3.9000000000000004,0,0,0,000,流失用户
1759,4,1,79.5,0,0,0,000,流失用户
1761,2,4,548.4,1,1,1,111,核心价值用户
1766,1,9,1115.8,1,1,1,111,核心价值用户
1770,5,3,332.40000000000003,0,1,1,011,重点保持用户
1772,2,1,268.8,1,0,1,101,高消费流失预警用户
1773,4,1,26.099999999999998,0,0,0,000,流失用户
1774,1,2,337.0,1,1,1,111,核心价值用户
1775,1,2,370.4,1,1,1,111,核心价值用户
1778,6,1,91.2,0,0,0,000,流失用户
1779,2,3,311.0,1,1,1,111,核心价值用户
1780,6,1,88.0,0,0,0,000,流失用户
1783,3,1,54.8,0,0,0,000,流失用户
1784,3,2,333.9,0,1,1,011,重点保持用户
1787,2,5,1236.0,1,1,1,111,核心价值用户
1790,1,1,202.5,1,0,0,100,一般发展用户
1792,2,1,143.39999999999998,1,0,0,100,一般发展用户
1793,2,2,199.4,1,1,0,110,高潜力用户
1794,4,1,398.0,0,0,1,001,高消费沉睡用户
1795,4,1,13.7,0,0,0,000,流失用户
1798,5,1,3.6,0,0,0,000,流失用户
1801,6,1,43.5,0,0,0,000,流失用户
1802,1,1,12.8,1,0,0,100,一般发展用户
1804,5,1,131.10000000000002,0,0,0,000,流失用户
1807,6,2,246.60000000000002,0,1,1,011,重点保持用户
1808,4,1,9.3,0,0,0,000,流失用户
1809,2,8,628.3,1,1,1,111,核心价值用户
1811,1,3,151.9,1,1,0,110,高潜力用户
1813,2,3,210.10000000000002,1,1,1,111,核心价值用户
1815,3,3,496.19999999999993,0,1,1,011,重点保持用户
1817,1,1,50.8,1,0,0,100,一般发展用户
1818,3,1,67.2,0,0,0,000,流失用户
1819,1,1,4.7,1,0,0,100,一般发展用户
1820,2,1,2.8,1,0,0,100,一般发展用户
1821,4,2,338.1,0,1,1,011,重点保持用户
1822,2,11,1983.3,1,1,1,111,核心价值用户
1824,1,3,433.0,1,1,1,111,核心价值用户
1825,3,2,387.79999999999995,0,1,1,011,重点保持用户
1826,1,2,326.8,1,1,1,111,核心价值用户
1828,2,3,457.7,1,1,1,111,核心价值用户
1830,2,4,480.8,1,1,1,111,核心价值用户
1833,1,7,765.0,1,1,1,111,核心价值用户
1838,1,2,113.4,1,1,0,110,高潜力用户
1841,4,2,334.1,0,1,1,011,重点保持用户
1842,5,2,246.60000000000002,0,1,1,011,重点保持用户
1843,5,2,77.3,0,1,0,010,一般保持用户
1847,3,2,98.2,0,1,0,010,一般保持用户
1850,1,3,195.8,1,1,0,110,高潜力用户
1853,1,1,20.5,1,0,0,100,一般发展用户
1854,1,1,186.89999999999998,1,0,0,100,一般发展用户
1859,1,3,375.0,1,1,1,111,核心价值用户
1860,2,1,18.6,1,0,0,100,一般发展用户
1861,2,2,418.20000000000005,1,1,1,111,核心价值用户
1862,1,4,314.7,1,1,1,111,核心价值用户
1865,5,1,65.0,0,0,0,000,流失用户
1866,4,2,275.79999999999995,0,1,1,011,重点保持用户
1869,1,1,26.400000000000002,1,0,0,100,一般发展用户
1870,3,1,206.39999999999998,0,0,0,000,流失用户
1872,4,1,63.900000000000006,0,0,0,000,流失用户
1874,1,7,663.2,1,1,1,111,核心价值用户
1875,3,2,421.2,0,1,1,011,重点保持用户
1879,3,1,33.8,0,0,0,000,流失用户
1880,3,2,7.0,0,1,0,010,一般保持用户
1882,5,1,8.2,0,0,0,000,流失用户
1894,4,3,354.5,0,1,1,011,重点保持用户
1895,1,1,183.60000000000002,1,0,0,100,一般发展用户
1897,4,1,30.2,0,0,0,000,流失用户
1898,1,7,1350.6,1,1,1,111,核心价值用户
1903,1,3,339.1,1,1,1,111,核心价值用户
1905,1,3,345.5,1,1,1,111,核心价值用户
1906,2,2,213.3,1,1,1,111,核心价值用户
1907,4,4,770.9,0,1,1,011,重点保持用户
1908,4,2,150.8,0,1,0,010,一般保持用户
1909,2,7,733.9,1,1,1,111,核心价值用户
1910,5,1,154.8,0,0,0,000,流失用户
1911,1,10,668.6,1,1,1,111,核心价值用户
1913,5,1,20.700000000000003,0,0,0,000,流失用户
1915,4,1,396.8,0,0,1,001,高消费沉睡用户
1916,2,3,338.3,1,1,1,111,核心价值用户
1921,3,1,68.0,0,0,0,000,流失用户
1924,1,6,630.8000000000001,1,1,1,111,核心价值用户
1926,2,1,76.0,1,0,0,100,一般发展用户
1927,1,2,114.0,1,1,0,110,高潜力用户
1928,2,1,115.2,1,0,0,100,一般发展用户
1930,4,1,287.6,0,0,1,001,高消费沉睡用户
1931,3,2,187.0,0,1,0,010,一般保持用户
1935,1,2,277.3,1,1,1,111,核心价值用户
1938,1,2,38.599999999999994,1,1,0,110,高潜力用户
1939,5,4,676.9,0,1,1,011,重点保持用户
1940,1,3,211.9,1,1,1,111,核心价值用户
1941,1,2,125.1,1,1,0,110,高潜力用户
1942,2,2,7.0,1,1,0,110,高潜力用户
1946,2,1,138.2,1,0,0,100,一般发展用户
1948,2,3,263.2,1,1,1,111,核心价值用户
1951,2,3,586.3,1,1,1,111,核心价值用户
1953,1,6,745.6,1,1,1,111,核心价值用户
1955,4,2,93.9,0,1,0,010,一般保持用户
1960,5,4,563.0999999999999,0,1,1,011,重点保持用户
1967,2,1,60.8,1,0,0,100,一般发展用户
1968,1,1,81.6,1,0,0,100,一般发展用户
1973,2,1,62.2,1,0,0,100,一般发展用户
1974,6,1,53.9,0,0,0,000,流失用户
1976,2,2,396.0,1,1,1,111,核心价值用户
1977,3,8,898.0,0,1,1,011,重点保持用户
1978,1,17,1980.0,1,1,1,111,核心价值用户
1979,2,2,176.39999999999998,1,1,0,110,高潜力用户
1980,3,1,204.0,0,0,0,000,流失用户
1981,1,3,215.0,1,1,1,111,核心价值用户
1982,1,8,754.4,1,1,1,111,核心价值用户
1983,1,2,322.5,1,1,1,111,核心价值用户
1985,1,2,362.70000000000005,1,1,1,111,核心价值用户
1986,1,8,1199.3,1,1,1,111,核心价值用户
1988,3,1,103.2,0,0,0,000,流失用户
1989,3,2,618.8,0,1,1,011,重点保持用户
1990,3,4,372.7,0,1,1,011,重点保持用户
1992,2,2,411.0,1,1,1,111,核心价值用户
1993,2,1,157.8,1,0,0,100,一般发展用户
1994,3,2,153.5,0,1,0,010,一般保持用户
1995,2,4,362.0,1,1,1,111,核心价值用户
1996,1,2,38.0,1,1,0,110,高潜力用户
1997,2,1,89.9,1,0,0,100,一般发展用户
1998,4,4,547.4,0,1,1,011,重点保持用户
2003,1,6,825.5,1,1,1,111,核心价值用户
2004,2,2,638.4000000000001,1,1,1,111,核心价值用户
2005,3,10,784.7,0,1,1,011,重点保持用户
2006,3,2,558.0,0,1,1,011,重点保持用户
2007,1,1,251.70000000000002,1,0,1,101,高消费流失预警用户
2008,2,2,527.2,1,1,1,111,核心价值用户
2009,3,2,461.2,0,1,1,011,重点保持用户
2012,4,2,233.29999999999998,0,1,1,011,重点保持用户
2018,5,4,307.40000000000003,0,1,1,011,重点保持用户
2019,2,1,157.8,1,0,0,100,一般发展用户
2021,1,25,3906.4,1,1,1,111,核心价值用户
2022,3,4,573.8,0,1,1,011,重点保持用户
2024,3,2,271.2,0,1,1,011,重点保持用户
2025,1,6,496.0,1,1,1,111,核心价值用户
2027,6,1,177.6,0,0,0,000,流失用户
2028,6,1,38.4,0,0,0,000,流失用户
2030,5,2,33.599999999999994,0,1,0,010,一般保持用户
2031,3,2,409.0,0,1,1,011,重点保持用户
2035,2,2,289.40000000000003,1,1,1,111,核心价值用户
2036,2,2,430.1,1,1,1,111,核心价值用户
2037,5,4,609.9,0,1,1,011,重点保持用户
2038,3,2,64.2,0,1,0,010,一般保持用户
2041,1,1,68.2,1,0,0,100,一般发展用户
2042,6,1,310.8,0,0,1,001,高消费沉睡用户
2044,2,3,277.0,1,1,1,111,核心价值用户
2045,6,1,203.39999999999998,0,0,0,000,流失用户
2046,2,2,391.7,1,1,1,111,核心价值用户
2047,1,5,364.8,1,1,1,111,核心价值用户
2050,5,2,113.5,0,1,0,010,一般保持用户
2051,3,2,442.2,0,1,1,011,重点保持用户
2052,1,4,649.6999999999999,1,1,1,111,核心价值用户
2054,1,3,126.9,1,1,0,110,高潜力用户
2055,3,1,20.1,0,0,0,000,流失用户
2056,2,2,423.4,1,1,1,111,核心价值用户
2058,2,2,106.89999999999999,1,1,0,110,高潜力用户
2059,2,3,363.9,1,1,1,111,核心价值用户
2060,4,1,197.10000000000002,0,0,0,000,流失用户
2062,1,4,326.6,1,1,1,111,核心价值用户
2064,3,1,329.6,0,0,1,001,高消费沉睡用户
2065,6,1,79.6,0,0,0,000,流失用户
2069,6,3,383.9,0,1,1,011,重点保持用户
2070,1,4,372.6,1,1,1,111,核心价值用户
2071,2,3,495.9,1,1,1,111,核心价值用户
2072,4,5,864.0,0,1,1,011,重点保持用户
2074,3,1,60.599999999999994,0,0,0,000,流失用户
2075,2,1,283.6,1,0,1,101,高消费流失预警用户
2078,6,1,130.2,0,0,0,000,流失用户
2079,1,3,461.20000000000005,1,1,1,111,核心价值用户
2081,4,1,313.6,0,0,1,001,高消费沉睡用户
2083,1,1,97.2,1,0,0,100,一般发展用户
2086,3,3,322.70000000000005,0,1,1,011,重点保持用户
2087,2,1,84.0,1,0,0,100,一般发展用户
2089,2,3,575.5,1,1,1,111,核心价值用户
2090,1,2,206.79999999999998,1,1,0,110,高潜力用户
2093,5,1,96.8,0,0,0,000,流失用户
2094,1,5,535.3000000000001,1,1,1,111,核心价值用户
2097,3,3,467.7,0,1,1,011,重点保持用户
2098,2,1,178.0,1,0,0,100,一般发展用户
2099,1,2,180.0,1,1,0,110,高潜力用户
2100,4,2,203.70000000000002,0,1,0,010,一般保持用户
2104,2,2,78.8,1,1,0,110,高潜力用户
2105,1,4,424.5,1,1,1,111,核心价值用户
2107,1,1,110.8,1,0,0,100,一般发展用户
2108,3,2,93.6,0,1,0,010,一般保持用户
2109,1,2,529.7,1,1,1,111,核心价值用户
2110,2,4,594.9,1,1,1,111,核心价值用户
2112,5,1,172.2,0,0,0,000,流失用户
2113,2,1,210.60000000000002,1,0,1,101,高消费流失预警用户
2116,3,3,474.0,0,1,1,011,重点保持用户
2117,1,3,325.0,1,1,1,111,核心价值用户
2118,1,5,744.9,1,1,1,111,核心价值用户
2119,2,3,391.9,1,1,1,111,核心价值用户
2120,5,3,248.0,0,1,1,011,重点保持用户
2121,5,4,458.59999999999997,0,1,1,011,重点保持用户
2123,2,4,139.20000000000002,1,1,0,110,高潜力用户
2125,1,4,504.3,1,1,1,111,核心价值用户
2127,2,2,52.5,1,1,0,110,高潜力用户
2128,1,2,401.40000000000003,1,1,1,111,核心价值用户
2133,6,1,208.4,0,0,1,001,高消费沉睡用户
2134,2,1,78.8,1,0,0,100,一般发展用户
2136,2,2,623.1,1,1,1,111,核心价值用户
2137,1,2,270.4,1,1,1,111,核心价值用户
2139,4,1,187.8,0,0,0,000,流失用户
2140,3,3,218.5,0,1,1,011,重点保持用户
2141,3,5,682.2,0,1,1,011,重点保持用户
2143,2,2,447.7,1,1,1,111,核心价值用户
2144,1,5,500.4,1,1,1,111,核心价值用户
2145,2,1,268.8,1,0,1,101,高消费流失预警用户
2147,3,1,218.0,0,0,1,001,高消费沉睡用户
2148,6,1,47.6,0,0,0,000,流失用户
2149,2,6,401.70000000000005,1,1,1,111,核心价值用户
2152,2,3,360.0,1,1,1,111,核心价值用户
2153,3,4,540.5,0,1,1,011,重点保持用户
2166,2,8,523.6,1,1,1,111,核心价值用户
2167,2,6,1255.4,1,1,1,111,核心价值用户
2169,1,2,277.6,1,1,1,111,核心价值用户
2170,5,1,255.6,0,0,1,001,高消费沉睡用户
2173,1,2,137.7,1,1,0,110,高潜力用户
2178,2,1,200.8,1,0,0,100,一般发展用户
2179,4,1,189.4,0,0,0,000,流失用户
2180,1,1,119.2,1,0,0,100,一般发展用户
2181,1,10,677.0,1,1,1,111,核心价值用户
2182,1,1,81.0,1,0,0,100,一般发展用户
2184,4,1,204.89999999999998,0,0,0,000,流失用户
2185,1,3,470.4,1,1,1,111,核心价值用户
2186,1,8,1165.2,1,1,1,111,核心价值用户
2187,2,4,546.1,1,1,1,111,核心价值用户
2189,5,2,660.0,0,1,1,011,重点保持用户
2190,5,7,732.8,0,1,1,011,重点保持用户
2192,1,2,132.4,1,1,0,110,高潜力用户
2196,1,2,72.8,1,1,0,110,高潜力用户
2197,1,1,161.10000000000002,1,0,0,100,一般发展用户
2198,4,2,264.0,0,1,1,011,重点保持用户
2199,1,4,886.2,1,1,1,111,核心价值用户
2200,4,2,108.7,0,1,0,010,一般保持用户
2201,5,1,62.8,0,0,0,000,流失用户
2205,2,3,221.0,1,1,1,111,核心价值用户
2208,5,1,55.0,0,0,0,000,流失用户
2209,6,2,251.79999999999998,0,1,1,011,重点保持用户
2211,1,4,560.6,1,1,1,111,核心价值用户
2213,5,1,104.69999999999999,0,0,0,000,流失用户
2215,4,2,115.19999999999999,0,1,0,010,一般保持用户
2217,5,1,174.60000000000002,0,0,0,000,流失用户
2220,6,4,651.9,0,1,1,011,重点保持用户
2224,1,3,351.6,1,1,1,111,核心价值用户
2225,1,5,510.9,1,1,1,111,核心价值用户
2228,4,3,284.40000000000003,0,1,1,011,重点保持用户
2229,2,3,219.4,1,1,1,111,核心价值用户
2230,4,1,212.70000000000002,0,0,1,001,高消费沉睡用户
2231,6,2,238.90000000000003,0,1,1,011,重点保持用户
2233,6,3,189.4,0,1,0,010,一般保持用户
2236,4,1,15.5,0,0,0,000,流失用户
2240,2,6,406.29999999999995,1,1,1,111,核心价值用户
2242,2,3,797.7,1,1,1,111,核心价值用户
2243,2,2,213.1,1,1,1,111,核心价值用户
2244,6,1,123.2,0,0,0,000,流失用户
2245,2,2,82.7,1,1,0,110,高潜力用户
2246,6,1,94.2,0,0,0,000,流失用户
2247,6,1,9.8,0,0,0,000,流失用户
2249,3,5,672.9000000000001,0,1,1,011,重点保持用户
2251,2,1,72.5,1,0,0,100,一般发展用户
2256,1,6,582.2,1,1,1,111,核心价值用户
2259,6,1,63.3,0,0,0,000,流失用户
2260,2,2,317.6,1,1,1,111,核心价值用户
2261,1,4,507.70000000000005,1,1,1,111,核心价值用户
2262,1,6,666.2,1,1,1,111,核心价值用户
2268,3,1,137.6,0,0,0,000,流失用户
2269,3,1,215.39999999999998,0,0,1,001,高消费沉睡用户
2270,2,1,91.4,1,0,0,100,一般发展用户
2273,1,8,712.1,1,1,1,111,核心价值用户
2274,2,2,186.4,1,1,0,110,高潜力用户
2276,2,8,639.4,1,1,1,111,核心价值用户
2277,1,4,1033.0,1,1,1,111,核心价值用户
2279,2,1,46.3,1,0,0,100,一般发展用户
2280,2,2,233.0,1,1,1,111,核心价值用户
2281,6,2,188.0,0,1,0,010,一般保持用户
2282,1,3,548.6,1,1,1,111,核心价值用户
2283,2,1,122.69999999999999,1,0,0,100,一般发展用户
2284,3,1,241.5,0,0,1,001,高消费沉睡用户
2285,2,2,140.7,1,1,0,110,高潜力用户
2286,1,3,537.5,1,1,1,111,核心价值用户
2288,5,1,282.6,0,0,1,001,高消费沉睡用户
2289,6,1,224.8,0,0,1,001,高消费沉睡用户
2292,3,4,706.3,0,1,1,011,重点保持用户
2293,2,1,39.8,1,0,0,100,一般发展用户
2294,3,1,180.60000000000002,0,0,0,000,流失用户
2297,5,1,28.2,0,0,0,000,流失用户
2299,6,2,266.29999999999995,0,1,1,011,重点保持用户
2301,1,6,423.2,1,1,1,111,核心价值用户
2304,3,2,224.9,0,1,1,011,重点保持用户
2305,2,2,77.7,1,1,0,110,高潜力用户
2306,6,2,189.60000000000002,0,1,0,010,一般保持用户
2308,4,2,79.6,0,1,0,010,一般保持用户
2310,2,2,200.9,1,1,0,110,高潜力用户
2313,2,1,392.4,1,0,1,101,高消费流失预警用户
2314,1,5,1437.7,1,1,1,111,核心价值用户
2316,4,2,335.4,0,1,1,011,重点保持用户
2317,1,4,362.5,1,1,1,111,核心价值用户
2318,1,2,26.0,1,1,0,110,高潜力用户
2319,2,5,382.5,1,1,1,111,核心价值用户
2321,1,2,401.29999999999995,1,1,1,111,核心价值用户
2323,2,2,137.7,1,1,0,110,高潜力用户
2325,1,4,399.9,1,1,1,111,核心价值用户
2326,3,1,32.1,0,0,0,000,流失用户
2328,1,4,268.5,1,1,1,111,核心价值用户
2330,5,2,365.7,0,1,1,011,重点保持用户
2335,1,4,654.8,1,1,1,111,核心价值用户
2336,2,1,135.2,1,0,0,100,一般发展用户
2337,2,1,112.2,1,0,0,100,一般发展用户
2339,2,7,1225.8,1,1,1,111,核心价值用户
2341,1,1,285.29999999999995,1,0,1,101,高消费流失预警用户
2342,1,3,146.3,1,1,0,110,高潜力用户
2343,1,5,613.2,1,1,1,111,核心价值用户
2345,1,2,21.7,1,1,0,110,高潜力用户
2351,5,1,152.39999999999998,0,0,0,000,流失用户
2352,3,1,71.6,0,0,0,000,流失用户
2353,4,2,291.0,0,1,1,011,重点保持用户
2355,3,3,470.8,0,1,1,011,重点保持用户
2356,4,1,36.2,0,0,0,000,流失用户
2357,5,1,197.0,0,0,0,000,流失用户
2363,1,3,269.5,1,1,1,111,核心价值用户
2365,3,3,317.3,0,1,1,011,重点保持用户
2367,6,2,188.0,0,1,0,010,一般保持用户
2371,3,1,28.5,0,0,0,000,流失用户
2372,1,6,931.4000000000001,1,1,1,111,核心价值用户
2373,3,2,347.79999999999995,0,1,1,011,重点保持用户
2377,2,1,11.2,1,0,0,100,一般发展用户
2381,4,1,220.5,0,0,1,001,高消费沉睡用户
2382,6,1,89.4,0,0,0,000,流失用户
2385,1,2,92.7,1,1,0,110,高潜力用户
2387,2,1,56.2,1,0,0,100,一般发展用户
2391,6,1,142.0,0,0,0,000,流失用户
2401,1,2,93.6,1,1,0,110,高潜力用户
2402,2,1,288.9,1,0,1,101,高消费流失预警用户
2405,5,1,207.89999999999998,0,0,0,000,流失用户
2409,6,1,179.10000000000002,0,0,0,000,流失用户
2411,3,1,197.70000000000002,0,0,0,000,流失用户
2416,4,1,270.29999999999995,0,0,1,001,高消费沉睡用户
2420,2,7,870.2,1,1,1,111,核心价值用户
2421,1,3,213.8,1,1,1,111,核心价值用户
2423,2,2,367.30000000000007,1,1,1,111,核心价值用户
2425,4,1,20.4,0,0,0,000,流失用户
2428,4,2,63.699999999999996,0,1,0,010,一般保持用户
2430,2,3,417.1,1,1,1,111,核心价值用户
2432,4,1,190.4,0,0,0,000,流失用户
2434,2,2,200.1,1,1,0,110,高潜力用户
2435,1,1,0.6000000000000001,1,0,0,100,一般发展用户
2436,1,2,396.0,1,1,1,111,核心价值用户
2437,3,2,383.0,0,1,1,011,重点保持用户
2440,2,7,879.0,1,1,1,111,核心价值用户
2441,2,5,237.2,1,1,1,111,核心价值用户
2442,2,2,129.2,1,1,0,110,高潜力用户
2443,3,1,156.2,0,0,0,000,流失用户
2446,1,1,89.0,1,0,0,100,一般发展用户
2447,3,1,4.0,0,0,0,000,流失用户
2448,3,2,251.39999999999998,0,1,1,011,重点保持用户
2450,2,1,43.3,1,0,0,100,一般发展用户
2451,4,1,14.700000000000001,0,0,0,000,流失用户
2455,2,5,760.0999999999999,1,1,1,111,核心价值用户
2456,3,2,338.4,0,1,1,011,重点保持用户
2457,3,2,106.80000000000001,0,1,0,010,一般保持用户
2458,6,2,320.20000000000005,0,1,1,011,重点保持用户
2460,4,2,47.099999999999994,0,1,0,010,一般保持用户
2461,6,1,195.89999999999998,0,0,0,000,流失用户
2463,1,5,337.2,1,1,1,111,核心价值用户
2465,1,5,505.19999999999993,1,1,1,111,核心价值用户
2466,1,2,204.10000000000002,1,1,0,110,高潜力用户
2468,2,9,857.5,1,1,1,111,核心价值用户
2469,4,1,47.2,0,0,0,000,流失用户
2475,3,1,97.8,0,0,0,000,流失用户
2476,2,1,101.2,1,0,0,100,一般发展用户
2478,4,1,98.2,0,0,0,000,流失用户
2480,1,1,58.7,1,0,0,100,一般发展用户
2481,3,4,479.9,0,1,1,011,重点保持用户
2484,4,1,179.8,0,0,0,000,流失用户
2487,4,1,7.5,0,0,0,000,流失用户
2488,1,2,353.1,1,1,1,111,核心价值用户
2489,3,1,42.2,0,0,0,000,流失用户
2491,3,2,25.0,0,1,0,010,一般保持用户
2492,1,1,200.0,1,0,0,100,一般发展用户
2495,4,11,1329.2,0,1,1,011,重点保持用户
2496,5,6,370.4,0,1,1,011,重点保持用户
2499,1,4,695.4,1,1,1,111,核心价值用户
2507,3,1,90.9,0,0,0,000,流失用户
2508,4,1,11.0,0,0,0,000,流失用户
2515,1,4,333.5,1,1,1,111,核心价值用户
2516,4,1,105.4,0,0,0,000,流失用户
2517,1,3,237.0,1,1,1,111,核心价值用户
2520,3,4,440.0,0,1,1,011,重点保持用户
2522,5,2,86.3,0,1,0,010,一般保持用户
2523,3,3,437.6,0,1,1,011,重点保持用户
2524,3,7,363.1,0,1,1,011,重点保持用户
2526,4,1,58.7,0,0,0,000,流失用户
2527,1,1,294.8,1,0,1,101,高消费流失预警用户
2528,4,1,95.9,0,0,0,000,流失用户
2531,2,1,87.9,1,0,0,100,一般发展用户
2533,2,7,948.7,1,1,1,111,核心价值用户
2534,4,2,164.1,0,1,0,010,一般保持用户
2535,5,2,255.8,0,1,1,011,重点保持用户
2536,1,1,281.70000000000005,1,0,1,101,高消费流失预警用户
2539,3,1,251.70000000000002,0,0,1,001,高消费沉睡用户
2540,4,2,281.4,0,1,1,011,重点保持用户
2542,6,1,97.1,0,0,0,000,流失用户
2544,2,2,233.10000000000002,1,1,1,111,核心价值用户
2547,2,4,782.4,1,1,1,111,核心价值用户
2548,1,2,353.8,1,1,1,111,核心价值用户
2549,5,1,195.6,0,0,0,000,流失用户
2551,2,1,110.0,1,0,0,100,一般发展用户
2553,3,1,387.6,0,0,1,001,高消费沉睡用户
2555,6,2,89.0,0,1,0,010,一般保持用户
2557,2,2,508.8,1,1,1,111,核心价值用户
2559,4,1,34.4,0,0,0,000,流失用户
2560,6,1,100.0,0,0,0,000,流失用户
2564,1,4,609.0,1,1,1,111,核心价值用户
2565,1,1,167.2,1,0,0,100,一般发展用户
2566,1,5,503.90000000000003,1,1,1,111,核心价值用户
2567,4,1,18.9,0,0,0,000,流失用户
2569,1,3,521.6,1,1,1,111,核心价值用户
2571,2,2,85.2,1,1,0,110,高潜力用户
2572,5,1,57.6,0,0,0,000,流失用户
2575,2,1,61.5,1,0,0,100,一般发展用户
2576,1,5,559.9,1,1,1,111,核心价值用户
2577,3,1,205.79999999999998,0,0,0,000,流失用户
2579,3,3,435.9,0,1,1,011,重点保持用户
2580,1,1,95.2,1,0,0,100,一般发展用户
2581,5,1,22.0,0,0,0,000,流失用户
2585,6,2,32.400000000000006,0,1,0,010,一般保持用户
2586,1,1,361.6,1,0,1,101,高消费流失预警用户
2592,4,1,25.2,0,0,0,000,流失用户
2593,2,2,617.8000000000001,1,1,1,111,核心价值用户
2594,6,1,54.0,0,0,0,000,流失用户
2595,1,2,108.0,1,1,0,110,高潜力用户
2596,1,6,1022.8,1,1,1,111,核心价值用户
2601,3,2,536.0,0,1,1,011,重点保持用户
2602,1,2,227.39999999999998,1,1,1,111,核心价值用户
2606,3,4,560.5999999999999,0,1,1,011,重点保持用户
2611,3,6,1180.2,0,1,1,011,重点保持用户
2612,3,4,342.2,0,1,1,011,重点保持用户
2613,1,1,212.10000000000002,1,0,1,101,高消费流失预警用户
2614,1,3,219.9,1,1,1,111,核心价值用户
2615,3,4,867.2,0,1,1,011,重点保持用户
2616,4,1,34.3,0,0,0,000,流失用户
2617,3,3,715.2,0,1,1,011,重点保持用户
2620,4,4,279.7,0,1,1,011,重点保持用户
2621,5,1,88.3,0,0,0,000,流失用户
2622,4,2,218.70000000000002,0,1,1,011,重点保持用户
2624,5,1,135.4,0,0,0,000,流失用户
2626,1,1,18.0,1,0,0,100,一般发展用户
2627,3,7,1083.0,0,1,1,011,重点保持用户
2629,5,1,240.60000000000002,0,0,1,001,高消费沉睡用户
2630,1,1,35.400000000000006,1,0,0,100,一般发展用户
2634,3,2,183.3,0,1,0,010,一般保持用户
2637,2,2,431.1,1,1,1,111,核心价值用户
2638,5,1,87.8,0,0,0,000,流失用户
2641,3,1,140.6,0,0,0,000,流失用户
2643,1,2,202.2,1,1,0,110,高潜力用户
2644,6,1,23.4,0,0,0,000,流失用户
2645,3,2,164.9,0,1,0,010,一般保持用户
2646,4,3,199.4,0,1,0,010,一般保持用户
2647,4,1,113.6,0,0,0,000,流失用户
2648,5,1,164.0,0,0,0,000,流失用户
2649,1,1,168.8,1,0,0,100,一般发展用户
2650,5,1,59.6,0,0,0,000,流失用户
2651,5,1,154.0,0,0,0,000,流失用户
2652,4,2,189.2,0,1,0,010,一般保持用户
2655,1,5,288.8,1,1,1,111,核心价值用户
2656,2,1,118.19999999999999,1,0,0,100,一般发展用户
2661,3,1,284.1,0,0,1,001,高消费沉睡用户
2662,6,1,67.6,0,0,0,000,流失用户
2666,2,1,193.2,1,0,0,100,一般发展用户
2667,2,2,289.5,1,1,1,111,核心价值用户
2669,1,10,1467.7,1,1,1,111,核心价值用户
2673,4,4,527.4,0,1,1,011,重点保持用户
2676,3,4,430.1,0,1,1,011,重点保持用户
2678,1,1,108.8,1,0,0,100,一般发展用户
2679,4,1,9.2,0,0,0,000,流失用户
2680,5,1,172.8,0,0,0,000,流失用户
2681,6,1,140.6,0,0,0,000,流失用户
2682,1,2,61.400000000000006,1,1,0,110,高潜力用户
2685,2,4,838.1000000000001,1,1,1,111,核心价值用户
2687,5,1,264.0,0,0,1,001,高消费沉睡用户
2691,1,1,109.4,1,0,0,100,一般发展用户
2692,1,1,83.2,1,0,0,100,一般发展用户
2695,2,3,203.5,1,1,0,110,高潜力用户
2698,1,1,21.8,1,0,0,100,一般发展用户
2699,6,1,340.0,0,0,1,001,高消费沉睡用户
2703,1,5,445.6000000000001,1,1,1,111,核心价值用户
2704,4,1,240.0,0,0,1,001,高消费沉睡用户
2705,2,1,32.8,1,0,0,100,一般发展用户
2706,1,3,488.1,1,1,1,111,核心价值用户
2707,1,2,187.6,1,1,0,110,高潜力用户
2708,2,2,120.7,1,1,0,110,高潜力用户
2709,4,2,363.2,0,1,1,011,重点保持用户
2710,5,2,187.60000000000002,0,1,0,010,一般保持用户
2715,6,1,52.2,0,0,0,000,流失用户
2716,1,2,154.99999999999997,1,1,0,110,高潜力用户
2717,1,2,276.5,1,1,1,111,核心价值用户
2718,4,2,99.1,0,1,0,010,一般保持用户
2723,2,4,367.9,1,1,1,111,核心价值用户
2724,2,1,30.4,1,0,0,100,一般发展用户
2725,6,1,46.6,0,0,0,000,流失用户
2727,2,1,9.1,1,0,0,100,一般发展用户
2728,2,2,165.0,1,1,0,110,高潜力用户
2730,1,6,1346.0,1,1,1,111,核心价值用户
2733,5,2,83.19999999999999,0,1,0,010,一般保持用户
2735,1,3,455.70000000000005,1,1,1,111,核心价值用户
2737,4,1,79.1,0,0,0,000,流失用户
2744,3,2,144.9,0,1,0,010,一般保持用户
2745,2,1,31.5,1,0,0,100,一般发展用户
2747,1,1,44.2,1,0,0,100,一般发展用户
2749,2,4,664.5,1,1,1,111,核心价值用户
2750,1,4,806.7,1,1,1,111,核心价值用户
2752,3,2,314.29999999999995,0,1,1,011,重点保持用户
2753,2,1,60.3,1,0,0,100,一般发展用户
2754,1,1,169.4,1,0,0,100,一般发展用户
2757,2,3,380.4,1,1,1,111,核心价值用户
2758,2,4,576.3,1,1,1,111,核心价值用户
2759,1,3,225.4,1,1,1,111,核心价值用户
2760,1,1,51.1,1,0,0,100,一般发展用户
2761,1,1,125.6,1,0,0,100,一般发展用户
2763,1,4,529.4,1,1,1,111,核心价值用户
2766,2,4,553.3000000000001,1,1,1,111,核心价值用户
2767,1,1,211.20000000000002,1,0,1,101,高消费流失预警用户
2770,4,3,574.5,0,1,1,011,重点保持用户
2772,3,1,11.6,0,0,0,000,流失用户
2776,1,2,168.2,1,1,0,110,高潜力用户
2780,1,3,432.7,1,1,1,111,核心价值用户
2781,5,1,14.8,0,0,0,000,流失用户
2786,1,2,167.8,1,1,0,110,高潜力用户
2787,6,2,631.4,0,1,1,011,重点保持用户
2789,1,2,29.099999999999998,1,1,0,110,高潜力用户
2791,1,1,144.60000000000002,1,0,0,100,一般发展用户
2792,4,1,69.9,0,0,0,000,流失用户
2795,3,1,394.4,0,0,1,001,高消费沉睡用户
2796,2,3,407.9,1,1,1,111,核心价值用户
2798,4,1,153.4,0,0,0,000,流失用户
2800,6,1,162.2,0,0,0,000,流失用户
2802,2,2,333.0,1,1,1,111,核心价值用户
2804,1,7,894.6999999999999,1,1,1,111,核心价值用户
2805,1,2,166.89999999999998,1,1,0,110,高潜力用户
2806,2,2,116.8,1,1,0,110,高潜力用户
2807,3,3,610.6,0,1,1,011,重点保持用户
2815,4,1,88.6,0,0,0,000,流失用户
2816,1,1,34.5,1,0,0,100,一般发展用户
2818,5,1,107.6,0,0,0,000,流失用户
2820,5,2,194.2,0,1,0,010,一般保持用户
2821,3,3,586.6,0,1,1,011,重点保持用户
2823,6,1,43.2,0,0,0,000,流失用户
2824,3,3,146.3,0,1,0,010,一般保持用户
2828,1,1,218.10000000000002,1,0,1,101,高消费流失预警用户
2829,5,1,26.0,0,0,0,000,流失用户
2830,2,2,259.1,1,1,1,111,核心价值用户
2831,1,1,98.0,1,0,0,100,一般发展用户
2832,2,4,87.6,1,1,0,110,高潜力用户
2833,1,2,184.5,1,1,0,110,高潜力用户
2834,4,1,15.0,0,0,0,000,流失用户
2835,4,1,50.8,0,0,0,000,流失用户
2836,3,3,433.0,0,1,1,011,重点保持用户
2837,1,4,401.9,1,1,1,111,核心价值用户
2838,2,2,171.6,1,1,0,110,高潜力用户
2840,1,4,302.5,1,1,1,111,核心价值用户
2841,2,1,182.4,1,0,0,100,一般发展用户
2842,4,1,150.0,0,0,0,000,流失用户
2845,1,3,377.9,1,1,1,111,核心价值用户
2846,2,2,213.99999999999997,1,1,1,111,核心价值用户
2847,4,1,67.2,0,0,0,000,流失用户
2849,5,2,186.4,0,1,0,010,一般保持用户
2851,1,2,242.7,1,1,1,111,核心价值用户
2852,3,4,748.5,0,1,1,011,重点保持用户
2853,3,4,332.0,0,1,1,011,重点保持用户
2854,5,1,11.7,0,0,0,000,流失用户
2855,6,1,97.0,0,0,0,000,流失用户
2856,1,3,205.0,1,1,0,110,高潜力用户
2858,3,2,512.2,0,1,1,011,重点保持用户
2860,1,2,176.1,1,1,0,110,高潜力用户
2861,3,5,607.5999999999999,0,1,1,011,重点保持用户
2862,4,1,153.3,0,0,0,000,流失用户
2863,4,1,230.39999999999998,0,0,1,001,高消费沉睡用户
2864,3,2,140.0,0,1,0,010,一般保持用户
2865,2,5,504.2,1,1,1,111,核心价值用户
2869,1,8,1207.0,1,1,1,111,核心价值用户
2870,1,1,230.70000000000002,1,0,1,101,高消费流失预警用户
2873,1,2,359.6,1,1,1,111,核心价值用户
2874,1,2,230.0,1,1,1,111,核心价值用户
2876,5,2,109.39999999999999,0,1,0,010,一般保持用户
2878,4,3,215.70000000000002,0,1,1,011,重点保持用户
2879,5,1,0.2,0,0,0,000,流失用户
2880,1,4,172.8,1,1,0,110,高潜力用户
2884,5,2,142.3,0,1,0,010,一般保持用户
2886,5,1,391.2,0,0,1,001,高消费沉睡用户
2888,1,1,109.8,1,0,0,100,一般发展用户
2890,2,1,11.6,1,0,0,100,一般发展用户
2891,1,2,214.1,1,1,1,111,核心价值用户
2892,5,2,128.3,0,1,0,010,一般保持用户
2893,1,1,163.8,1,0,0,100,一般发展用户
2895,2,6,1004.1,1,1,1,111,核心价值用户
2896,1,1,82.4,1,0,0,100,一般发展用户
2900,2,4,324.0,1,1,1,111,核心价值用户
2901,4,1,55.0,0,0,0,000,流失用户
2904,2,1,206.70000000000002,1,0,0,100,一般发展用户
2905,3,2,211.0,0,1,1,011,重点保持用户
2906,4,7,425.79999999999995,0,1,1,011,重点保持用户
2909,4,2,149.29999999999998,0,1,0,010,一般保持用户
2911,4,1,85.0,0,0,0,000,流失用户
2913,1,1,180.89999999999998,1,0,0,100,一般发展用户
2914,1,3,203.4,1,1,0,110,高潜力用户
2915,2,2,230.1,1,1,1,111,核心价值用户
2916,2,4,701.8,1,1,1,111,核心价值用户
2918,6,1,17.4,0,0,0,000,流失用户
2920,4,3,609.8,0,1,1,011,重点保持用户
2921,4,3,508.9,0,1,1,011,重点保持用户
2922,3,2,88.4,0,1,0,010,一般保持用户
2925,2,1,30.900000000000002,1,0,0,100,一般发展用户
2927,1,5,727.5,1,1,1,111,核心价值用户
2929,2,5,685.0,1,1,1,111,核心价值用户
2931,4,1,21.299999999999997,0,0,0,000,流失用户
2933,1,2,212.6,1,1,1,111,核心价值用户
2936,1,2,303.59999999999997,1,1,1,111,核心价值用户
2937,2,2,311.1,1,1,1,111,核心价值用户
2940,3,3,256.70000000000005,0,1,1,011,重点保持用户
2941,1,6,762.2,1,1,1,111,核心价值用户
2942,2,3,600.5,1,1,1,111,核心价值用户
2943,1,1,44.3,1,0,0,100,一般发展用户
2945,2,1,298.5,1,0,1,101,高消费流失预警用户
2946,1,1,261.0,1,0,1,101,高消费流失预警用户
2949,2,4,550.2,1,1,1,111,核心价值用户
2951,3,1,376.0,0,0,1,001,高消费沉睡用户
2952,2,1,43.6,1,0,0,100,一般发展用户
2955,1,1,26.1,1,0,0,100,一般发展用户
2956,4,2,71.8,0,1,0,010,一般保持用户
2958,1,3,329.3,1,1,1,111,核心价值用户
2959,1,1,51.599999999999994,1,0,0,100,一般发展用户
2960,3,2,111.5,0,1,0,010,一般保持用户
2961,1,4,370.20000000000005,1,1,1,111,核心价值用户
2962,1,2,298.7,1,1,1,111,核心价值用户
2963,6,2,63.0,0,1,0,010,一般保持用户
2965,6,2,385.0,0,1,1,011,重点保持用户
2966,3,1,6.0,0,0,0,000,流失用户
2969,2,2,487.7,1,1,1,111,核心价值用户
2970,6,1,62.4,0,0,0,000,流失用户
2972,1,3,280.8,1,1,1,111,核心价值用户
2973,1,1,6.4,1,0,0,100,一般发展用户
2974,1,3,207.4,1,1,0,110,高潜力用户
2975,1,3,247.6,1,1,1,111,核心价值用户
2976,2,2,240.7,1,1,1,111,核心价值用户
2977,2,2,221.20000000000002,1,1,1,111,核心价值用户
2978,1,1,167.7,1,0,0,100,一般发展用户
2979,1,2,17.4,1,1,0,110,高潜力用户
2980,2,1,2.2,1,0,0,100,一般发展用户
2982,4,3,632.5999999999999,0,1,1,011,重点保持用户
2984,4,1,293.2,0,0,1,001,高消费沉睡用户
2985,4,1,56.400000000000006,0,0,0,000,流失用户
2986,1,3,434.1,1,1,1,111,核心价值用户
2987,3,1,105.6,0,0,0,000,流失用户
2990,4,2,129.4,0,1,0,010,一般保持用户
2991,1,9,1128.9,1,1,1,111,核心价值用户
2992,6,5,474.8,0,1,1,011,重点保持用户
2995,2,2,177.8,1,1,0,110,高潜力用户
2996,1,1,148.2,1,0,0,100,一般发展用户
2998,3,1,19.9,0,0,0,000,流失用户
2999,6,1,186.0,0,0,0,000,流失用户
3001,2,1,28.3,1,0,0,100,一般发展用户
3002,1,6,717.0,1,1,1,111,核心价值用户
3004,3,1,172.2,0,0,0,000,流失用户
3005,4,2,92.2,0,1,0,010,一般保持用户
3007,3,3,247.2,0,1,1,011,重点保持用户
3010,3,2,181.9,0,1,0,010,一般保持用户
3012,1,3,133.0,1,1,0,110,高潜力用户
3016,5,3,720.8,0,1,1,011,重点保持用户
3017,3,1,55.8,0,0,0,000,流失用户
3019,4,2,12.0,0,1,0,010,一般保持用户
3022,2,3,497.0,1,1,1,111,核心价值用户
3024,5,6,651.5,0,1,1,011,重点保持用户
3025,1,2,276.0,1,1,1,111,核心价值用户
3026,4,2,571.8,0,1,1,011,重点保持用户
3030,2,2,162.2,1,1,0,110,高潜力用户
3031,4,2,189.8,0,1,0,010,一般保持用户
3032,5,1,164.39999999999998,0,0,0,000,流失用户
3034,5,1,120.8,0,0,0,000,流失用户
3036,2,1,48.9,1,0,0,100,一般发展用户
3037,2,2,322.6,1,1,1,111,核心价值用户
3038,1,3,310.70000000000005,1,1,1,111,核心价值用户
3040,1,2,366.4,1,1,1,111,核心价值用户
3043,1,1,142.8,1,0,0,100,一般发展用户
3044,1,1,166.8,1,0,0,100,一般发展用户
3045,3,1,188.8,0,0,0,000,流失用户
3046,1,2,258.29999999999995,1,1,1,111,核心价值用户
3047,2,2,364.0,1,1,1,111,核心价值用户
3048,3,3,343.0,0,1,1,011,重点保持用户
3053,1,3,267.9,1,1,1,111,核心价值用户
3054,6,2,379.6,0,1,1,011,重点保持用户
3055,6,1,292.79999999999995,0,0,1,001,高消费沉睡用户
3058,3,1,88.80000000000001,0,0,0,000,流失用户
3059,2,2,286.2,1,1,1,111,核心价值用户
3060,1,6,1052.3999999999999,1,1,1,111,核心价值用户
3063,1,4,872.1,1,1,1,111,核心价值用户
3064,4,7,753.4,0,1,1,011,重点保持用户
3066,1,5,423.5,1,1,1,111,核心价值用户
3067,2,7,561.3,1,1,1,111,核心价值用户
3069,1,2,466.79999999999995,1,1,1,111,核心价值用户
3071,5,2,429.69999999999993,0,1,1,011,重点保持用户
3072,3,1,20.4,0,0,0,000,流失用户
3075,1,2,259.8,1,1,1,111,核心价值用户
3076,5,1,202.0,0,0,0,000,流失用户
3078,6,1,220.79999999999998,0,0,1,001,高消费沉睡用户
3080,1,1,109.6,1,0,0,100,一般发展用户
3085,4,1,14.6,0,0,0,000,流失用户
3088,5,1,56.1,0,0,0,000,流失用户
3090,4,3,286.59999999999997,0,1,1,011,重点保持用户
3091,6,2,138.0,0,1,0,010,一般保持用户
3092,5,1,15.7,0,0,0,000,流失用户
3093,1,4,489.0,1,1,1,111,核心价值用户
3094,4,2,167.10000000000002,0,1,0,010,一般保持用户
3096,5,2,304.3,0,1,1,011,重点保持用户
3099,6,1,186.3,0,0,0,000,流失用户
3100,4,3,719.2,0,1,1,011,重点保持用户
3101,5,1,155.2,0,0,0,000,流失用户
3102,2,1,155.0,1,0,0,100,一般发展用户
3105,2,8,408.0,1,1,1,111,核心价值用户
3106,3,1,41.7,0,0,0,000,流失用户
3111,2,5,549.8,1,1,1,111,核心价值用户
3112,5,3,379.40000000000003,0,1,1,011,重点保持用户
3113,6,1,178.0,0,0,0,000,流失用户
3115,4,3,559.0,0,1,1,011,重点保持用户
3117,1,2,259.7,1,1,1,111,核心价值用户
3118,1,2,58.8,1,1,0,110,高潜力用户
3125,1,1,43.5,1,0,0,100,一般发展用户
3126,4,2,281.2,0,1,1,011,重点保持用户
3130,5,1,200.0,0,0,0,000,流失用户
3131,1,2,101.3,1,1,0,110,高潜力用户
3134,1,12,1067.2,1,1,1,111,核心价值用户
3135,1,9,1283.3999999999999,1,1,1,111,核心价值用户
3137,1,1,23.4,1,0,0,100,一般发展用户
3138,2,1,129.0,1,0,0,100,一般发展用户
3142,4,2,583.2,0,1,1,011,重点保持用户
3144,3,8,1245.7,0,1,1,011,重点保持用户
3145,4,1,280.0,0,0,1,001,高消费沉睡用户
3146,2,1,201.0,1,0,0,100,一般发展用户
3147,3,2,468.5,0,1,1,011,重点保持用户
3154,2,3,334.8,1,1,1,111,核心价值用户
3155,1,10,821.7,1,1,1,111,核心价值用户
3156,2,5,247.70000000000002,1,1,1,111,核心价值用户
3157,6,1,202.8,0,0,0,000,流失用户
3158,3,1,252.8,0,0,1,001,高消费沉睡用户
3160,1,1,68.6,1,0,0,100,一般发展用户
3161,3,2,169.7,0,1,0,010,一般保持用户
3162,1,2,156.3,1,1,0,110,高潜力用户
3164,1,3,539.8000000000001,1,1,1,111,核心价值用户
3166,1,7,1279.1,1,1,1,111,核心价值用户
3167,2,1,99.8,1,0,0,100,一般发展用户
3172,2,4,431.79999999999995,1,1,1,111,核心价值用户
3173,2,1,139.6,1,0,0,100,一般发展用户
3175,5,2,95.4,0,1,0,010,一般保持用户
3176,2,1,273.0,1,0,1,101,高消费流失预警用户
3177,2,1,166.8,1,0,0,100,一般发展用户
3179,6,1,266.4,0,0,1,001,高消费沉睡用户
3184,6,1,344.8,0,0,1,001,高消费沉睡用户
3187,1,2,254.6,1,1,1,111,核心价值用户
3188,5,1,38.4,0,0,0,000,流失用户
3189,5,3,461.0,0,1,1,011,重点保持用户
3190,1,1,161.0,1,0,0,100,一般发展用户
3193,1,12,1743.6,1,1,1,111,核心价值用户
3200,1,1,6.1,1,0,0,100,一般发展用户
3201,3,8,764.4,0,1,1,011,重点保持用户
3202,4,1,320.4,0,0,1,001,高消费沉睡用户
3203,4,1,41.3,0,0,0,000,流失用户
3204,3,2,52.2,0,1,0,010,一般保持用户
3209,3,3,250.89999999999998,0,1,1,011,重点保持用户
3210,6,1,67.9,0,0,0,000,流失用户
3214,1,2,91.19999999999999,1,1,0,110,高潜力用户
3215,1,1,24.900000000000002,1,0,0,100,一般发展用户
3216,1,4,335.9,1,1,1,111,核心价值用户
3217,1,1,77.4,1,0,0,100,一般发展用户
3219,1,6,618.1,1,1,1,111,核心价值用户
3221,1,4,699.5,1,1,1,111,核心价值用户
3223,3,3,154.3,0,1,0,010,一般保持用户
3227,1,2,81.10000000000001,1,1,0,110,高潜力用户
3229,4,5,571.5,0,1,1,011,重点保持用户
3230,6,3,349.79999999999995,0,1,1,011,重点保持用户
3233,4,1,234.29999999999998,0,0,1,001,高消费沉睡用户
3234,5,1,16.8,0,0,0,000,流失用户
3235,2,2,287.5,1,1,1,111,核心价值用户
3239,3,10,1387.3,0,1,1,011,重点保持用户
3241,1,5,407.8,1,1,1,111,核心价值用户
3243,3,2,274.8,0,1,1,011,重点保持用户
3244,3,1,322.8,0,0,1,001,高消费沉睡用户
3246,6,1,377.6,0,0,1,001,高消费沉睡用户
3249,2,3,382.8,1,1,1,111,核心价值用户
3251,2,1,50.5,1,0,0,100,一般发展用户
3253,1,2,180.89999999999998,1,1,0,110,高潜力用户
3254,5,1,33.0,0,0,0,000,流失用户
3255,1,2,251.40000000000003,1,1,1,111,核心价值用户
3257,3,1,77.69999999999999,0,0,0,000,流失用户
3258,3,1,346.4,0,0,1,001,高消费沉睡用户
3262,1,4,361.59999999999997,1,1,1,111,核心价值用户
3265,2,1,5.3,1,0,0,100,一般发展用户
3268,4,4,644.6,0,1,1,011,重点保持用户
3269,6,1,58.4,0,0,0,000,流失用户
3272,1,2,314.79999999999995,1,1,1,111,核心价值用户
3275,2,1,142.0,1,0,0,100,一般发展用户
3276,2,1,86.1,1,0,0,100,一般发展用户
3277,4,1,241.2,0,0,1,001,高消费沉睡用户
3279,6,1,90.6,0,0,0,000,流失用户
3281,2,3,452.70000000000005,1,1,1,111,核心价值用户
3284,5,1,93.6,0,0,0,000,流失用户
3287,5,1,173.2,0,0,0,000,流失用户
3289,1,7,1030.7,1,1,1,111,核心价值用户
3290,1,3,653.9000000000001,1,1,1,111,核心价值用户
3291,1,1,239.39999999999998,1,0,1,101,高消费流失预警用户
3293,5,2,344.79999999999995,0,1,1,011,重点保持用户
3294,2,1,116.0,1,0,0,100,一般发展用户
3296,3,5,1124.0,0,1,1,011,重点保持用户
3298,4,1,7.6,0,0,0,000,流失用户
3300,2,3,595.9,1,1,1,111,核心价值用户
3301,2,7,1061.9,1,1,1,111,核心价值用户
3302,3,3,198.5,0,1,0,010,一般保持用户
3303,1,4,208.8,1,1,1,111,核心价值用户
3304,4,3,82.80000000000001,0,1,0,010,一般保持用户
3305,3,2,158.9,0,1,0,010,一般保持用户
3306,1,3,68.80000000000001,1,1,0,110,高潜力用户
3307,1,2,394.79999999999995,1,1,1,111,核心价值用户
3309,2,1,60.5,1,0,0,100,一般发展用户
3310,1,4,862.1,1,1,1,111,核心价值用户
3311,3,2,124.30000000000001,0,1,0,010,一般保持用户
3315,5,1,51.2,0,0,0,000,流失用户
3317,2,1,276.0,1,0,1,101,高消费流失预警用户
3318,4,1,311.2,0,0,1,001,高消费沉睡用户
3320,1,3,281.8,1,1,1,111,核心价值用户
3322,1,1,271.20000000000005,1,0,1,101,高消费流失预警用户
3323,6,1,85.6,0,0,0,000,流失用户
3324,1,2,171.0,1,1,0,110,高潜力用户
3326,3,1,196.8,0,0,0,000,流失用户
3327,1,1,380.8,1,0,1,101,高消费流失预警用户
3331,1,1,80.9,1,0,0,100,一般发展用户
3334,5,1,186.8,0,0,0,000,流失用户
3336,6,1,16.8,0,0,0,000,流失用户
3338,5,1,69.2,0,0,0,000,流失用户
3339,3,2,404.1,0,1,1,011,重点保持用户
3340,6,2,461.0,0,1,1,011,重点保持用户
3342,3,1,148.4,0,0,0,000,流失用户
3343,3,2,596.2,0,1,1,011,重点保持用户
3344,3,2,55.6,0,1,0,010,一般保持用户
3345,3,1,293.1,0,0,1,001,高消费沉睡用户
3347,2,3,438.8,1,1,1,111,核心价值用户
3348,3,4,859.3,0,1,1,011,重点保持用户
3349,1,1,81.2,1,0,0,100,一般发展用户
3350,1,3,310.4,1,1,1,111,核心价值用户
3351,1,8,1334.4,1,1,1,111,核心价值用户
3353,4,4,666.0,0,1,1,011,重点保持用户
3355,1,3,285.0,1,1,1,111,核心价值用户
3357,5,1,171.60000000000002,0,0,0,000,流失用户
3358,5,1,173.10000000000002,0,0,0,000,流失用户
3359,5,3,375.1,0,1,1,011,重点保持用户
3360,6,1,11.2,0,0,0,000,流失用户
3361,4,4,383.29999999999995,0,1,1,011,重点保持用户
3363,5,1,43.9,0,0,0,000,流失用户
3366,3,1,39.2,0,0,0,000,流失用户
3370,3,1,35.3,0,0,0,000,流失用户
3372,1,2,487.90000000000003,1,1,1,111,核心价值用户
3374,1,1,158.2,1,0,0,100,一般发展用户
3375,1,1,247.5,1,0,1,101,高消费流失预警用户
3376,4,2,333.6,0,1,1,011,重点保持用户
3377,5,1,134.7,0,0,0,000,流失用户
3378,2,3,290.0,1,1,1,111,核心价值用户
3381,1,2,262.2,1,1,1,111,核心价值用户
3382,1,3,472.4,1,1,1,111,核心价值用户
3383,5,1,63.2,0,0,0,000,流失用户
3385,1,4,420.7,1,1,1,111,核心价值用户
3387,4,1,19.2,0,0,0,000,流失用户
3392,2,3,300.0,1,1,1,111,核心价值用户
3395,5,1,4.5,0,0,0,000,流失用户
3396,1,9,1245.1,1,1,1,111,核心价值用户
3397,3,3,352.7,0,1,1,011,重点保持用户
3398,3,3,232.9,0,1,1,011,重点保持用户
3399,4,15,1822.3,0,1,1,011,重点保持用户
3402,4,11,1189.0,0,1,1,011,重点保持用户
3406,3,1,146.0,0,0,0,000,流失用户
3408,2,2,293.6,1,1,1,111,核心价值用户
3409,1,1,36.900000000000006,1,0,0,100,一般发展用户
3410,1,2,151.3,1,1,0,110,高潜力用户
3411,4,2,192.8,0,1,0,010,一般保持用户
3412,2,7,893.9,1,1,1,111,核心价值用户
3413,3,3,676.5,0,1,1,011,重点保持用户
3414,1,2,162.0,1,1,0,110,高潜力用户
3415,2,1,98.5,1,0,0,100,一般发展用户
3416,1,2,65.8,1,1,0,110,高潜力用户
3417,5,1,87.5,0,0,0,000,流失用户
3418,1,2,243.59999999999997,1,1,1,111,核心价值用户
3419,3,2,314.90000000000003,0,1,1,011,重点保持用户
3422,2,1,85.5,1,0,0,100,一般发展用户
3424,4,5,529.9000000000001,0,1,1,011,重点保持用户
3425,1,7,667.1,1,1,1,111,核心价值用户
3426,2,1,36.599999999999994,1,0,0,100,一般发展用户
3429,5,2,215.20000000000002,0,1,1,011,重点保持用户
3430,2,1,220.4,1,0,1,101,高消费流失预警用户
3433,1,1,38.6,1,0,0,100,一般发展用户
3436,1,1,73.2,1,0,0,100,一般发展用户
3437,1,1,43.3,1,0,0,100,一般发展用户
3438,1,2,447.29999999999995,1,1,1,111,核心价值用户
3439,2,1,13.8,1,0,0,100,一般发展用户
3440,1,5,488.5,1,1,1,111,核心价值用户
3441,1,4,562.4,1,1,1,111,核心价值用户
3444,2,1,56.4,1,0,0,100,一般发展用户
3445,3,2,116.19999999999999,0,1,0,010,一般保持用户
3447,1,4,312.0,1,1,1,111,核心价值用户
3448,1,2,477.5,1,1,1,111,核心价值用户
3449,1,3,400.99999999999994,1,1,1,111,核心价值用户
3450,1,3,378.8,1,1,1,111,核心价值用户
3452,1,1,140.10000000000002,1,0,0,100,一般发展用户
3453,2,2,286.3,1,1,1,111,核心价值用户
3455,5,2,281.40000000000003,0,1,1,011,重点保持用户
3457,4,1,2.8,0,0,0,000,流失用户
3458,2,1,18.6,1,0,0,100,一般发展用户
3460,3,3,504.69999999999993,0,1,1,011,重点保持用户
3462,4,1,64.0,0,0,0,000,流失用户
3464,1,3,708.4,1,1,1,111,核心价值用户
3465,5,1,114.60000000000001,0,0,0,000,流失用户
3466,4,1,53.2,0,0,0,000,流失用户
3467,1,11,1052.3000000000002,1,1,1,111,核心价值用户
3469,2,2,77.0,1,1,0,110,高潜力用户
3471,1,1,110.8,1,0,0,100,一般发展用户
3473,1,3,209.90000000000003,1,1,1,111,核心价值用户
3476,2,2,466.8,1,1,1,111,核心价值用户
3477,4,1,56.8,0,0,0,000,流失用户
3479,6,1,75.6,0,0,0,000,流失用户
3481,3,1,55.8,0,0,0,000,流失用户
3484,1,4,269.7,1,1,1,111,核心价值用户
3485,1,6,639.8000000000001,1,1,1,111,核心价值用户
3489,1,3,499.0,1,1,1,111,核心价值用户
3493,1,4,538.1,1,1,1,111,核心价值用户
3494,6,2,30.5,0,1,0,010,一般保持用户
3496,3,1,135.3,0,0,0,000,流失用户
3497,1,1,54.300000000000004,1,0,0,100,一般发展用户
3498,4,2,470.0,0,1,1,011,重点保持用户
3499,1,3,301.0,1,1,1,111,核心价值用户
3500,5,1,378.8,0,0,1,001,高消费沉睡用户
3501,4,1,81.6,0,0,0,000,流失用户
3502,4,1,294.6,0,0,1,001,高消费沉睡用户
3506,1,4,505.8,1,1,1,111,核心价值用户
3507,1,1,184.4,1,0,0,100,一般发展用户
3508,5,1,4.2,0,0,0,000,流失用户
3509,6,1,297.6,0,0,1,001,高消费沉睡用户
3510,2,1,98.0,1,0,0,100,一般发展用户
3512,6,1,120.2,0,0,0,000,流失用户
3513,6,1,39.599999999999994,0,0,0,000,流失用户
3514,5,1,216.4,0,0,1,001,高消费沉睡用户
3515,1,3,199.6,1,1,0,110,高潜力用户
3520,4,1,313.2,0,0,1,001,高消费沉睡用户
3525,2,2,166.2,1,1,0,110,高潜力用户
3529,2,3,175.4,1,1,0,110,高潜力用户
3531,2,2,63.6,1,1,0,110,高潜力用户
3532,3,1,116.0,0,0,0,000,流失用户
3534,6,1,81.9,0,0,0,000,流失用户
3535,6,1,57.6,0,0,0,000,流失用户
3539,2,2,108.0,1,1,0,110,高潜力用户
3541,5,2,291.0,0,1,1,011,重点保持用户
3545,2,1,42.0,1,0,0,100,一般发展用户
3550,1,2,419.40000000000003,1,1,1,111,核心价值用户
3556,1,1,111.0,1,0,0,100,一般发展用户
3559,6,1,120.0,0,0,0,000,流失用户
3560,1,2,165.9,1,1,0,110,高潜力用户
3561,1,1,126.4,1,0,0,100,一般发展用户
3562,5,2,300.9,0,1,1,011,重点保持用户
3564,5,1,299.6,0,0,1,001,高消费沉睡用户
3565,4,2,349.29999999999995,0,1,1,011,重点保持用户
3569,6,1,8.7,0,0,0,000,流失用户
3571,1,2,422.79999999999995,1,1,1,111,核心价值用户
3572,1,2,424.40000000000003,1,1,1,111,核心价值用户
3573,2,1,43.7,1,0,0,100,一般发展用户
3574,6,1,171.6,0,0,0,000,流失用户
3575,1,1,34.5,1,0,0,100,一般发展用户
3577,4,1,35.7,0,0,0,000,流失用户
3578,1,1,11.399999999999999,1,0,0,100,一般发展用户
3579,5,1,4.5,0,0,0,000,流失用户
3582,4,1,294.29999999999995,0,0,1,001,高消费沉睡用户
3586,2,8,738.7,1,1,1,111,核心价值用户
3587,1,3,232.9,1,1,1,111,核心价值用户
3588,4,1,132.6,0,0,0,000,流失用户
3593,3,1,73.4,0,0,0,000,流失用户
3595,2,4,614.4000000000001,1,1,1,111,核心价值用户
3596,4,2,215.2,0,1,1,011,重点保持用户
3598,2,1,88.4,1,0,0,100,一般发展用户
3600,1,1,191.6,1,0,0,100,一般发展用户
3606,2,2,457.9,1,1,1,111,核心价值用户
3609,5,1,34.2,0,0,0,000,流失用户
3611,6,1,85.6,0,0,0,000,流失用户
3612,1,1,74.0,1,0,0,100,一般发展用户
3615,3,1,0.4,0,0,0,000,流失用户
3616,3,2,107.2,0,1,0,010,一般保持用户
3621,2,1,124.0,1,0,0,100,一般发展用户
3622,1,9,1432.7,1,1,1,111,核心价值用户
3624,4,2,281.1,0,1,1,011,重点保持用户
3625,6,1,177.0,0,0,0,000,流失用户
3626,5,1,20.0,0,0,0,000,流失用户
3627,1,1,201.2,1,0,0,100,一般发展用户
3628,2,2,145.8,1,1,0,110,高潜力用户
3629,1,1,14.4,1,0,0,100,一般发展用户
3631,2,6,872.7,1,1,1,111,核心价值用户
3636,2,3,874.2,1,1,1,111,核心价值用户
3637,2,2,233.10000000000002,1,1,1,111,核心价值用户
3639,4,1,169.2,0,0,0,000,流失用户
3640,1,2,382.5,1,1,1,111,核心价值用户
3641,2,1,61.0,1,0,0,100,一般发展用户
3644,1,1,151.2,1,0,0,100,一般发展用户
3650,1,5,657.2,1,1,1,111,核心价值用户
3652,2,1,91.5,1,0,0,100,一般发展用户
3653,2,2,204.60000000000002,1,1,0,110,高潜力用户
3654,5,1,24.6,0,0,0,000,流失用户
3655,2,2,115.1,1,1,0,110,高潜力用户
3656,2,3,552.9000000000001,1,1,1,111,核心价值用户
3657,1,2,222.6,1,1,1,111,核心价值用户
3658,3,1,327.6,0,0,1,001,高消费沉睡用户
3659,1,3,411.4,1,1,1,111,核心价值用户
3660,3,3,328.29999999999995,0,1,1,011,重点保持用户
3661,6,1,148.0,0,0,0,000,流失用户
3663,1,5,457.9,1,1,1,111,核心价值用户
3665,2,1,25.4,1,0,0,100,一般发展用户
3669,4,1,4.6,0,0,0,000,流失用户
3670,1,4,139.1,1,1,0,110,高潜力用户
3671,1,3,291.2,1,1,1,111,核心价值用户
3672,1,1,39.8,1,0,0,100,一般发展用户
3674,2,3,287.09999999999997,1,1,1,111,核心价值用户
3677,3,1,18.6,0,0,0,000,流失用户
3678,3,2,405.9,0,1,1,011,重点保持用户
3681,2,1,94.2,1,0,0,100,一般发展用户
3683,3,4,513.3000000000001,0,1,1,011,重点保持用户
3684,3,3,400.7,0,1,1,011,重点保持用户
3686,4,1,247.79999999999998,0,0,1,001,高消费沉睡用户
3688,1,2,260.20000000000005,1,1,1,111,核心价值用户
3689,2,1,67.1,1,0,0,100,一般发展用户
3690,1,1,127.8,1,0,0,100,一般发展用户
3692,2,3,363.3,1,1,1,111,核心价值用户
3697,2,1,242.39999999999998,1,0,1,101,高消费流失预警用户
3701,4,2,472.1,0,1,1,011,重点保持用户
3702,1,2,235.8,1,1,1,111,核心价值用户
3703,2,4,794.7,1,1,1,111,核心价值用户
3704,1,1,24.9,1,0,0,100,一般发展用户
3707,6,1,3.9000000000000004,0,0,0,000,流失用户
3708,6,2,231.39999999999998,0,1,1,011,重点保持用户
3711,2,2,169.1,1,1,0,110,高潜力用户
3712,2,3,271.0,1,1,1,111,核心价值用户
3717,2,1,82.2,1,0,0,100,一般发展用户
3719,3,1,30.3,0,0,0,000,流失用户
3720,1,2,270.90000000000003,1,1,1,111,核心价值用户
3722,5,1,22.8,0,0,0,000,流失用户
3724,1,6,624.6,1,1,1,111,核心价值用户
3725,6,1,43.6,0,0,0,000,流失用户
3726,2,2,260.40000000000003,1,1,1,111,核心价值用户
3727,5,1,126.0,0,0,0,000,流失用户
3729,2,1,94.9,1,0,0,100,一般发展用户
3730,4,3,356.29999999999995,0,1,1,011,重点保持用户
3733,2,3,199.1,1,1,0,110,高潜力用户
3734,1,12,1953.8,1,1,1,111,核心价值用户
3735,1,7,419.2,1,1,1,111,核心价值用户
3737,3,1,37.0,0,0,0,000,流失用户
3738,4,2,365.1,0,1,1,011,重点保持用户
3741,2,4,417.7,1,1,1,111,核心价值用户
3742,1,2,162.60000000000002,1,1,0,110,高潜力用户
3743,5,1,172.2,0,0,0,000,流失用户
3744,4,1,32.1,0,0,0,000,流失用户
3745,1,31,3536.1,1,1,1,111,核心价值用户
3746,1,5,407.0,1,1,1,111,核心价值用户
3747,5,1,89.5,0,0,0,000,流失用户
3748,2,2,543.9,1,1,1,111,核心价值用户
3749,1,1,138.8,1,0,0,100,一般发展用户
3750,1,2,17.3,1,1,0,110,高潜力用户
3753,2,1,124.8,1,0,0,100,一般发展用户
3756,2,1,0.8,1,0,0,100,一般发展用户
3757,2,1,101.10000000000001,1,0,0,100,一般发展用户
3758,1,2,255.59999999999997,1,1,1,111,核心价值用户
3759,2,2,122.2,1,1,0,110,高潜力用户
3761,1,1,83.4,1,0,0,100,一般发展用户
3762,2,2,72.7,1,1,0,110,高潜力用户
3763,4,2,105.4,0,1,0,010,一般保持用户
3764,2,1,234.8,1,0,1,101,高消费流失预警用户
3765,3,1,297.2,0,0,1,001,高消费沉睡用户
3767,3,5,744.0,0,1,1,011,重点保持用户
3768,5,9,763.3000000000001,0,1,1,011,重点保持用户
3769,2,4,771.7,1,1,1,111,核心价值用户
3772,1,1,55.4,1,0,0,100,一般发展用户
3773,1,2,301.5,1,1,1,111,核心价值用户
3774,1,2,85.39999999999999,1,1,0,110,高潜力用户
3778,2,1,90.30000000000001,1,0,0,100,一般发展用户
3780,1,3,219.6,1,1,1,111,核心价值用户
3781,2,3,359.1,1,1,1,111,核心价值用户
3782,4,1,125.6,0,0,0,000,流失用户
3792,1,3,197.0,1,1,0,110,高潜力用户
3793,2,1,23.2,1,0,0,100,一般发展用户
3795,4,1,177.6,0,0,0,000,流失用户
3797,3,1,80.9,0,0,0,000,流失用户
3798,1,2,15.4,1,1,0,110,高潜力用户
3800,1,2,384.5,1,1,1,111,核心价值用户
3801,1,4,941.2,1,1,1,111,核心价值用户
3805,1,1,5.4,1,0,0,100,一般发展用户
3808,5,1,143.39999999999998,0,0,0,000,流失用户
3814,6,1,258.29999999999995,0,0,1,001,高消费沉睡用户
3815,4,1,32.0,0,0,0,000,流失用户
3816,6,1,32.2,0,0,0,000,流失用户
3819,1,3,184.6,1,1,0,110,高潜力用户
3822,2,3,137.2,1,1,0,110,高潜力用户
3823,3,4,507.99999999999994,0,1,1,011,重点保持用户
3824,1,1,90.5,1,0,0,100,一般发展用户
3827,5,5,1305.1,0,1,1,011,重点保持用户
3829,1,5,664.7,1,1,1,111,核心价值用户
3830,1,2,133.0,1,1,0,110,高潜力用户
3831,4,1,156.6,0,0,0,000,流失用户
3833,4,1,62.0,0,0,0,000,流失用户
3836,1,3,408.7,1,1,1,111,核心价值用户
3837,4,1,155.6,0,0,0,000,流失用户
3838,3,4,184.3,0,1,0,010,一般保持用户
3840,3,2,231.00000000000003,0,1,1,011,重点保持用户
3842,6,8,917.8,0,1,1,011,重点保持用户
3843,6,1,79.5,0,0,0,000,流失用户
3844,6,2,185.5,0,1,0,010,一般保持用户
3845,1,1,1.9,1,0,0,100,一般发展用户
3847,2,1,54.0,1,0,0,100,一般发展用户
3848,2,1,15.899999999999999,1,0,0,100,一般发展用户
3849,3,1,320.0,0,0,1,001,高消费沉睡用户
3850,3,3,233.7,0,1,1,011,重点保持用户
3851,4,1,20.4,0,0,0,000,流失用户
3853,1,1,38.7,1,0,0,100,一般发展用户
3854,6,3,587.2,0,1,1,011,重点保持用户
3855,6,1,128.6,0,0,0,000,流失用户
3858,2,8,1396.9,1,1,1,111,核心价值用户
3860,4,1,187.8,0,0,0,000,流失用户
3861,4,1,179.4,0,0,0,000,流失用户
3863,6,1,246.4,0,0,1,001,高消费沉睡用户
3865,2,1,272.8,1,0,1,101,高消费流失预警用户
3869,5,2,321.29999999999995,0,1,1,011,重点保持用户
3871,3,2,315.0,0,1,1,011,重点保持用户
3872,1,2,130.6,1,1,0,110,高潜力用户
3873,4,1,20.8,0,0,0,000,流失用户
3876,5,1,72.8,0,0,0,000,流失用户
3877,5,1,258.8,0,0,1,001,高消费沉睡用户
3879,3,2,219.2,0,1,1,011,重点保持用户
3880,4,1,312.8,0,0,1,001,高消费沉睡用户
3881,2,3,384.6,1,1,1,111,核心价值用户
3883,1,1,31.1,1,0,0,100,一般发展用户
3884,4,3,198.5,0,1,0,010,一般保持用户
3885,1,1,226.0,1,0,1,101,高消费流失预警用户
3887,4,2,67.89999999999999,0,1,0,010,一般保持用户
3888,3,3,200.20000000000002,0,1,0,010,一般保持用户
3891,5,1,41.7,0,0,0,000,流失用户
3892,2,4,320.79999999999995,1,1,1,111,核心价值用户
3893,2,2,262.6,1,1,1,111,核心价值用户
3894,1,1,57.7,1,0,0,100,一般发展用户
3896,2,2,253.8,1,1,1,111,核心价值用户
3898,5,1,133.2,0,0,0,000,流失用户
3899,3,2,443.9,0,1,1,011,重点保持用户
3900,1,2,128.0,1,1,0,110,高潜力用户
3901,5,1,184.4,0,0,0,000,流失用户
3903,2,2,226.4,1,1,1,111,核心价值用户
3905,6,1,120.4,0,0,0,000,流失用户
3906,1,5,467.0,1,1,1,111,核心价值用户
3907,5,1,252.8,0,0,1,001,高消费沉睡用户
3910,5,2,393.4,0,1,1,011,重点保持用户
3911,4,2,404.8,0,1,1,011,重点保持用户
3914,4,1,293.6,0,0,1,001,高消费沉睡用户
3915,3,2,447.2,0,1,1,011,重点保持用户
3919,4,1,260.4,0,0,1,001,高消费沉睡用户
3921,3,1,3.5,0,0,0,000,流失用户
3922,6,2,252.0,0,1,1,011,重点保持用户
3923,2,1,15.3,1,0,0,100,一般发展用户
3924,3,1,252.29999999999998,0,0,1,001,高消费沉睡用户
3926,3,1,48.2,0,0,0,000,流失用户
3927,5,1,165.2,0,0,0,000,流失用户
3928,4,1,167.0,0,0,0,000,流失用户
3931,1,4,410.49999999999994,1,1,1,111,核心价值用户
3932,4,1,64.0,0,0,0,000,流失用户
3934,1,1,93.7,1,0,0,100,一般发展用户
3935,1,2,372.1,1,1,1,111,核心价值用户
3937,1,11,1356.6,1,1,1,111,核心价值用户
3938,1,1,258.0,1,0,1,101,高消费流失预警用户
3939,3,7,1267.0,0,1,1,011,重点保持用户
3940,5,1,105.60000000000001,0,0,0,000,流失用户
3941,5,1,232.79999999999998,0,0,1,001,高消费沉睡用户
3943,1,3,149.8,1,1,0,110,高潜力用户
3944,1,5,533.2,1,1,1,111,核心价值用户
3946,2,2,470.8,1,1,1,111,核心价值用户
3947,6,1,185.6,0,0,0,000,流失用户
3948,1,1,34.4,1,0,0,100,一般发展用户
3949,6,7,479.9,0,1,1,011,重点保持用户
3952,6,1,161.4,0,0,0,000,流失用户
3955,5,1,116.4,0,0,0,000,流失用户
3956,4,1,116.39999999999999,0,0,0,000,流失用户
3961,3,2,307.6,0,1,1,011,重点保持用户
3963,1,4,504.5,1,1,1,111,核心价值用户
3964,5,1,22.799999999999997,0,0,0,000,流失用户
3966,6,1,83.8,0,0,0,000,流失用户
3967,5,1,77.4,0,0,0,000,流失用户
3969,2,1,198.4,1,0,0,100,一般发展用户
3971,4,1,62.0,0,0,0,000,流失用户
3973,1,3,103.89999999999999,1,1,0,110,高潜力用户
3974,2,3,185.10000000000002,1,1,0,110,高潜力用户
3977,6,2,365.5,0,1,1,011,重点保持用户
3979,1,3,353.1,1,1,1,111,核心价值用户
3981,2,6,852.0,1,1,1,111,核心价值用户
3982,1,13,1668.9,1,1,1,111,核心价值用户
3983,1,2,205.0,1,1,0,110,高潜力用户
3984,3,1,99.5,0,0,0,000,流失用户
3987,4,1,275.4,0,0,1,001,高消费沉睡用户
3988,3,1,291.9,0,0,1,001,高消费沉睡用户
3989,1,5,589.0,1,1,1,111,核心价值用户
3992,5,2,348.20000000000005,0,1,1,011,重点保持用户
3993,4,1,326.4,0,0,1,001,高消费沉睡用户
3995,6,1,107.0,0,0,0,000,流失用户
3997,1,1,303.6,1,0,1,101,高消费流失预警用户
3999,1,1,4.7,1,0,0,100,一般发展用户
4002,2,2,114.7,1,1,0,110,高潜力用户
4006,5,1,103.80000000000001,0,0,0,000,流失用户
4007,1,1,60.2,1,0,0,100,一般发展用户
4010,1,2,520.4,1,1,1,111,核心价值用户
4015,1,2,329.6,1,1,1,111,核心价值用户
4016,2,1,282.29999999999995,1,0,1,101,高消费流失预警用户
4018,4,3,697.6,0,1,1,011,重点保持用户
4020,4,1,88.6,0,0,0,000,流失用户
4021,5,2,56.8,0,1,0,010,一般保持用户
4022,6,1,46.4,0,0,0,000,流失用户
4024,3,1,150.8,0,0,0,000,流失用户
4027,2,1,95.6,1,0,0,100,一般发展用户
4030,3,5,862.9,0,1,1,011,重点保持用户
4033,3,1,365.2,0,0,1,001,高消费沉睡用户
4034,2,2,550.2,1,1,1,111,核心价值用户
4036,5,3,243.2,0,1,1,011,重点保持用户
4037,1,3,223.0,1,1,1,111,核心价值用户
4038,4,1,40.5,0,0,0,000,流失用户
4040,2,1,94.4,1,0,0,100,一般发展用户
4041,1,2,221.39999999999998,1,1,1,111,核心价值用户
4043,4,2,236.60000000000002,0,1,1,011,重点保持用户
4045,1,1,116.6,1,0,0,100,一般发展用户
4047,4,3,388.40000000000003,0,1,1,011,重点保持用户
4048,6,1,18.4,0,0,0,000,流失用户
4049,3,2,405.2,0,1,1,011,重点保持用户
4050,1,1,125.10000000000001,1,0,0,100,一般发展用户
4051,4,4,744.9,0,1,1,011,重点保持用户
4052,6,2,187.60000000000002,0,1,0,010,一般保持用户
4056,5,1,172.0,0,0,0,000,流失用户
4057,1,1,68.1,1,0,0,100,一般发展用户
4058,1,1,73.6,1,0,0,100,一般发展用户
4059,1,2,25.9,1,1,0,110,高潜力用户
4060,2,1,104.4,1,0,0,100,一般发展用户
4063,6,1,149.2,0,0,0,000,流失用户
4064,1,3,640.1,1,1,1,111,核心价值用户
4068,3,1,353.2,0,0,1,001,高消费沉睡用户
4070,6,2,133.0,0,1,0,010,一般保持用户
4071,5,1,68.69999999999999,0,0,0,000,流失用户
4073,1,2,157.79999999999998,1,1,0,110,高潜力用户
4076,5,1,354.0,0,0,1,001,高消费沉睡用户
4077,3,1,62.2,0,0,0,000,流失用户
4078,2,7,983.8,1,1,1,111,核心价值用户
4079,1,2,167.5,1,1,0,110,高潜力用户
4082,4,1,20.0,0,0,0,000,流失用户
4084,1,1,289.79999999999995,1,0,1,101,高消费流失预警用户
4088,4,2,349.2,0,1,1,011,重点保持用户
4091,2,4,510.20000000000005,1,1,1,111,核心价值用户
4092,2,4,458.40000000000003,1,1,1,111,核心价值用户
4094,2,2,92.0,1,1,0,110,高潜力用户
4095,3,3,121.7,0,1,0,010,一般保持用户
4098,6,4,269.6,0,1,1,011,重点保持用户
4099,5,1,188.39999999999998,0,0,0,000,流失用户
4100,2,2,227.79999999999998,1,1,1,111,核心价值用户
4102,1,1,103.5,1,0,0,100,一般发展用户
4103,3,2,207.8,0,1,0,010,一般保持用户
4104,4,1,172.8,0,0,0,000,流失用户
4105,2,2,39.8,1,1,0,110,高潜力用户
4107,2,1,9.8,1,0,0,100,一般发展用户
4111,1,3,694.4,1,1,1,111,核心价值用户
4112,1,1,293.70000000000005,1,0,1,101,高消费流失预警用户
4117,1,6,413.09999999999997,1,1,1,111,核心价值用户
4118,5,2,290.2,0,1,1,011,重点保持用户
4120,6,1,232.8,0,0,1,001,高消费沉睡用户
4121,4,2,364.4,0,1,1,011,重点保持用户
4123,4,3,654.5999999999999,0,1,1,011,重点保持用户
4125,5,2,405.29999999999995,0,1,1,011,重点保持用户
4127,3,2,466.3,0,1,1,011,重点保持用户
4130,4,2,201.20000000000002,0,1,0,010,一般保持用户
4132,1,1,198.4,1,0,0,100,一般发展用户
4133,4,2,215.5,0,1,1,011,重点保持用户
4134,2,2,430.80000000000007,1,1,1,111,核心价值用户
4135,1,1,42.6,1,0,0,100,一般发展用户
4136,1,1,60.2,1,0,0,100,一般发展用户
4137,4,1,180.0,0,0,0,000,流失用户
4138,1,1,184.8,1,0,0,100,一般发展用户
4141,2,1,263.1,1,0,1,101,高消费流失预警用户
4142,6,1,74.6,0,0,0,000,流失用户
4143,3,1,29.6,0,0,0,000,流失用户
4145,5,1,227.6,0,0,1,001,高消费沉睡用户
4147,1,14,2507.2,1,1,1,111,核心价值用户
4149,5,1,250.79999999999998,0,0,1,001,高消费沉睡用户
4152,3,14,1530.6000000000001,0,1,1,011,重点保持用户
4153,6,1,132.2,0,0,0,000,流失用户
4155,1,2,480.2,1,1,1,111,核心价值用户
4157,5,3,584.1,0,1,1,011,重点保持用户
4158,5,1,48.8,0,0,0,000,流失用户
4160,6,1,96.1,0,0,0,000,流失用户
4162,4,3,113.19999999999999,0,1,0,010,一般保持用户
4163,2,15,1945.4,1,1,1,111,核心价值用户
4164,1,4,282.4,1,1,1,111,核心价值用户
4165,4,1,59.699999999999996,0,0,0,000,流失用户
4166,2,1,293.6,1,0,1,101,高消费流失预警用户
4167,2,3,410.0,1,1,1,111,核心价值用户
4168,3,4,481.70000000000005,0,1,1,011,重点保持用户
4170,1,1,189.6,1,0,0,100,一般发展用户
4173,5,1,163.8,0,0,0,000,流失用户
4174,3,1,68.8,0,0,0,000,流失用户
4175,1,1,2.0,1,0,0,100,一般发展用户
4176,1,5,402.0,1,1,1,111,核心价值用户
4177,2,2,204.60000000000002,1,1,0,110,高潜力用户
4178,6,1,25.0,0,0,0,000,流失用户
4181,1,3,461.8,1,1,1,111,核心价值用户
4188,6,1,20.8,0,0,0,000,流失用户
4193,1,3,263.20000000000005,1,1,1,111,核心价值用户
4194,2,1,155.7,1,0,0,100,一般发展用户
4197,1,4,309.8,1,1,1,111,核心价值用户
4198,2,3,474.4,1,1,1,111,核心价值用户
4199,2,5,671.2,1,1,1,111,核心价值用户
4205,6,1,99.3,0,0,0,000,流失用户
4206,3,3,480.2,0,1,1,011,重点保持用户
4209,2,1,177.0,1,0,0,100,一般发展用户
4210,5,1,89.69999999999999,0,0,0,000,流失用户
4211,6,1,168.60000000000002,0,0,0,000,流失用户
4212,1,2,205.0,1,1,0,110,高潜力用户
4216,4,3,601.3000000000001,0,1,1,011,重点保持用户
4217,6,2,474.8,0,1,1,011,重点保持用户
4220,5,4,847.6,0,1,1,011,重点保持用户
4223,1,1,125.10000000000001,1,0,0,100,一般发展用户
4224,4,1,45.1,0,0,0,000,流失用户
4226,2,1,295.20000000000005,1,0,1,101,高消费流失预警用户
4227,2,2,144.3,1,1,0,110,高潜力用户
4231,5,1,47.8,0,0,0,000,流失用户
4232,5,1,141.3,0,0,0,000,流失用户
4233,1,1,123.60000000000001,1,0,0,100,一般发展用户
4234,2,1,46.1,1,0,0,100,一般发展用户
4237,2,2,503.79999999999995,1,1,1,111,核心价值用户
4238,4,3,326.0,0,1,1,011,重点保持用户
4239,1,3,185.89999999999998,1,1,0,110,高潜力用户
4240,2,1,72.9,1,0,0,100,一般发展用户
4241,1,1,14.3,1,0,0,100,一般发展用户
4242,5,1,210.89999999999998,0,0,1,001,高消费沉睡用户
4244,2,3,626.4,1,1,1,111,核心价值用户
4249,5,6,620.6999999999999,0,1,1,011,重点保持用户
4250,1,2,235.10000000000002,1,1,1,111,核心价值用户
4252,6,1,57.900000000000006,0,0,0,000,流失用户
4254,5,1,161.10000000000002,0,0,0,000,流失用户
4257,4,2,417.7,0,1,1,011,重点保持用户
4262,2,5,417.2,1,1,1,111,核心价值用户
4263,2,1,108.8,1,0,0,100,一般发展用户
4264,5,2,84.19999999999999,0,1,0,010,一般保持用户
4266,1,2,122.4,1,1,0,110,高潜力用户
4267,6,1,30.7,0,0,0,000,流失用户
4269,1,1,55.2,1,0,0,100,一般发展用户
4273,2,2,255.5,1,1,1,111,核心价值用户
4281,1,4,151.8,1,1,0,110,高潜力用户
4285,5,1,25.2,0,0,0,000,流失用户
4286,1,2,81.19999999999999,1,1,0,110,高潜力用户
4287,3,1,27.0,0,0,0,000,流失用户
4289,2,1,277.6,1,0,1,101,高消费流失预警用户
4290,1,1,19.8,1,0,0,100,一般发展用户
4291,1,2,405.0,1,1,1,111,核心价值用户
4292,4,1,39.2,0,0,0,000,流失用户
4294,4,1,199.20000000000002,0,0,0,000,流失用户
4296,2,2,309.3,1,1,1,111,核心价值用户
4299,2,2,444.0,1,1,1,111,核心价值用户
4301,2,1,38.8,1,0,0,100,一般发展用户
4302,4,3,361.90000000000003,0,1,1,011,重点保持用户
4303,1,3,530.6,1,1,1,111,核心价值用户
4304,1,2,369.0,1,1,1,111,核心价值用户
4308,6,1,145.6,0,0,0,000,流失用户
4309,3,3,633.8000000000001,0,1,1,011,重点保持用户
4310,4,2,169.3,0,1,0,010,一般保持用户
4312,1,3,577.3,1,1,1,111,核心价值用户
4313,1,2,560.8,1,1,1,111,核心价值用户
4314,1,7,512.0,1,1,1,111,核心价值用户
4315,3,2,186.5,0,1,0,010,一般保持用户
4316,6,3,287.79999999999995,0,1,1,011,重点保持用户
4317,4,2,164.7,0,1,0,010,一般保持用户
4318,5,1,281.4,0,0,1,001,高消费沉睡用户
4319,1,2,183.89999999999998,1,1,0,110,高潜力用户
4327,1,1,196.5,1,0,0,100,一般发展用户
4329,2,2,249.3,1,1,1,111,核心价值用户
4330,5,1,189.0,0,0,0,000,流失用户
4331,1,1,80.0,1,0,0,100,一般发展用户
4336,1,2,142.0,1,1,0,110,高潜力用户
4339,1,6,757.7,1,1,1,111,核心价值用户
4341,6,1,83.5,0,0,0,000,流失用户
4343,1,3,736.8,1,1,1,111,核心价值用户
4347,2,3,473.8,1,1,1,111,核心价值用户
4353,1,1,25.4,1,0,0,100,一般发展用户
4354,4,2,200.29999999999998,0,1,0,010,一般保持用户
4355,2,2,106.3,1,1,0,110,高潜力用户
4356,3,1,116.39999999999999,0,0,0,000,流失用户
4358,6,8,1083.3,0,1,1,011,重点保持用户
4359,1,1,19.4,1,0,0,100,一般发展用户
4360,1,3,419.6,1,1,1,111,核心价值用户
4363,2,7,996.4,1,1,1,111,核心价值用户
4368,5,1,29.5,0,0,0,000,流失用户
4369,4,3,230.6,0,1,1,011,重点保持用户
4370,4,1,49.3,0,0,0,000,流失用户
4372,4,2,67.2,0,1,0,010,一般保持用户
4375,3,1,180.0,0,0,0,000,流失用户
4377,1,3,223.60000000000002,1,1,1,111,核心价值用户
4378,4,3,580.4,0,1,1,011,重点保持用户
4379,2,6,885.3,1,1,1,111,核心价值用户
4382,1,4,664.2,1,1,1,111,核心价值用户
4388,2,3,191.9,1,1,0,110,高潜力用户
4391,5,1,81.8,0,0,0,000,流失用户
4393,2,2,378.8,1,1,1,111,核心价值用户
4395,4,1,187.8,0,0,0,000,流失用户
4396,1,2,601.6999999999999,1,1,1,111,核心价值用户
4400,1,2,387.7,1,1,1,111,核心价值用户
4401,3,1,88.19999999999999,0,0,0,000,流失用户
4403,2,1,352.8,1,0,1,101,高消费流失预警用户
4404,6,1,72.7,0,0,0,000,流失用户
4405,2,1,138.60000000000002,1,0,0,100,一般发展用户
4407,3,1,77.0,0,0,0,000,流失用户
4408,1,3,615.8,1,1,1,111,核心价值用户
4410,1,16,2655.8,1,1,1,111,核心价值用户
4411,6,1,173.0,0,0,0,000,流失用户
4412,3,1,30.599999999999998,0,0,0,000,流失用户
4414,1,1,17.6,1,0,0,100,一般发展用户
4417,3,1,76.0,0,0,0,000,流失用户
4420,2,2,92.9,1,1,0,110,高潜力用户
4424,5,2,300.4,0,1,1,011,重点保持用户
4425,4,2,361.5,0,1,1,011,重点保持用户
4428,3,1,52.0,0,0,0,000,流失用户
4429,4,17,1574.0,0,1,1,011,重点保持用户
4430,2,12,1517.1,1,1,1,111,核心价值用户
4432,3,2,86.1,0,1,0,010,一般保持用户
4435,5,2,355.5,0,1,1,011,重点保持用户
4436,2,2,168.1,1,1,0,110,高潜力用户
4437,1,1,192.60000000000002,1,0,0,100,一般发展用户
4441,1,2,221.39999999999998,1,1,1,111,核心价值用户
4443,4,1,293.6,0,0,1,001,高消费沉睡用户
4444,2,2,78.6,1,1,0,110,高潜力用户
4446,2,1,93.8,1,0,0,100,一般发展用户
4449,6,1,101.10000000000001,0,0,0,000,流失用户
4451,6,1,91.8,0,0,0,000,流失用户
4456,1,3,378.0,1,1,1,111,核心价值用户
4457,1,5,481.2,1,1,1,111,核心价值用户
4458,3,1,75.6,0,0,0,000,流失用户
4459,2,4,698.8,1,1,1,111,核心价值用户
4460,2,1,174.0,1,0,0,100,一般发展用户
4461,2,5,526.2,1,1,1,111,核心价值用户
4462,1,6,664.8000000000001,1,1,1,111,核心价值用户
4463,3,3,630.9,0,1,1,011,重点保持用户
4464,2,1,225.89999999999998,1,0,1,101,高消费流失预警用户
4465,3,6,295.0,0,1,1,011,重点保持用户
4467,1,5,440.7,1,1,1,111,核心价值用户
4469,4,1,74.4,0,0,0,000,流失用户
4470,1,1,44.0,1,0,0,100,一般发展用户
4472,2,2,70.30000000000001,1,1,0,110,高潜力用户
4473,1,1,65.3,1,0,0,100,一般发展用户
4474,4,2,237.3,0,1,1,011,重点保持用户
4475,2,1,191.2,1,0,0,100,一般发展用户
4476,1,4,378.8,1,1,1,111,核心价值用户
4477,2,1,156.2,1,0,0,100,一般发展用户
4478,6,1,241.6,0,0,1,001,高消费沉睡用户
4479,2,3,225.0,1,1,1,111,核心价值用户
4480,6,1,105.0,0,0,0,000,流失用户
4482,1,2,419.2,1,1,1,111,核心价值用户
4484,2,2,479.6,1,1,1,111,核心价值用户
4487,1,1,103.2,1,0,0,100,一般发展用户
4490,2,1,166.8,1,0,0,100,一般发展用户
4493,1,2,253.20000000000002,1,1,1,111,核心价值用户
4500,5,1,263.70000000000005,0,0,1,001,高消费沉睡用户
4501,6,2,408.4,0,1,1,011,重点保持用户
4502,3,1,47.4,0,0,0,000,流失用户
4503,6,1,9.8,0,0,0,000,流失用户
4505,1,9,710.8,1,1,1,111,核心价值用户
4507,3,2,237.4,0,1,1,011,重点保持用户
4508,1,1,53.2,1,0,0,100,一般发展用户
4512,1,1,122.4,1,0,0,100,一般发展用户
4513,5,1,150.0,0,0,0,000,流失用户
4514,1,13,2479.6,1,1,1,111,核心价值用户
4515,1,2,485.2,1,1,1,111,核心价值用户
4517,4,3,687.9000000000001,0,1,1,011,重点保持用户
4519,1,5,348.59999999999997,1,1,1,111,核心价值用户
4520,2,1,131.0,1,0,0,100,一般发展用户
4521,2,2,130.7,1,1,0,110,高潜力用户
4522,2,1,99.30000000000001,1,0,0,100,一般发展用户
4525,3,2,132.3,0,1,0,010,一般保持用户
4529,5,1,202.79999999999998,0,0,0,000,流失用户
4534,1,4,758.5,1,1,1,111,核心价值用户
4536,3,2,269.7,0,1,1,011,重点保持用户
4542,3,4,592.9,0,1,1,011,重点保持用户
4543,1,1,126.0,1,0,0,100,一般发展用户
4544,3,3,244.4,0,1,1,011,重点保持用户
4547,2,7,1481.2,1,1,1,111,核心价值用户
4548,2,4,401.9,1,1,1,111,核心价值用户
4551,1,3,281.09999999999997,1,1,1,111,核心价值用户
4553,2,2,137.8,1,1,0,110,高潜力用户
4554,2,1,144.0,1,0,0,100,一般发展用户
4555,3,4,297.1,0,1,1,011,重点保持用户
4557,1,8,1021.8,1,1,1,111,核心价值用户
4558,3,1,1.4,0,0,0,000,流失用户
4560,2,4,490.80000000000007,1,1,1,111,核心价值用户
4562,2,1,68.0,1,0,0,100,一般发展用户
4563,1,4,228.60000000000002,1,1,1,111,核心价值用户
4564,2,2,227.3,1,1,1,111,核心价值用户
4568,3,1,144.60000000000002,0,0,0,000,流失用户
4569,4,3,287.0,0,1,1,011,重点保持用户
4571,3,2,603.6,0,1,1,011,重点保持用户
4573,3,1,362.0,0,0,1,001,高消费沉睡用户
4576,4,1,125.8,0,0,0,000,流失用户
4577,2,5,466.70000000000005,1,1,1,111,核心价值用户
4578,4,1,171.89999999999998,0,0,0,000,流失用户
4579,1,3,457.19999999999993,1,1,1,111,核心价值用户
4582,2,2,624.8,1,1,1,111,核心价值用户
4584,1,6,848.8,1,1,1,111,核心价值用户
4588,4,3,568.5999999999999,0,1,1,011,重点保持用户
4589,1,3,294.6,1,1,1,111,核心价值用户
4591,1,1,93.5,1,0,0,100,一般发展用户
4595,4,1,58.4,0,0,0,000,流失用户
4596,3,2,294.0,0,1,1,011,重点保持用户
4597,2,2,387.09999999999997,1,1,1,111,核心价值用户
4598,4,2,183.0,0,1,0,010,一般保持用户
4599,1,2,406.9,1,1,1,111,核心价值用户
4603,3,2,282.1,0,1,1,011,重点保持用户
4604,2,1,34.6,1,0,0,100,一般发展用户
4605,2,3,434.1,1,1,1,111,核心价值用户
4606,2,2,95.0,1,1,0,110,高潜力用户
4610,2,1,42.3,1,0,0,100,一般发展用户
4615,2,1,57.9,1,0,0,100,一般发展用户
4616,2,5,543.2,1,1,1,111,核心价值用户
4620,2,2,73.6,1,1,0,110,高潜力用户
4621,2,1,12.2,1,0,0,100,一般发展用户
4622,1,3,191.70000000000002,1,1,0,110,高潜力用户
4626,3,3,448.7,0,1,1,011,重点保持用户
4627,2,2,476.40000000000003,1,1,1,111,核心价值用户
4628,1,2,377.2,1,1,1,111,核心价值用户
4631,2,6,1201.3,1,1,1,111,核心价值用户
4632,2,1,215.70000000000002,1,0,1,101,高消费流失预警用户
4636,1,4,549.7,1,1,1,111,核心价值用户
4637,1,5,583.5,1,1,1,111,核心价值用户
4639,5,1,153.2,0,0,0,000,流失用户
4640,4,1,84.6,0,0,0,000,流失用户
4643,2,1,297.2,1,0,1,101,高消费流失预警用户
4644,2,1,243.89999999999998,1,0,1,101,高消费流失预警用户
4645,2,1,4.800000000000001,1,0,0,100,一般发展用户
4648,2,1,53.099999999999994,1,0,0,100,一般发展用户
4652,4,1,388.4,0,0,1,001,高消费沉睡用户
4654,1,3,247.3,1,1,1,111,核心价值用户
4655,5,2,246.7,0,1,1,011,重点保持用户
4656,2,3,564.9000000000001,1,1,1,111,核心价值用户
4657,3,1,287.4,0,0,1,001,高消费沉睡用户
4659,6,1,88.8,0,0,0,000,流失用户
4660,6,1,62.5,0,0,0,000,流失用户
4661,3,3,155.0,0,1,0,010,一般保持用户
4662,2,2,159.39999999999998,1,1,0,110,高潜力用户
4663,3,1,67.9,0,0,0,000,流失用户
4664,6,1,183.2,0,0,0,000,流失用户
4667,4,5,640.0999999999999,0,1,1,011,重点保持用户
4668,1,2,73.60000000000001,1,1,0,110,高潜力用户
4669,2,2,477.8,1,1,1,111,核心价值用户
4671,4,1,183.6,0,0,0,000,流失用户
4674,4,1,299.2,0,0,1,001,高消费沉睡用户
4675,1,11,1665.8999999999999,1,1,1,111,核心价值用户
4677,2,5,464.4,1,1,1,111,核心价值用户
4678,1,4,696.1,1,1,1,111,核心价值用户
4680,2,1,66.6,1,0,0,100,一般发展用户
4682,1,10,1453.8000000000002,1,1,1,111,核心价值用户
4683,4,1,258.29999999999995,0,0,1,001,高消费沉睡用户
4684,1,1,56.0,1,0,0,100,一般发展用户
4686,3,4,635.3,0,1,1,011,重点保持用户
4687,1,6,501.19999999999993,1,1,1,111,核心价值用户
4688,1,2,121.4,1,1,0,110,高潜力用户
4689,3,1,95.4,0,0,0,000,流失用户
4691,2,1,123.89999999999999,1,0,0,100,一般发展用户
4692,2,4,165.8,1,1,0,110,高潜力用户
4693,5,2,426.59999999999997,0,1,1,011,重点保持用户
4694,3,6,637.4,0,1,1,011,重点保持用户
4695,3,1,142.8,0,0,0,000,流失用户
4696,5,1,63.4,0,0,0,000,流失用户
4697,1,2,353.2,1,1,1,111,核心价值用户
4701,1,1,2.5,1,0,0,100,一般发展用户
4702,4,2,157.60000000000002,0,1,0,010,一般保持用户
4705,3,3,162.6,0,1,0,010,一般保持用户
4707,2,2,232.1,1,1,1,111,核心价值用户
4710,1,2,733.2,1,1,1,111,核心价值用户
4711,4,2,411.09999999999997,0,1,1,011,重点保持用户
4712,4,1,52.5,0,0,0,000,流失用户
4713,1,3,281.9,1,1,1,111,核心价值用户
4724,4,1,197.8,0,0,0,000,流失用户
4725,1,1,119.2,1,0,0,100,一般发展用户
4726,2,1,150.6,1,0,0,100,一般发展用户
4728,6,1,12.299999999999999,0,0,0,000,流失用户
4731,4,1,52.199999999999996,0,0,0,000,流失用户
4732,2,1,121.2,1,0,0,100,一般发展用户
4734,6,1,82.19999999999999,0,0,0,000,流失用户
4736,5,1,10.5,0,0,0,000,流失用户
4737,5,1,76.4,0,0,0,000,流失用户
4738,6,1,51.6,0,0,0,000,流失用户
4739,1,1,44.099999999999994,1,0,0,100,一般发展用户
4741,2,2,198.8,1,1,0,110,高潜力用户
4742,1,2,287.0,1,1,1,111,核心价值用户
4745,4,1,185.0,0,0,0,000,流失用户
4747,4,1,41.0,0,0,0,000,流失用户
4748,1,7,755.5999999999999,1,1,1,111,核心价值用户
4752,1,8,1023.5,1,1,1,111,核心价值用户
4754,1,1,21.2,1,0,0,100,一般发展用户
4756,2,1,211.20000000000002,1,0,1,101,高消费流失预警用户
4757,2,1,163.2,1,0,0,100,一般发展用户
4758,1,1,190.4,1,0,0,100,一般发展用户
4759,3,1,108.6,0,0,0,000,流失用户
4762,1,32,3933.2,1,1,1,111,核心价值用户
4764,1,2,245.70000000000002,1,1,1,111,核心价值用户
4765,2,7,338.8,1,1,1,111,核心价值用户
4766,1,2,327.8,1,1,1,111,核心价值用户
4767,2,3,409.0,1,1,1,111,核心价值用户
4769,1,6,1192.7,1,1,1,111,核心价值用户
4770,2,2,350.7,1,1,1,111,核心价值用户
4772,2,4,501.9,1,1,1,111,核心价值用户
4773,1,5,791.6,1,1,1,111,核心价值用户
4774,4,1,170.0,0,0,0,000,流失用户
4776,3,4,404.3,0,1,1,011,重点保持用户
4778,5,1,56.8,0,0,0,000,流失用户
4783,6,1,346.4,0,0,1,001,高消费沉睡用户
4788,4,3,410.59999999999997,0,1,1,011,重点保持用户
4789,2,2,254.8,1,1,1,111,核心价值用户
4790,3,1,334.0,0,0,1,001,高消费沉睡用户
4791,4,2,136.1,0,1,0,010,一般保持用户
4793,1,1,6.300000000000001,1,0,0,100,一般发展用户
4794,1,2,244.6,1,1,1,111,核心价值用户
4796,3,1,96.7,0,0,0,000,流失用户
4800,6,3,698.4,0,1,1,011,重点保持用户
4801,5,1,41.1,0,0,0,000,流失用户
4802,2,1,89.7,1,0,0,100,一般发展用户
4803,1,4,229.0,1,1,1,111,核心价值用户
4805,1,5,509.79999999999995,1,1,1,111,核心价值用户
4808,1,1,165.4,1,0,0,100,一般发展用户
4810,2,1,331.6,1,0,1,101,高消费流失预警用户
4813,3,1,82.4,0,0,0,000,流失用户
4814,3,1,336.8,0,0,1,001,高消费沉睡用户
4819,1,3,582.0,1,1,1,111,核心价值用户
4820,1,11,1709.8,1,1,1,111,核心价值用户
4821,1,3,194.8,1,1,0,110,高潜力用户
4822,1,2,474.4,1,1,1,111,核心价值用户
4823,1,1,18.299999999999997,1,0,0,100,一般发展用户
4825,1,5,405.5,1,1,1,111,核心价值用户
4828,2,2,67.30000000000001,1,1,0,110,高潜力用户
4830,2,1,32.6,1,0,0,100,一般发展用户
4832,4,1,200.0,0,0,0,000,流失用户
4834,4,1,59.3,0,0,0,000,流失用户
4835,1,3,501.09999999999997,1,1,1,111,核心价值用户
4838,6,1,58.8,0,0,0,000,流失用户
4840,2,1,9.2,1,0,0,100,一般发展用户
4843,6,1,92.4,0,0,0,000,流失用户
4846,1,1,12.4,1,0,0,100,一般发展用户
4848,1,2,210.39999999999998,1,1,1,111,核心价值用户
4849,6,2,229.9,0,1,1,011,重点保持用户
4850,1,1,74.2,1,0,0,100,一般发展用户
4851,1,1,99.2,1,0,0,100,一般发展用户
4853,2,1,93.8,1,0,0,100,一般发展用户
4854,6,4,472.2,0,1,1,011,重点保持用户
4855,3,2,126.2,0,1,0,010,一般保持用户
4856,4,1,221.2,0,0,1,001,高消费沉睡用户
4857,2,2,241.29999999999998,1,1,1,111,核心价值用户
4859,3,1,251.2,0,0,1,001,高消费沉睡用户
4860,5,1,58.800000000000004,0,0,0,000,流失用户
4862,1,1,283.2,1,0,1,101,高消费流失预警用户
4864,1,12,1413.5,1,1,1,111,核心价值用户
4866,5,3,331.8,0,1,1,011,重点保持用户
4867,4,1,336.8,0,0,1,001,高消费沉睡用户
4869,2,7,1004.5,1,1,1,111,核心价值用户
4870,2,2,94.30000000000001,1,1,0,110,高潜力用户
4874,3,1,24.8,0,0,0,000,流失用户
4877,2,3,339.09999999999997,1,1,1,111,核心价值用户
4878,2,4,308.8,1,1,1,111,核心价值用户
4881,1,5,777.6,1,1,1,111,核心价值用户
4886,2,3,268.0,1,1,1,111,核心价值用户
4888,4,1,291.6,0,0,1,001,高消费沉睡用户
4889,4,2,130.2,0,1,0,010,一般保持用户
4892,1,1,23.2,1,0,0,100,一般发展用户
4893,5,2,423.6,0,1,1,011,重点保持用户
4894,2,4,378.0,1,1,1,111,核心价值用户
4898,5,1,79.2,0,0,0,000,流失用户
4901,2,3,536.7,1,1,1,111,核心价值用户
4902,5,3,292.0,0,1,1,011,重点保持用户
4903,4,1,97.4,0,0,0,000,流失用户
4904,1,2,361.0,1,1,1,111,核心价值用户
4905,3,2,367.40000000000003,0,1,1,011,重点保持用户
4906,2,2,178.8,1,1,0,110,高潜力用户
4911,6,1,10.3,0,0,0,000,流失用户
4912,2,3,690.4000000000001,1,1,1,111,核心价值用户
4916,2,2,194.4,1,1,0,110,高潜力用户
4917,5,2,468.4,0,1,1,011,重点保持用户
4918,2,4,638.3,1,1,1,111,核心价值用户
4922,2,1,380.8,1,0,1,101,高消费流失预警用户
4923,1,1,329.6,1,0,1,101,高消费流失预警用户
4924,1,1,172.8,1,0,0,100,一般发展用户
4927,6,1,394.0,0,0,1,001,高消费沉睡用户
4929,4,5,817.7,0,1,1,011,重点保持用户
4930,5,8,1279.1,0,1,1,011,重点保持用户
4934,4,3,182.6,0,1,0,010,一般保持用户
4936,2,4,765.6,1,1,1,111,核心价值用户
4937,1,5,684.7,1,1,1,111,核心价值用户
4938,5,1,5.5,0,0,0,000,流失用户
4939,6,3,484.1,0,1,1,011,重点保持用户
4940,5,1,321.6,0,0,1,001,高消费沉睡用户
4941,4,1,197.6,0,0,0,000,流失用户
4943,1,1,78.6,1,0,0,100,一般发展用户
4945,1,2,103.2,1,1,0,110,高潜力用户
4946,2,2,99.3,1,1,0,110,高潜力用户
4947,6,1,103.6,0,0,0,000,流失用户
4948,4,1,113.69999999999999,0,0,0,000,流失用户
4951,1,1,26.0,1,0,0,100,一般发展用户
4952,4,2,23.1,0,1,0,010,一般保持用户
4955,4,1,183.8,0,0,0,000,流失用户
4956,3,1,54.5,0,0,0,000,流失用户
4957,6,1,174.3,0,0,0,000,流失用户
4963,2,4,439.2,1,1,1,111,核心价值用户
4964,3,3,387.5,0,1,1,011,重点保持用户
4965,3,3,236.89999999999998,0,1,1,011,重点保持用户
4967,2,1,37.8,1,0,0,100,一般发展用户
4968,1,2,125.9,1,1,0,110,高潜力用户
4969,1,14,1448.2,1,1,1,111,核心价值用户
4971,1,4,503.1,1,1,1,111,核心价值用户
4974,1,2,117.60000000000001,1,1,0,110,高潜力用户
4975,6,1,127.19999999999999,0,0,0,000,流失用户
4976,4,1,3.9000000000000004,0,0,0,000,流失用户
4978,6,4,360.3,0,1,1,011,重点保持用户
4980,6,1,47.7,0,0,0,000,流失用户
4981,4,1,279.6,0,0,1,001,高消费沉睡用户
4983,3,3,243.0,0,1,1,011,重点保持用户
4984,5,1,303.2,0,0,1,001,高消费沉睡用户
4985,1,2,257.4,1,1,1,111,核心价值用户
4990,1,3,117.1,1,1,0,110,高潜力用户
4991,5,1,89.2,0,0,0,000,流失用户
4993,4,2,350.4,0,1,1,011,重点保持用户
4994,1,3,226.6,1,1,1,111,核心价值用户
4996,4,1,11.8,0,0,0,000,流失用户
4997,4,1,305.2,0,0,1,001,高消费沉睡用户
4998,5,2,128.5,0,1,0,010,一般保持用户
5002,1,1,186.0,1,0,0,100,一般发展用户
5003,1,1,84.4,1,0,0,100,一般发展用户
5005,1,3,862.8,1,1,1,111,核心价值用户
5006,4,1,42.8,0,0,0,000,流失用户
5011,4,1,374.8,0,0,1,001,高消费沉睡用户
5013,1,1,75.0,1,0,0,100,一般发展用户
5014,1,1,87.9,1,0,0,100,一般发展用户
5015,1,8,1417.9,1,1,1,111,核心价值用户
5021,1,1,0.8,1,0,0,100,一般发展用户
5022,3,3,549.3,0,1,1,011,重点保持用户
5025,1,1,231.29999999999998,1,0,1,101,高消费流失预警用户
5030,3,5,713.8,0,1,1,011,重点保持用户
5031,1,14,1631.8,1,1,1,111,核心价值用户
5032,2,3,751.2,1,1,1,111,核心价值用户
5034,1,1,62.6,1,0,0,100,一般发展用户
5037,3,1,53.4,0,0,0,000,流失用户
5038,4,2,328.0,0,1,1,011,重点保持用户
5039,1,5,416.7,1,1,1,111,核心价值用户
5040,1,1,62.4,1,0,0,100,一般发展用户
5042,4,2,219.49999999999997,0,1,1,011,重点保持用户
5044,5,1,96.0,0,0,0,000,流失用户
5046,3,2,125.0,0,1,0,010,一般保持用户
5049,1,6,752.8,1,1,1,111,核心价值用户
5050,3,1,11.2,0,0,0,000,流失用户
5052,5,1,243.60000000000002,0,0,1,001,高消费沉睡用户
5053,2,5,537.5,1,1,1,111,核心价值用户
5057,4,1,54.9,0,0,0,000,流失用户
5058,5,1,90.0,0,0,0,000,流失用户
5059,2,3,603.0999999999999,1,1,1,111,核心价值用户
5063,6,1,149.10000000000002,0,0,0,000,流失用户
5065,6,1,223.5,0,0,1,001,高消费沉睡用户
5066,1,3,533.0,1,1,1,111,核心价值用户
5067,6,1,41.6,0,0,0,000,流失用户
5070,1,7,1089.1,1,1,1,111,核心价值用户
5071,4,1,89.2,0,0,0,000,流失用户
5072,1,1,127.4,1,0,0,100,一般发展用户
5073,1,1,186.0,1,0,0,100,一般发展用户
5074,5,3,488.09999999999997,0,1,1,011,重点保持用户
5075,3,1,168.0,0,0,0,000,流失用户
5076,4,1,41.2,0,0,0,000,流失用户
5077,1,1,150.89999999999998,1,0,0,100,一般发展用户
5078,5,3,403.70000000000005,0,1,1,011,重点保持用户
5079,1,1,99.2,1,0,0,100,一般发展用户
5085,6,1,248.10000000000002,0,0,1,001,高消费沉睡用户
5086,1,2,328.0,1,1,1,111,核心价值用户
5088,3,1,65.1,0,0,0,000,流失用户
5089,2,1,226.79999999999998,1,0,1,101,高消费流失预警用户
5090,6,1,140.2,0,0,0,000,流失用户
5091,6,1,134.4,0,0,0,000,流失用户
5092,4,4,307.1,0,1,1,011,重点保持用户
5094,6,1,338.4,0,0,1,001,高消费沉睡用户
5095,1,4,229.60000000000002,1,1,1,111,核心价值用户
5098,2,4,233.09999999999997,1,1,1,111,核心价值用户
5102,3,5,1238.0,0,1,1,011,重点保持用户
5106,2,1,147.2,1,0,0,100,一般发展用户
5108,1,2,81.7,1,1,0,110,高潜力用户
5112,2,1,49.6,1,0,0,100,一般发展用户
5113,2,1,18.6,1,0,0,100,一般发展用户
5114,4,2,501.6,0,1,1,011,重点保持用户
5115,1,1,34.0,1,0,0,100,一般发展用户
5117,1,2,449.2,1,1,1,111,核心价值用户
5118,2,3,191.9,1,1,0,110,高潜力用户
5127,1,2,519.8,1,1,1,111,核心价值用户
5128,2,2,177.1,1,1,0,110,高潜力用户
5129,2,1,132.4,1,0,0,100,一般发展用户
5130,2,9,677.7,1,1,1,111,核心价值用户
5131,2,4,365.9,1,1,1,111,核心价值用户
5134,1,3,200.5,1,1,0,110,高潜力用户
5137,1,1,75.4,1,0,0,100,一般发展用户
5139,4,1,111.4,0,0,0,000,流失用户
5141,2,4,464.5,1,1,1,111,核心价值用户
5142,5,1,315.6,0,0,1,001,高消费沉睡用户
5143,4,2,75.2,0,1,0,010,一般保持用户
5144,4,1,45.3,0,0,0,000,流失用户
5146,5,1,257.4,0,0,1,001,高消费沉睡用户
5147,2,1,187.5,1,0,0,100,一般发展用户
5148,1,3,427.0,1,1,1,111,核心价值用户
5150,1,1,15.2,1,0,0,100,一般发展用户
5151,5,1,98.9,0,0,0,000,流失用户
5152,2,3,505.2,1,1,1,111,核心价值用户
5153,2,2,609.0,1,1,1,111,核心价值用户
5154,1,2,73.8,1,1,0,110,高潜力用户
5155,2,2,577.5,1,1,1,111,核心价值用户
5157,4,1,0.8,0,0,0,000,流失用户
5158,5,2,382.79999999999995,0,1,1,011,重点保持用户
5159,1,2,310.79999999999995,1,1,1,111,核心价值用户
5160,1,2,420.0,1,1,1,111,核心价值用户
5161,2,3,75.4,1,1,0,110,高潜力用户
5162,3,4,620.0,0,1,1,011,重点保持用户
5163,3,1,6.8,0,0,0,000,流失用户
5166,1,1,148.5,1,0,0,100,一般发展用户
5169,1,1,154.8,1,0,0,100,一般发展用户
5174,1,3,379.6,1,1,1,111,核心价值用户
5182,6,1,163.6,0,0,0,000,流失用户
5183,5,1,9.8,0,0,0,000,流失用户
5184,3,1,41.9,0,0,0,000,流失用户
5185,1,2,301.0,1,1,1,111,核心价值用户
5187,2,1,290.4,1,0,1,101,高消费流失预警用户
5189,1,1,260.8,1,0,1,101,高消费流失预警用户
5191,2,1,106.8,1,0,0,100,一般发展用户
5193,1,2,506.0,1,1,1,111,核心价值用户
5194,3,1,73.8,0,0,0,000,流失用户
5195,5,2,222.50000000000003,0,1,1,011,重点保持用户
5197,1,4,887.5,1,1,1,111,核心价值用户
5198,2,2,234.5,1,1,1,111,核心价值用户
5199,4,1,96.8,0,0,0,000,流失用户
5200,3,2,459.6,0,1,1,011,重点保持用户
5202,2,1,89.0,1,0,0,100,一般发展用户
5204,5,2,252.6,0,1,1,011,重点保持用户
5205,1,2,512.4000000000001,1,1,1,111,核心价值用户
5209,6,2,201.4,0,1,0,010,一般保持用户
5210,1,2,250.2,1,1,1,111,核心价值用户
5217,2,1,277.6,1,0,1,101,高消费流失预警用户
5218,1,7,218.7,1,1,1,111,核心价值用户
5219,4,4,816.0999999999999,0,1,1,011,重点保持用户
5225,6,1,122.8,0,0,0,000,流失用户
5226,5,1,54.8,0,0,0,000,流失用户
5227,1,1,96.6,1,0,0,100,一般发展用户
5228,2,1,50.1,1,0,0,100,一般发展用户
5229,3,3,432.1,0,1,1,011,重点保持用户
5233,3,1,83.8,0,0,0,000,流失用户
5234,1,4,610.0,1,1,1,111,核心价值用户
5235,1,4,497.0,1,1,1,111,核心价值用户
5236,1,7,492.6,1,1,1,111,核心价值用户
5238,1,7,1117.2,1,1,1,111,核心价值用户
5240,3,2,197.0,0,1,0,010,一般保持用户
5241,2,2,526.4,1,1,1,111,核心价值用户
5243,1,6,684.5,1,1,1,111,核心价值用户
5244,3,1,59.6,0,0,0,000,流失用户
5245,2,1,82.9,1,0,0,100,一般发展用户
5246,3,3,544.1999999999999,0,1,1,011,重点保持用户
5247,4,1,231.6,0,0,1,001,高消费沉睡用户
5248,2,1,89.2,1,0,0,100,一般发展用户
5249,5,1,78.0,0,0,0,000,流失用户
5250,1,2,261.0,1,1,1,111,核心价值用户
5252,2,4,744.0999999999999,1,1,1,111,核心价值用户
5257,2,1,145.2,1,0,0,100,一般发展用户
5260,5,1,86.4,0,0,0,000,流失用户
5261,5,5,727.5,0,1,1,011,重点保持用户
5262,3,2,94.69999999999999,0,1,0,010,一般保持用户
5264,3,2,72.5,0,1,0,010,一般保持用户
5267,4,2,233.5,0,1,1,011,重点保持用户
5269,1,3,145.1,1,1,0,110,高潜力用户
5271,4,2,127.9,0,1,0,010,一般保持用户
5272,4,1,99.4,0,0,0,000,流失用户
5274,1,1,167.2,1,0,0,100,一般发展用户
5275,1,1,1.6,1,0,0,100,一般发展用户
5276,3,1,194.0,0,0,0,000,流失用户
5277,1,2,238.79999999999998,1,1,1,111,核心价值用户
5278,4,1,78.0,0,0,0,000,流失用户
5279,2,2,176.49999999999997,1,1,0,110,高潜力用户
5281,3,4,377.1,0,1,1,011,重点保持用户
5286,2,1,140.8,1,0,0,100,一般发展用户
5289,6,1,106.8,0,0,0,000,流失用户
5290,6,1,150.0,0,0,0,000,流失用户
5291,6,4,520.4,0,1,1,011,重点保持用户
5292,1,5,513.5,1,1,1,111,核心价值用户
5293,1,1,81.0,1,0,0,100,一般发展用户
5296,1,2,250.5,1,1,1,111,核心价值用户
5300,6,1,71.9,0,0,0,000,流失用户
5302,1,1,88.6,1,0,0,100,一般发展用户
5303,1,1,283.5,1,0,1,101,高消费流失预警用户
5305,4,1,53.699999999999996,0,0,0,000,流失用户
5307,3,1,180.89999999999998,0,0,0,000,流失用户
5308,2,2,204.39999999999998,1,1,0,110,高潜力用户
5311,2,3,483.79999999999995,1,1,1,111,核心价值用户
5314,6,1,113.39999999999999,0,0,0,000,流失用户
5315,3,2,103.0,0,1,0,010,一般保持用户
5316,2,3,455.7,1,1,1,111,核心价值用户
5320,4,1,179.6,0,0,0,000,流失用户
5322,3,1,156.2,0,0,0,000,流失用户
5323,2,1,18.9,1,0,0,100,一般发展用户
5326,1,7,716.8,1,1,1,111,核心价值用户
5327,2,5,528.7,1,1,1,111,核心价值用户
5328,6,1,35.4,0,0,0,000,流失用户
5329,1,1,272.8,1,0,1,101,高消费流失预警用户
5330,2,3,339.49999999999994,1,1,1,111,核心价值用户
5332,4,1,138.4,0,0,0,000,流失用户
5336,1,3,484.19999999999993,1,1,1,111,核心价值用户
5337,4,1,26.700000000000003,0,0,0,000,流失用户
5341,6,1,266.1,0,0,1,001,高消费沉睡用户
5342,6,1,81.4,0,0,0,000,流失用户
5343,5,1,150.89999999999998,0,0,0,000,流失用户
5344,1,4,804.3,1,1,1,111,核心价值用户
5346,6,1,212.8,0,0,1,001,高消费沉睡用户
5349,3,2,36.7,0,1,0,010,一般保持用户
5351,3,1,191.0,0,0,0,000,流失用户
5352,3,1,176.4,0,0,0,000,流失用户
5355,4,2,287.59999999999997,0,1,1,011,重点保持用户
5357,5,1,135.0,0,0,0,000,流失用户
5359,3,2,193.1,0,1,0,010,一般保持用户
5362,2,1,257.6,1,0,1,101,高消费流失预警用户
5363,2,1,83.4,1,0,0,100,一般发展用户
5364,5,2,257.4,0,1,1,011,重点保持用户
5365,2,2,255.60000000000002,1,1,1,111,核心价值用户
5367,4,3,146.8,0,1,0,010,一般保持用户
5368,3,1,26.700000000000003,0,0,0,000,流失用户
5369,1,7,927.9,1,1,1,111,核心价值用户
5374,6,1,299.1,0,0,1,001,高消费沉睡用户
5375,5,2,351.1,0,1,1,011,重点保持用户
5376,1,1,132.3,1,0,0,100,一般发展用户
5379,1,4,477.20000000000005,1,1,1,111,核心价值用户
5382,3,1,177.89999999999998,0,0,0,000,流失用户
5383,2,2,137.2,1,1,0,110,高潜力用户
5386,4,1,69.8,0,0,0,000,流失用户
5388,2,2,201.8,1,1,0,110,高潜力用户
5389,5,2,580.3000000000001,0,1,1,011,重点保持用户
5391,6,1,76.4,0,0,0,000,流失用户
5395,3,1,100.4,0,0,0,000,流失用户
5397,1,3,638.2,1,1,1,111,核心价值用户
5400,2,1,125.2,1,0,0,100,一般发展用户
5401,5,1,166.0,0,0,0,000,流失用户
5402,1,4,194.6,1,1,0,110,高潜力用户
5403,1,2,373.70000000000005,1,1,1,111,核心价值用户
5407,4,3,185.8,0,1,0,010,一般保持用户
5408,1,4,436.0,1,1,1,111,核心价值用户
5409,3,1,115.0,0,0,0,000,流失用户
5412,2,3,304.7,1,1,1,111,核心价值用户
5413,4,5,643.9,0,1,1,011,重点保持用户
5415,1,2,416.0,1,1,1,111,核心价值用户
5417,5,1,83.4,0,0,0,000,流失用户
5419,2,1,68.8,1,0,0,100,一般发展用户
5424,6,1,1.6,0,0,0,000,流失用户
5425,5,1,66.8,0,0,0,000,流失用户
5426,4,1,117.8,0,0,0,000,流失用户
5427,2,3,157.5,1,1,0,110,高潜力用户
5433,1,1,301.2,1,0,1,101,高消费流失预警用户
5434,1,1,251.70000000000002,1,0,1,101,高消费流失预警用户
5436,1,6,887.2,1,1,1,111,核心价值用户
5437,1,1,201.89999999999998,1,0,0,100,一般发展用户
5438,1,5,365.90000000000003,1,1,1,111,核心价值用户
5439,1,3,215.1,1,1,1,111,核心价值用户
5442,1,2,284.1,1,1,1,111,核心价值用户
5444,2,1,286.0,1,0,1,101,高消费流失预警用户
5447,1,9,1022.9,1,1,1,111,核心价值用户
5448,5,1,289.20000000000005,0,0,1,001,高消费沉睡用户
5449,2,2,205.8,1,1,0,110,高潜力用户
5450,4,5,657.3,0,1,1,011,重点保持用户
5452,6,1,111.30000000000001,0,0,0,000,流失用户
5454,5,2,565.2,0,1,1,011,重点保持用户
5459,2,1,75.4,1,0,0,100,一般发展用户
5460,2,3,187.3,1,1,0,110,高潜力用户
5461,2,4,653.9,1,1,1,111,核心价值用户
5462,1,9,943.3000000000001,1,1,1,111,核心价值用户
5463,1,3,181.4,1,1,0,110,高潜力用户
5464,2,3,186.1,1,1,0,110,高潜力用户
5465,2,2,379.2,1,1,1,111,核心价值用户
5466,3,2,93.69999999999999,0,1,0,010,一般保持用户
5468,3,2,340.0,0,1,1,011,重点保持用户
5469,1,3,582.5999999999999,1,1,1,111,核心价值用户
5470,1,1,237.29999999999998,1,0,1,101,高消费流失预警用户
5472,4,1,49.5,0,0,0,000,流失用户
5474,1,3,244.0,1,1,1,111,核心价值用户
5475,4,1,292.79999999999995,0,0,1,001,高消费沉睡用户
5477,1,2,297.6,1,1,1,111,核心价值用户
5478,1,1,345.6,1,0,1,101,高消费流失预警用户
5479,6,1,4.5,0,0,0,000,流失用户
5481,1,2,255.90000000000003,1,1,1,111,核心价值用户
5483,3,1,168.60000000000002,0,0,0,000,流失用户
5487,6,1,46.2,0,0,0,000,流失用户
5488,2,1,258.4,1,0,1,101,高消费流失预警用户
5489,4,1,13.3,0,0,0,000,流失用户
5491,2,3,303.9,1,1,1,111,核心价值用户
5495,2,1,165.8,1,0,0,100,一般发展用户
5497,4,1,65.6,0,0,0,000,流失用户
5498,1,3,358.1,1,1,1,111,核心价值用户
5499,6,1,272.4,0,0,1,001,高消费沉睡用户
5500,2,1,48.3,1,0,0,100,一般发展用户
5501,2,1,102.0,1,0,0,100,一般发展用户
5504,5,2,276.29999999999995,0,1,1,011,重点保持用户
5505,2,3,697.7,1,1,1,111,核心价值用户
5506,3,1,394.4,0,0,1,001,高消费沉睡用户
5512,3,1,387.2,0,0,1,001,高消费沉睡用户
5514,2,2,65.4,1,1,0,110,高潜力用户
5516,5,2,368.0,0,1,1,011,重点保持用户
5517,1,1,51.900000000000006,1,0,0,100,一般发展用户
5524,1,2,255.6,1,1,1,111,核心价值用户
5525,1,3,486.09999999999997,1,1,1,111,核心价值用户
5528,5,2,489.59999999999997,0,1,1,011,重点保持用户
5530,1,1,396.4,1,0,1,101,高消费流失预警用户
5531,1,1,343.6,1,0,1,101,高消费流失预警用户
5534,1,5,326.9,1,1,1,111,核心价值用户
5535,3,1,188.8,0,0,0,000,流失用户
5537,3,2,492.9,0,1,1,011,重点保持用户
5543,6,2,115.69999999999999,0,1,0,010,一般保持用户
5544,1,3,133.7,1,1,0,110,高潜力用户
5546,6,1,385.2,0,0,1,001,高消费沉睡用户
5548,1,5,240.4,1,1,1,111,核心价值用户
5550,2,1,41.6,1,0,0,100,一般发展用户
5554,2,2,62.8,1,1,0,110,高潜力用户
5555,2,1,8.4,1,0,0,100,一般发展用户
5556,3,1,165.89999999999998,0,0,0,000,流失用户
5558,6,1,62.8,0,0,0,000,流失用户
5559,4,6,526.1,0,1,1,011,重点保持用户
5563,1,5,428.29999999999995,1,1,1,111,核心价值用户
5565,2,1,120.0,1,0,0,100,一般发展用户
5566,1,3,475.6,1,1,1,111,核心价值用户
5567,2,2,261.70000000000005,1,1,1,111,核心价值用户
5569,1,3,477.8999999999999,1,1,1,111,核心价值用户
5570,6,1,321.2,0,0,1,001,高消费沉睡用户
5571,1,11,1727.7,1,1,1,111,核心价值用户
5573,6,2,175.99999999999997,0,1,0,010,一般保持用户
5575,5,1,41.8,0,0,0,000,流失用户
5577,1,2,320.7,1,1,1,111,核心价值用户
5578,2,2,430.40000000000003,1,1,1,111,核心价值用户
5579,5,2,314.4,0,1,1,011,重点保持用户
5580,1,1,81.6,1,0,0,100,一般发展用户
5581,5,2,42.699999999999996,0,1,0,010,一般保持用户
5582,3,1,390.0,0,0,1,001,高消费沉睡用户
5584,2,1,179.2,1,0,0,100,一般发展用户
5585,1,3,629.8000000000001,1,1,1,111,核心价值用户
5586,4,2,489.6,0,1,1,011,重点保持用户
5588,1,2,56.9,1,1,0,110,高潜力用户
5589,1,1,294.0,1,0,1,101,高消费流失预警用户
5591,3,5,678.0,0,1,1,011,重点保持用户
5594,1,1,256.5,1,0,1,101,高消费流失预警用户
5595,3,4,1202.5,0,1,1,011,重点保持用户
5597,2,2,332.4,1,1,1,111,核心价值用户
5598,1,3,565.4,1,1,1,111,核心价值用户
5599,6,1,162.89999999999998,0,0,0,000,流失用户
5600,1,1,40.6,1,0,0,100,一般发展用户
5601,1,1,161.39999999999998,1,0,0,100,一般发展用户
5604,4,1,131.39999999999998,0,0,0,000,流失用户
5605,5,1,112.4,0,0,0,000,流失用户
5606,2,1,102.6,1,0,0,100,一般发展用户
5607,2,2,235.20000000000002,1,1,1,111,核心价值用户
5610,4,4,539.4000000000001,0,1,1,011,重点保持用户
5616,3,2,249.0,0,1,1,011,重点保持用户
5617,1,6,741.1,1,1,1,111,核心价值用户
5618,5,1,222.8,0,0,1,001,高消费沉睡用户
5620,2,1,195.6,1,0,0,100,一般发展用户
5623,5,4,354.0,0,1,1,011,重点保持用户
5624,4,1,94.4,0,0,0,000,流失用户
5627,6,1,83.2,0,0,0,000,流失用户
5628,3,1,83.8,0,0,0,000,流失用户
5629,2,3,529.5,1,1,1,111,核心价值用户
5630,4,1,333.2,0,0,1,001,高消费沉睡用户
5632,2,1,138.8,1,0,0,100,一般发展用户
5634,2,2,216.29999999999998,1,1,1,111,核心价值用户
5636,3,1,193.20000000000002,0,0,0,000,流失用户
5638,1,8,863.0,1,1,1,111,核心价值用户
5642,2,2,185.2,1,1,0,110,高潜力用户
5643,2,1,201.6,1,0,0,100,一般发展用户
5648,1,6,885.4,1,1,1,111,核心价值用户
5650,6,1,70.4,0,0,0,000,流失用户
5651,2,1,84.9,1,0,0,100,一般发展用户
5652,1,3,279.8,1,1,1,111,核心价值用户
5655,4,1,15.0,0,0,0,000,流失用户
5656,1,2,88.5,1,1,0,110,高潜力用户
5658,1,3,278.6,1,1,1,111,核心价值用户
5660,1,2,348.6,1,1,1,111,核心价值用户
5661,1,3,255.0,1,1,1,111,核心价值用户
5662,2,1,81.6,1,0,0,100,一般发展用户
5669,1,1,26.0,1,0,0,100,一般发展用户
5672,2,1,76.8,1,0,0,100,一般发展用户
5673,3,1,87.2,0,0,0,000,流失用户
5674,1,2,165.5,1,1,0,110,高潜力用户
5675,6,1,11.399999999999999,0,0,0,000,流失用户
5676,1,2,420.1,1,1,1,111,核心价值用户
5678,2,2,108.3,1,1,0,110,高潜力用户
5680,2,2,388.49999999999994,1,1,1,111,核心价值用户
5683,4,3,550.4,0,1,1,011,重点保持用户
5684,3,1,67.2,0,0,0,000,流失用户
5686,2,2,154.5,1,1,0,110,高潜力用户
5689,5,1,51.6,0,0,0,000,流失用户
5690,2,2,199.2,1,1,0,110,高潜力用户
5692,6,1,127.6,0,0,0,000,流失用户
5695,1,4,480.1,1,1,1,111,核心价值用户
5696,6,2,44.7,0,1,0,010,一般保持用户
5700,1,2,235.6,1,1,1,111,核心价值用户
5701,5,1,45.0,0,0,0,000,流失用户
5702,4,1,41.7,0,0,0,000,流失用户
5704,1,1,30.900000000000002,1,0,0,100,一般发展用户
5707,1,8,1326.6,1,1,1,111,核心价值用户
5710,3,3,225.79999999999998,0,1,1,011,重点保持用户
5711,4,7,999.8,0,1,1,011,重点保持用户
5713,1,1,7.0,1,0,0,100,一般发展用户
5715,3,2,74.8,0,1,0,010,一般保持用户
5718,2,4,426.1,1,1,1,111,核心价值用户
5719,5,1,248.4,0,0,1,001,高消费沉睡用户
5721,1,1,12.2,1,0,0,100,一般发展用户
5723,1,3,543.4,1,1,1,111,核心价值用户
5724,3,2,632.1,0,1,1,011,重点保持用户
5725,2,2,236.3,1,1,1,111,核心价值用户
5727,1,2,306.29999999999995,1,1,1,111,核心价值用户
5729,1,1,29.2,1,0,0,100,一般发展用户
5730,2,2,95.1,1,1,0,110,高潜力用户
5731,2,1,252.89999999999998,1,0,1,101,高消费流失预警用户
5732,1,1,20.4,1,0,0,100,一般发展用户
5733,4,2,107.00000000000001,0,1,0,010,一般保持用户
5734,2,3,228.79999999999998,1,1,1,111,核心价值用户
5735,1,1,40.6,1,0,0,100,一般发展用户
5736,5,1,53.2,0,0,0,000,流失用户
5739,1,6,625.9,1,1,1,111,核心价值用户
5741,3,1,370.0,0,0,1,001,高消费沉睡用户
5742,5,2,150.3,0,1,0,010,一般保持用户
5744,1,1,149.2,1,0,0,100,一般发展用户
5745,3,1,70.9,0,0,0,000,流失用户
5748,4,1,365.6,0,0,1,001,高消费沉睡用户
5749,5,1,40.7,0,0,0,000,流失用户
5751,5,1,96.1,0,0,0,000,流失用户
5753,3,1,38.8,0,0,0,000,流失用户
5756,1,4,294.2,1,1,1,111,核心价值用户
5757,4,3,517.0,0,1,1,011,重点保持用户
5759,1,1,139.6,1,0,0,100,一般发展用户
5760,2,4,525.9000000000001,1,1,1,111,核心价值用户
5762,1,2,116.4,1,1,0,110,高潜力用户
5764,4,1,30.6,0,0,0,000,流失用户
5765,3,2,229.60000000000002,0,1,1,011,重点保持用户
5766,2,3,557.2,1,1,1,111,核心价值用户
5767,6,1,56.2,0,0,0,000,流失用户
5769,5,1,87.2,0,0,0,000,流失用户
5771,4,2,318.3,0,1,1,011,重点保持用户
5772,3,1,99.6,0,0,0,000,流失用户
5773,1,2,141.60000000000002,1,1,0,110,高潜力用户
5775,3,1,102.0,0,0,0,000,流失用户
5778,5,1,162.4,0,0,0,000,流失用户
5779,1,2,339.1,1,1,1,111,核心价值用户
5782,2,1,64.0,1,0,0,100,一般发展用户
5783,4,3,172.0,0,1,0,010,一般保持用户
5784,4,3,411.2,0,1,1,011,重点保持用户
5786,3,1,72.2,0,0,0,000,流失用户
5787,1,1,9.6,1,0,0,100,一般发展用户
5789,3,1,186.8,0,0,0,000,流失用户
5790,2,2,437.20000000000005,1,1,1,111,核心价值用户
5791,2,3,463.6,1,1,1,111,核心价值用户
5796,2,2,95.7,1,1,0,110,高潜力用户
5797,4,1,71.5,0,0,0,000,流失用户
5798,4,2,91.0,0,1,0,010,一般保持用户
5801,2,1,78.9,1,0,0,100,一般发展用户
5803,1,1,18.6,1,0,0,100,一般发展用户
5805,2,1,33.4,1,0,0,100,一般发展用户
5807,3,2,490.0,0,1,1,011,重点保持用户
5808,1,2,440.59999999999997,1,1,1,111,核心价值用户
5809,2,1,231.29999999999998,1,0,1,101,高消费流失预警用户
5810,2,1,155.10000000000002,1,0,0,100,一般发展用户
5811,4,1,134.4,0,0,0,000,流失用户
5812,1,2,68.5,1,1,0,110,高潜力用户
5814,4,1,31.0,0,0,0,000,流失用户
5815,1,2,210.79999999999998,1,1,1,111,核心价值用户
5816,2,1,136.0,1,0,0,100,一般发展用户
5820,1,2,560.8,1,1,1,111,核心价值用户
5822,2,1,44.8,1,0,0,100,一般发展用户
5823,1,2,166.4,1,1,0,110,高潜力用户
5824,3,1,44.2,0,0,0,000,流失用户
5825,5,2,418.4,0,1,1,011,重点保持用户
5826,4,2,156.9,0,1,0,010,一般保持用户
5827,1,4,650.5,1,1,1,111,核心价值用户
5829,3,6,893.4,0,1,1,011,重点保持用户
5830,3,2,294.6,0,1,1,011,重点保持用户
5835,4,2,96.7,0,1,0,010,一般保持用户
5836,1,11,1401.1,1,1,1,111,核心价值用户
5837,3,2,376.2,0,1,1,011,重点保持用户
5838,2,1,181.0,1,0,0,100,一般发展用户
5840,1,13,1580.3,1,1,1,111,核心价值用户
5842,6,1,47.5,0,0,0,000,流失用户
5843,3,1,39.2,0,0,0,000,流失用户
5846,6,1,95.2,0,0,0,000,流失用户
5848,2,5,336.4,1,1,1,111,核心价值用户
5851,6,1,169.6,0,0,0,000,流失用户
5853,1,4,449.20000000000005,1,1,1,111,核心价值用户
5855,5,2,250.79999999999998,0,1,1,011,重点保持用户
5857,5,1,31.8,0,0,0,000,流失用户
5858,2,1,51.6,1,0,0,100,一般发展用户
5859,4,1,128.10000000000002,0,0,0,000,流失用户
5860,5,1,25.8,0,0,0,000,流失用户
5861,3,2,278.5,0,1,1,011,重点保持用户
5865,2,3,188.2,1,1,0,110,高潜力用户
5868,2,1,114.8,1,0,0,100,一般发展用户
5869,4,2,453.2,0,1,1,011,重点保持用户
5870,3,2,209.0,0,1,1,011,重点保持用户
5871,5,3,469.5,0,1,1,011,重点保持用户
5872,1,5,937.0999999999999,1,1,1,111,核心价值用户
5876,1,3,146.6,1,1,0,110,高潜力用户
5879,4,1,184.6,0,0,0,000,流失用户
5881,2,7,1038.4,1,1,1,111,核心价值用户
5882,4,1,29.099999999999998,0,0,0,000,流失用户
5883,1,5,616.2,1,1,1,111,核心价值用户
5884,2,1,356.0,1,0,1,101,高消费流失预警用户
5885,6,1,0.2,0,0,0,000,流失用户
5886,5,2,370.1,0,1,1,011,重点保持用户
5887,3,2,515.6,0,1,1,011,重点保持用户
5888,4,1,80.4,0,0,0,000,流失用户
5889,5,4,109.2,0,1,0,010,一般保持用户
5890,5,2,112.1,0,1,0,010,一般保持用户
5891,1,2,345.9,1,1,1,111,核心价值用户
5892,1,1,75.9,1,0,0,100,一般发展用户
5895,1,2,279.7,1,1,1,111,核心价值用户
5897,5,3,466.6,0,1,1,011,重点保持用户
5898,2,1,31.4,1,0,0,100,一般发展用户
5901,1,4,308.2,1,1,1,111,核心价值用户
5902,2,5,610.3,1,1,1,111,核心价值用户
5904,2,1,298.8,1,0,1,101,高消费流失预警用户
5905,1,2,251.89999999999998,1,1,1,111,核心价值用户
5906,5,1,8.7,0,0,0,000,流失用户
5907,2,2,461.8,1,1,1,111,核心价值用户
5911,2,1,285.6,1,0,1,101,高消费流失预警用户
5913,4,1,90.6,0,0,0,000,流失用户
5914,1,13,1824.0,1,1,1,111,核心价值用户
5915,2,3,780.4000000000001,1,1,1,111,核心价值用户
5916,1,10,1318.4,1,1,1,111,核心价值用户
5917,6,3,284.5,0,1,1,011,重点保持用户
5918,3,4,155.0,0,1,0,010,一般保持用户
5921,2,1,67.9,1,0,0,100,一般发展用户
5922,2,8,966.1,1,1,1,111,核心价值用户
5923,4,1,75.9,0,0,0,000,流失用户
5925,3,1,135.3,0,0,0,000,流失用户
5926,2,2,380.6,1,1,1,111,核心价值用户
5928,4,1,103.2,0,0,0,000,流失用户
5930,4,1,123.89999999999999,0,0,0,000,流失用户
5934,1,1,50.5,1,0,0,100,一般发展用户
5935,2,3,318.5,1,1,1,111,核心价值用户
5938,2,5,627.7,1,1,1,111,核心价值用户
5939,1,3,309.8,1,1,1,111,核心价值用户
5940,1,7,523.7,1,1,1,111,核心价值用户
5941,1,3,355.79999999999995,1,1,1,111,核心价值用户
5943,4,1,28.7,0,0,0,000,流失用户
5944,2,2,373.6,1,1,1,111,核心价值用户
5945,4,1,162.8,0,0,0,000,流失用户
5946,4,2,203.9,0,1,0,010,一般保持用户
5947,1,1,145.4,1,0,0,100,一般发展用户
5951,1,2,179.0,1,1,0,110,高潜力用户
5958,1,2,343.79999999999995,1,1,1,111,核心价值用户
5959,3,2,310.4,0,1,1,011,重点保持用户
5960,1,3,385.09999999999997,1,1,1,111,核心价值用户
5964,5,1,398.4,0,0,1,001,高消费沉睡用户
5965,5,1,284.4,0,0,1,001,高消费沉睡用户
5966,4,3,625.8,0,1,1,011,重点保持用户
5968,1,7,762.5999999999999,1,1,1,111,核心价值用户
5969,3,1,243.60000000000002,0,0,1,001,高消费沉睡用户
5971,1,3,418.3999999999999,1,1,1,111,核心价值用户
5974,1,2,60.400000000000006,1,1,0,110,高潜力用户
5975,2,2,394.7,1,1,1,111,核心价值用户
5977,1,2,113.89999999999999,1,1,0,110,高潜力用户
5980,5,1,78.0,0,0,0,000,流失用户
5981,3,3,450.1,0,1,1,011,重点保持用户
5982,1,2,186.60000000000002,1,1,0,110,高潜力用户
5984,1,4,385.90000000000003,1,1,1,111,核心价值用户
5985,5,2,443.3,0,1,1,011,重点保持用户
5986,4,1,106.2,0,0,0,000,流失用户
5988,2,3,234.40000000000003,1,1,1,111,核心价值用户
5991,4,1,19.799999999999997,0,0,0,000,流失用户
5993,1,5,730.0999999999999,1,1,1,111,核心价值用户
5995,1,1,121.2,1,0,0,100,一般发展用户
5998,1,1,107.8,1,0,0,100,一般发展用户
6000,1,1,62.9,1,0,0,100,一般发展用户
6003,2,2,105.30000000000001,1,1,0,110,高潜力用户
6005,4,2,286.40000000000003,0,1,1,011,重点保持用户
6006,2,4,653.2,1,1,1,111,核心价值用户
6007,6,1,62.3,0,0,0,000,流失用户
6008,4,1,73.4,0,0,0,000,流失用户
6009,1,2,295.2,1,1,1,111,核心价值用户
6010,5,1,232.20000000000002,0,0,1,001,高消费沉睡用户
6011,4,1,43.8,0,0,0,000,流失用户
6013,2,3,563.1,1,1,1,111,核心价值用户
6014,4,2,115.7,0,1,0,010,一般保持用户
6015,5,1,116.4,0,0,0,000,流失用户
6016,5,1,38.6,0,0,0,000,流失用户
6017,4,3,426.79999999999995,0,1,1,011,重点保持用户
6019,2,1,227.70000000000002,1,0,1,101,高消费流失预警用户
6020,4,1,224.70000000000002,0,0,1,001,高消费沉睡用户
6021,2,4,367.90000000000003,1,1,1,111,核心价值用户
6022,2,3,199.29999999999998,1,1,0,110,高潜力用户
6023,3,1,197.39999999999998,0,0,0,000,流失用户
6027,2,1,138.4,1,0,0,100,一般发展用户
6029,4,2,130.6,0,1,0,010,一般保持用户
6030,2,2,372.4,1,1,1,111,核心价值用户
6034,4,4,345.0,0,1,1,011,重点保持用户
6035,6,2,393.3,0,1,1,011,重点保持用户
6036,1,4,446.5,1,1,1,111,核心价值用户
6037,4,2,282.6,0,1,1,011,重点保持用户
6038,6,1,198.0,0,0,0,000,流失用户
6039,1,1,57.6,1,0,0,100,一般发展用户
6041,1,1,130.8,1,0,0,100,一般发展用户
6045,1,4,498.40000000000003,1,1,1,111,核心价值用户
6047,1,2,106.60000000000001,1,1,0,110,高潜力用户
6052,5,4,586.6,0,1,1,011,重点保持用户
6055,1,1,99.9,1,0,0,100,一般发展用户
6057,1,1,237.29999999999998,1,0,1,101,高消费流失预警用户
6058,1,2,380.6,1,1,1,111,核心价值用户
6059,1,6,870.1999999999999,1,1,1,111,核心价值用户
6060,1,1,248.4,1,0,1,101,高消费流失预警用户
6061,1,1,3.2,1,0,0,100,一般发展用户
6062,1,5,795.9,1,1,1,111,核心价值用户
6063,2,4,661.1,1,1,1,111,核心价值用户
6066,4,2,475.3,0,1,1,011,重点保持用户
6068,1,7,579.4,1,1,1,111,核心价值用户
6071,1,1,154.8,1,0,0,100,一般发展用户
6072,1,1,64.4,1,0,0,100,一般发展用户
6074,2,3,874.8,1,1,1,111,核心价值用户
6076,5,1,385.2,0,0,1,001,高消费沉睡用户
6079,6,3,304.29999999999995,0,1,1,011,重点保持用户
6081,3,2,405.0,0,1,1,011,重点保持用户
6083,4,1,50.9,0,0,0,000,流失用户
6084,1,6,1219.8,1,1,1,111,核心价值用户
6085,3,1,51.2,0,0,0,000,流失用户
6086,5,1,179.4,0,0,0,000,流失用户
6089,2,1,65.9,1,0,0,100,一般发展用户
6090,1,8,634.5,1,1,1,111,核心价值用户
6092,2,1,171.2,1,0,0,100,一般发展用户
6093,2,3,177.7,1,1,0,110,高潜力用户
6096,4,3,270.9,0,1,1,011,重点保持用户
6097,6,1,37.8,0,0,0,000,流失用户
6098,5,2,456.0,0,1,1,011,重点保持用户
6099,1,8,1200.2,1,1,1,111,核心价值用户
6101,2,1,15.2,1,0,0,100,一般发展用户
6102,2,4,427.5,1,1,1,111,核心价值用户
6104,1,4,348.2,1,1,1,111,核心价值用户
6110,2,2,200.29999999999998,1,1,0,110,高潜力用户
6111,4,3,240.70000000000002,0,1,1,011,重点保持用户
6113,1,5,474.40000000000003,1,1,1,111,核心价值用户
6114,6,1,45.0,0,0,0,000,流失用户
6116,5,1,190.8,0,0,0,000,流失用户
6118,1,3,633.0,1,1,1,111,核心价值用户
6119,5,1,85.5,0,0,0,000,流失用户
6121,3,2,202.0,0,1,0,010,一般保持用户
6122,1,7,1609.5,1,1,1,111,核心价值用户
6123,4,2,334.5,0,1,1,011,重点保持用户
6124,1,1,24.3,1,0,0,100,一般发展用户
6126,3,2,237.0,0,1,1,011,重点保持用户
6129,6,1,60.4,0,0,0,000,流失用户
6130,5,1,48.6,0,0,0,000,流失用户
6131,1,3,138.1,1,1,0,110,高潜力用户
6135,2,5,623.4000000000001,1,1,1,111,核心价值用户
6136,3,1,180.3,0,0,0,000,流失用户
6138,1,7,945.5,1,1,1,111,核心价值用户
6141,1,1,65.4,1,0,0,100,一般发展用户
6142,3,2,96.6,0,1,0,010,一般保持用户
6145,4,2,404.1,0,1,1,011,重点保持用户
6146,1,3,380.8,1,1,1,111,核心价值用户
6147,3,4,302.0,0,1,1,011,重点保持用户
6155,2,3,722.5,1,1,1,111,核心价值用户
6159,2,1,71.69999999999999,1,0,0,100,一般发展用户
6160,2,10,1171.8,1,1,1,111,核心价值用户
6162,3,6,776.4999999999999,0,1,1,011,重点保持用户
6164,1,1,33.3,1,0,0,100,一般发展用户
6165,1,10,1633.3,1,1,1,111,核心价值用户
6166,4,2,108.6,0,1,0,010,一般保持用户
6167,2,1,365.2,1,0,1,101,高消费流失预警用户
6168,1,1,76.4,1,0,0,100,一般发展用户
6170,1,1,80.4,1,0,0,100,一般发展用户
6171,3,1,47.400000000000006,0,0,0,000,流失用户
6173,4,4,258.0,0,1,1,011,重点保持用户
6174,5,1,89.2,0,0,0,000,流失用户
6175,6,3,511.79999999999995,0,1,1,011,重点保持用户
6176,2,1,226.0,1,0,1,101,高消费流失预警用户
6179,4,3,350.2,0,1,1,011,重点保持用户
6180,2,3,137.7,1,1,0,110,高潜力用户
6181,4,1,256.0,0,0,1,001,高消费沉睡用户
6182,1,14,1828.1,1,1,1,111,核心价值用户
6186,6,1,106.19999999999999,0,0,0,000,流失用户
6188,3,1,192.89999999999998,0,0,0,000,流失用户
6189,2,5,690.2,1,1,1,111,核心价值用户
6191,1,4,790.8,1,1,1,111,核心价值用户
6192,2,2,442.8,1,1,1,111,核心价值用户
6194,5,2,189.6,0,1,0,010,一般保持用户
6195,5,1,102.2,0,0,0,000,流失用户
6197,1,2,304.1,1,1,1,111,核心价值用户
6198,1,2,319.2,1,1,1,111,核心价值用户
6203,2,4,452.5,1,1,1,111,核心价值用户
6204,6,1,50.2,0,0,0,000,流失用户
6206,1,2,351.4,1,1,1,111,核心价值用户
6209,5,1,42.0,0,0,0,000,流失用户
6210,3,1,63.599999999999994,0,0,0,000,流失用户
6211,2,2,244.3,1,1,1,111,核心价值用户
6212,1,2,13.200000000000001,1,1,0,110,高潜力用户
6213,1,9,1486.4,1,1,1,111,核心价值用户
6216,2,1,73.3,1,0,0,100,一般发展用户
6219,5,1,61.8,0,0,0,000,流失用户
6221,2,2,392.40000000000003,1,1,1,111,核心价值用户
6222,1,2,368.40000000000003,1,1,1,111,核心价值用户
6223,1,2,299.7,1,1,1,111,核心价值用户
6224,1,3,265.0,1,1,1,111,核心价值用户
6226,1,3,560.0,1,1,1,111,核心价值用户
6227,1,4,329.79999999999995,1,1,1,111,核心价值用户
6228,2,2,309.4,1,1,1,111,核心价值用户
6232,2,4,444.2,1,1,1,111,核心价值用户
6234,3,1,283.79999999999995,0,0,1,001,高消费沉睡用户
6235,2,1,131.2,1,0,0,100,一般发展用户
6236,1,6,905.9,1,1,1,111,核心价值用户
6237,5,1,49.7,0,0,0,000,流失用户
6238,6,1,229.5,0,0,1,001,高消费沉睡用户
6239,3,1,98.8,0,0,0,000,流失用户
6240,1,1,133.0,1,0,0,100,一般发展用户
6242,2,8,1056.0,1,1,1,111,核心价值用户
6244,4,1,271.79999999999995,0,0,1,001,高消费沉睡用户
6245,4,1,270.8,0,0,1,001,高消费沉睡用户
6247,1,7,972.7,1,1,1,111,核心价值用户
6250,1,1,134.2,1,0,0,100,一般发展用户
6251,3,1,4.5,0,0,0,000,流失用户
6252,5,4,1002.5,0,1,1,011,重点保持用户
6253,1,12,1342.8999999999999,1,1,1,111,核心价值用户
6254,2,3,355.69999999999993,1,1,1,111,核心价值用户
6255,1,5,346.0,1,1,1,111,核心价值用户
6257,2,1,267.0,1,0,1,101,高消费流失预警用户
6259,4,2,228.09999999999997,0,1,1,011,重点保持用户
6261,1,8,1129.7,1,1,1,111,核心价值用户
6263,2,1,258.0,1,0,1,101,高消费流失预警用户
6266,6,1,34.0,0,0,0,000,流失用户
6267,1,1,316.4,1,0,1,101,高消费流失预警用户
6268,1,4,662.1,1,1,1,111,核心价值用户
6271,4,1,76.4,0,0,0,000,流失用户
6272,6,1,24.0,0,0,0,000,流失用户
6275,1,1,14.9,1,0,0,100,一般发展用户
6276,5,2,402.8,0,1,1,011,重点保持用户
6277,2,13,1564.2,1,1,1,111,核心价值用户
6278,1,5,663.1,1,1,1,111,核心价值用户
6279,2,2,302.2,1,1,1,111,核心价值用户
6280,6,2,507.8,0,1,1,011,重点保持用户
6281,4,1,37.7,0,0,0,000,流失用户
6282,2,1,368.4,1,0,1,101,高消费流失预警用户
6283,1,2,299.1,1,1,1,111,核心价值用户
6284,2,3,275.3,1,1,1,111,核心价值用户
6285,2,2,322.1,1,1,1,111,核心价值用户
6286,2,2,403.40000000000003,1,1,1,111,核心价值用户
6287,1,2,271.4,1,1,1,111,核心价值用户
6288,2,1,84.7,1,0,0,100,一般发展用户
6289,1,1,61.2,1,0,0,100,一般发展用户
6291,5,2,361.2,0,1,1,011,重点保持用户
6294,4,2,78.89999999999999,0,1,0,010,一般保持用户
6295,2,1,61.199999999999996,1,0,0,100,一般发展用户
6296,3,1,93.0,0,0,0,000,流失用户
6298,1,1,47.400000000000006,1,0,0,100,一般发展用户
6299,3,2,300.2,0,1,1,011,重点保持用户
6304,1,5,819.3,1,1,1,111,核心价值用户
6305,1,2,221.2,1,1,1,111,核心价值用户
6306,5,1,7.2,0,0,0,000,流失用户
6308,5,1,120.2,0,0,0,000,流失用户
6310,2,1,160.8,1,0,0,100,一般发展用户
6312,1,3,586.8,1,1,1,111,核心价值用户
6313,3,1,91.4,0,0,0,000,流失用户
6314,4,2,307.0,0,1,1,011,重点保持用户
6320,5,1,49.2,0,0,0,000,流失用户
6322,6,1,237.0,0,0,1,001,高消费沉睡用户
6323,1,2,287.2,1,1,1,111,核心价值用户
6325,1,2,215.0,1,1,1,111,核心价值用户
6327,6,1,32.2,0,0,0,000,流失用户
6329,4,1,261.6,0,0,1,001,高消费沉睡用户
6330,5,1,108.0,0,0,0,000,流失用户
6333,1,3,210.1,1,1,1,111,核心价值用户
6335,1,2,96.5,1,1,0,110,高潜力用户
6336,2,1,71.1,1,0,0,100,一般发展用户
6337,4,1,22.6,0,0,0,000,流失用户
6340,2,2,107.80000000000001,1,1,0,110,高潜力用户
6341,1,1,59.400000000000006,1,0,0,100,一般发展用户
6342,1,1,50.8,1,0,0,100,一般发展用户
6343,2,1,53.099999999999994,1,0,0,100,一般发展用户
6344,2,1,86.8,1,0,0,100,一般发展用户
6345,3,2,225.8,0,1,1,011,重点保持用户
6346,5,1,156.60000000000002,0,0,0,000,流失用户
6349,2,1,78.9,1,0,0,100,一般发展用户
6351,3,2,181.6,0,1,0,010,一般保持用户
6353,1,6,1078.0,1,1,1,111,核心价值用户
6356,1,1,124.5,1,0,0,100,一般发展用户
6358,1,2,419.09999999999997,1,1,1,111,核心价值用户
6359,1,2,143.6,1,1,0,110,高潜力用户
6361,6,1,97.6,0,0,0,000,流失用户
6363,2,1,8.9,1,0,0,100,一般发展用户
6365,1,3,306.6,1,1,1,111,核心价值用户
6368,1,1,157.2,1,0,0,100,一般发展用户
6369,1,4,454.29999999999995,1,1,1,111,核心价值用户
6370,2,1,322.0,1,0,1,101,高消费流失预警用户
6373,2,2,201.60000000000002,1,1,0,110,高潜力用户
6375,1,9,821.6,1,1,1,111,核心价值用户
6376,2,1,108.30000000000001,1,0,0,100,一般发展用户
6378,6,1,272.70000000000005,0,0,1,001,高消费沉睡用户
6379,2,5,440.0,1,1,1,111,核心价值用户
6381,6,1,183.6,0,0,0,000,流失用户
6383,2,2,175.79999999999998,1,1,0,110,高潜力用户
6384,2,3,577.2,1,1,1,111,核心价值用户
6385,5,1,27.2,0,0,0,000,流失用户
6386,2,2,103.4,1,1,0,110,高潜力用户
6387,4,2,246.60000000000002,0,1,1,011,重点保持用户
6389,3,3,202.39999999999998,0,1,0,010,一般保持用户
6390,3,1,31.9,0,0,0,000,流失用户
6391,1,10,1006.5,1,1,1,111,核心价值用户
6394,1,2,383.70000000000005,1,1,1,111,核心价值用户
6396,3,2,176.4,0,1,0,010,一般保持用户
6398,3,2,174.8,0,1,0,010,一般保持用户
6401,4,1,139.6,0,0,0,000,流失用户
6402,1,1,52.6,1,0,0,100,一般发展用户
6403,2,1,245.2,1,0,1,101,高消费流失预警用户
6405,3,4,348.8,0,1,1,011,重点保持用户
6406,4,1,102.30000000000001,0,0,0,000,流失用户
6407,3,1,231.6,0,0,1,001,高消费沉睡用户
6409,2,1,56.6,1,0,0,100,一般发展用户
6413,4,1,353.6,0,0,1,001,高消费沉睡用户
6417,3,5,447.9,0,1,1,011,重点保持用户
6419,5,2,480.7,0,1,1,011,重点保持用户
6421,6,1,64.6,0,0,0,000,流失用户
6422,5,2,501.20000000000005,0,1,1,011,重点保持用户
6424,6,1,19.799999999999997,0,0,0,000,流失用户
6425,3,1,258.6,0,0,1,001,高消费沉睡用户
6426,1,2,331.3,1,1,1,111,核心价值用户
6427,5,1,387.6,0,0,1,001,高消费沉睡用户
6429,4,2,114.8,0,1,0,010,一般保持用户
6430,1,1,116.2,1,0,0,100,一般发展用户
6434,1,7,965.0,1,1,1,111,核心价值用户
6436,4,2,350.40000000000003,0,1,1,011,重点保持用户
6438,3,2,197.0,0,1,0,010,一般保持用户
6439,1,1,162.4,1,0,0,100,一般发展用户
6440,1,1,16.200000000000003,1,0,0,100,一般发展用户
6441,2,2,170.60000000000002,1,1,0,110,高潜力用户
6442,6,1,69.8,0,0,0,000,流失用户
6443,1,3,288.40000000000003,1,1,1,111,核心价值用户
6444,4,1,187.5,0,0,0,000,流失用户
6445,2,4,597.2,1,1,1,111,核心价值用户
6446,4,1,67.1,0,0,0,000,流失用户
6451,6,2,186.5,0,1,0,010,一般保持用户
6452,1,2,303.20000000000005,1,1,1,111,核心价值用户
6453,1,1,23.6,1,0,0,100,一般发展用户
6454,1,4,202.5,1,1,0,110,高潜力用户
6455,1,2,147.7,1,1,0,110,高潜力用户
6459,1,2,127.1,1,1,0,110,高潜力用户
6461,1,4,385.9,1,1,1,111,核心价值用户
6463,4,2,152.8,0,1,0,010,一般保持用户
6465,1,6,1001.3,1,1,1,111,核心价值用户
6470,4,1,2.2,0,0,0,000,流失用户
6471,2,1,0.6,1,0,0,100,一般发展用户
6472,5,1,140.0,0,0,0,000,流失用户
6473,3,2,343.79999999999995,0,1,1,011,重点保持用户
6474,1,4,629.4,1,1,1,111,核心价值用户
6476,2,2,251.8,1,1,1,111,核心价值用户
6477,5,5,279.4,0,1,1,011,重点保持用户
6480,2,1,43.0,1,0,0,100,一般发展用户
6481,1,1,15.299999999999999,1,0,0,100,一般发展用户
6482,6,1,53.6,0,0,0,000,流失用户
6483,3,2,335.8,0,1,1,011,重点保持用户
6484,1,1,23.2,1,0,0,100,一般发展用户
6487,2,1,5.7,1,0,0,100,一般发展用户
6488,1,1,132.2,1,0,0,100,一般发展用户
6489,1,2,295.09999999999997,1,1,1,111,核心价值用户
6491,4,1,296.70000000000005,0,0,1,001,高消费沉睡用户
6492,1,3,458.09999999999997,1,1,1,111,核心价值用户
6493,2,5,624.5,1,1,1,111,核心价值用户
6494,2,4,653.8,1,1,1,111,核心价值用户
6495,1,2,664.0,1,1,1,111,核心价值用户
6496,5,1,197.4,0,0,0,000,流失用户
6497,5,3,441.1,0,1,1,011,重点保持用户
6498,1,2,326.5,1,1,1,111,核心价值用户
6500,1,2,44.8,1,1,0,110,高潜力用户
6501,5,4,684.0999999999999,0,1,1,011,重点保持用户
6502,2,1,121.4,1,0,0,100,一般发展用户
6504,2,2,108.80000000000001,1,1,0,110,高潜力用户
6508,1,3,117.0,1,1,0,110,高潜力用户
6509,1,2,293.4,1,1,1,111,核心价值用户
6511,4,2,562.2,0,1,1,011,重点保持用户
6512,1,2,87.8,1,1,0,110,高潜力用户
6515,1,3,369.5,1,1,1,111,核心价值用户
6516,1,2,221.10000000000002,1,1,1,111,核心价值用户
6517,6,2,116.4,0,1,0,010,一般保持用户
6519,3,1,165.2,0,0,0,000,流失用户
6520,2,3,314.9,1,1,1,111,核心价值用户
6523,5,1,29.6,0,0,0,000,流失用户
6524,5,1,161.6,0,0,0,000,流失用户
6525,2,1,128.6,1,0,0,100,一般发展用户
6530,2,1,173.6,1,0,0,100,一般发展用户
6531,1,18,1961.6,1,1,1,111,核心价值用户
6533,1,6,605.5,1,1,1,111,核心价值用户
6534,4,5,145.10000000000002,0,1,0,010,一般保持用户
6536,1,3,341.79999999999995,1,1,1,111,核心价值用户
6537,4,3,302.5,0,1,1,011,重点保持用户
6538,2,1,391.2,1,0,1,101,高消费流失预警用户
6539,3,2,146.5,0,1,0,010,一般保持用户
6542,1,2,464.4,1,1,1,111,核心价值用户
6545,1,10,1238.9,1,1,1,111,核心价值用户
6546,4,1,33.8,0,0,0,000,流失用户
6548,1,2,370.40000000000003,1,1,1,111,核心价值用户
6550,3,1,102.8,0,0,0,000,流失用户
6551,2,5,709.0,1,1,1,111,核心价值用户
6554,1,4,465.09999999999997,1,1,1,111,核心价值用户
6555,1,5,571.0,1,1,1,111,核心价值用户
6556,4,1,153.0,0,0,0,000,流失用户
6557,2,2,205.79999999999998,1,1,0,110,高潜力用户
6558,1,5,444.3,1,1,1,111,核心价值用户
6560,2,1,14.7,1,0,0,100,一般发展用户
6567,1,1,1.2,1,0,0,100,一般发展用户
6568,6,1,91.2,0,0,0,000,流失用户
6569,4,2,99.2,0,1,0,010,一般保持用户
6571,1,2,366.79999999999995,1,1,1,111,核心价值用户
6573,4,3,501.29999999999995,0,1,1,011,重点保持用户
6574,3,7,973.9,0,1,1,011,重点保持用户
6575,3,1,187.6,0,0,0,000,流失用户
6576,4,1,214.4,0,0,1,001,高消费沉睡用户
6579,5,1,13.8,0,0,0,000,流失用户
6580,3,1,110.4,0,0,0,000,流失用户
6582,2,7,868.6000000000001,1,1,1,111,核心价值用户
6583,1,1,33.3,1,0,0,100,一般发展用户
6584,4,3,397.6,0,1,1,011,重点保持用户
6585,6,1,166.8,0,0,0,000,流失用户
6586,4,4,584.2,0,1,1,011,重点保持用户
6590,5,1,9.6,0,0,0,000,流失用户
6591,3,1,7.6,0,0,0,000,流失用户
6592,5,1,237.89999999999998,0,0,1,001,高消费沉睡用户
6594,1,4,305.0,1,1,1,111,核心价值用户
6596,1,2,310.2,1,1,1,111,核心价值用户
6597,2,4,807.3,1,1,1,111,核心价值用户
6599,1,4,765.4,1,1,1,111,核心价值用户
6601,1,4,705.8,1,1,1,111,核心价值用户
6602,1,7,708.8,1,1,1,111,核心价值用户
6604,4,1,193.8,0,0,0,000,流失用户
6605,5,9,1100.8,0,1,1,011,重点保持用户
6607,5,1,22.0,0,0,0,000,流失用户
6609,1,5,940.7,1,1,1,111,核心价值用户
6610,5,1,9.2,0,0,0,000,流失用户
6617,4,1,280.0,0,0,1,001,高消费沉睡用户
6618,2,2,610.4,1,1,1,111,核心价值用户
6619,1,1,70.0,1,0,0,100,一般发展用户
6621,1,1,4.2,1,0,0,100,一般发展用户
6622,1,4,158.5,1,1,0,110,高潜力用户
6624,1,2,72.4,1,1,0,110,高潜力用户
6625,3,3,201.1,0,1,0,010,一般保持用户
6628,5,2,268.5,0,1,1,011,重点保持用户
6633,1,2,186.0,1,1,0,110,高潜力用户
6635,5,1,176.4,0,0,0,000,流失用户
6636,2,2,135.3,1,1,0,110,高潜力用户
6639,2,2,399.2,1,1,1,111,核心价值用户
6642,4,1,221.70000000000002,0,0,1,001,高消费沉睡用户
6644,1,5,1043.1999999999998,1,1,1,111,核心价值用户
6645,2,9,1223.7,1,1,1,111,核心价值用户
6646,2,3,466.3,1,1,1,111,核心价值用户
6649,2,1,358.4,1,0,1,101,高消费流失预警用户
6653,2,1,28.0,1,0,0,100,一般发展用户
6654,1,8,603.3000000000001,1,1,1,111,核心价值用户
6655,1,3,429.0,1,1,1,111,核心价值用户
6656,1,3,472.5,1,1,1,111,核心价值用户
6658,1,6,665.5,1,1,1,111,核心价值用户
6659,1,2,263.6,1,1,1,111,核心价值用户
6660,2,1,284.1,1,0,1,101,高消费流失预警用户
6661,2,2,259.0,1,1,1,111,核心价值用户
6662,4,2,131.1,0,1,0,010,一般保持用户
6665,3,2,43.599999999999994,0,1,0,010,一般保持用户
6670,2,2,494.7,1,1,1,111,核心价值用户
6674,3,1,124.2,0,0,0,000,流失用户
6678,2,5,476.3,1,1,1,111,核心价值用户
6681,1,1,248.70000000000002,1,0,1,101,高消费流失预警用户
6682,4,2,198.8,0,1,0,010,一般保持用户
6683,1,4,285.6,1,1,1,111,核心价值用户
6685,2,3,322.70000000000005,1,1,1,111,核心价值用户
6686,3,2,143.2,0,1,0,010,一般保持用户
6690,2,12,1095.6,1,1,1,111,核心价值用户
6692,1,2,82.5,1,1,0,110,高潜力用户
6697,2,2,87.60000000000001,1,1,0,110,高潜力用户
6699,4,2,410.69999999999993,0,1,1,011,重点保持用户
6700,1,4,643.5,1,1,1,111,核心价值用户
6701,2,1,313.6,1,0,1,101,高消费流失预警用户
6703,1,8,870.8000000000001,1,1,1,111,核心价值用户
6704,5,2,108.1,0,1,0,010,一般保持用户
6705,4,1,69.0,0,0,0,000,流失用户
6708,1,13,1993.7,1,1,1,111,核心价值用户
6709,2,1,30.4,1,0,0,100,一般发展用户
6711,2,2,123.0,1,1,0,110,高潜力用户
6712,2,2,337.6,1,1,1,111,核心价值用户
6716,4,3,74.80000000000001,0,1,0,010,一般保持用户
6718,1,2,81.5,1,1,0,110,高潜力用户
6719,3,1,148.8,0,0,0,000,流失用户
6720,2,3,204.60000000000002,1,1,0,110,高潜力用户
6721,2,1,72.1,1,0,0,100,一般发展用户
6727,3,1,369.6,0,0,1,001,高消费沉睡用户
6728,1,6,693.3,1,1,1,111,核心价值用户
6731,1,1,166.0,1,0,0,100,一般发展用户
6732,2,4,162.2,1,1,0,110,高潜力用户
6733,5,1,85.5,0,0,0,000,流失用户
6734,3,1,87.1,0,0,0,000,流失用户
6735,6,1,210.0,0,0,1,001,高消费沉睡用户
6736,1,1,97.1,1,0,0,100,一般发展用户
6737,2,1,188.2,1,0,0,100,一般发展用户
6739,4,1,160.5,0,0,0,000,流失用户
6741,6,1,62.0,0,0,0,000,流失用户
6742,2,2,249.89999999999998,1,1,1,111,核心价值用户
6745,1,1,269.4,1,0,1,101,高消费流失预警用户
6747,2,5,833.5999999999999,1,1,1,111,核心价值用户
6749,1,10,1252.0,1,1,1,111,核心价值用户
6750,5,1,62.9,0,0,0,000,流失用户
6760,1,3,372.2,1,1,1,111,核心价值用户
6763,1,2,46.5,1,1,0,110,高潜力用户
6764,1,1,90.0,1,0,0,100,一般发展用户
6765,4,1,320.8,0,0,1,001,高消费沉睡用户
6767,2,5,363.3,1,1,1,111,核心价值用户
6768,1,6,961.1,1,1,1,111,核心价值用户
6769,2,1,65.8,1,0,0,100,一般发展用户
6770,6,1,97.1,0,0,0,000,流失用户
6773,1,5,648.9,1,1,1,111,核心价值用户
6775,3,2,81.6,0,1,0,010,一般保持用户
6777,4,5,846.3,0,1,1,011,重点保持用户
6778,1,4,431.3,1,1,1,111,核心价值用户
6779,6,2,191.8,0,1,0,010,一般保持用户
6783,3,1,8.4,0,0,0,000,流失用户
6786,2,2,476.40000000000003,1,1,1,111,核心价值用户
6789,1,2,456.20000000000005,1,1,1,111,核心价值用户
6790,2,2,132.0,1,1,0,110,高潜力用户
6791,5,2,112.6,0,1,0,010,一般保持用户
6793,3,2,231.1,0,1,1,011,重点保持用户
6794,6,1,228.60000000000002,0,0,1,001,高消费沉睡用户
6795,2,2,193.4,1,1,0,110,高潜力用户
6796,5,1,20.9,0,0,0,000,流失用户
6797,1,1,43.6,1,0,0,100,一般发展用户
6798,6,1,86.8,0,0,0,000,流失用户
6799,1,5,598.5999999999999,1,1,1,111,核心价值用户
6800,3,4,478.5,0,1,1,011,重点保持用户
6801,2,1,274.4,1,0,1,101,高消费流失预警用户
6807,2,1,61.1,1,0,0,100,一般发展用户
6808,5,1,274.5,0,0,1,001,高消费沉睡用户
6810,4,1,58.8,0,0,0,000,流失用户
6815,4,1,33.6,0,0,0,000,流失用户
6817,1,1,66.7,1,0,0,100,一般发展用户
6818,1,3,334.1,1,1,1,111,核心价值用户
6821,5,1,175.6,0,0,0,000,流失用户
6823,3,3,395.0,0,1,1,011,重点保持用户
6824,2,1,12.2,1,0,0,100,一般发展用户
6825,3,2,240.6,0,1,1,011,重点保持用户
6827,2,2,213.2,1,1,1,111,核心价值用户
6828,3,2,308.1,0,1,1,011,重点保持用户
6830,2,1,40.6,1,0,0,100,一般发展用户
6832,3,3,314.8,0,1,1,011,重点保持用户
6833,5,1,142.4,0,0,0,000,流失用户
6835,6,1,37.0,0,0,0,000,流失用户
6836,3,1,143.7,0,0,0,000,流失用户
6839,1,1,197.6,1,0,0,100,一般发展用户
6843,6,8,533.6,0,1,1,011,重点保持用户
6846,2,2,406.7,1,1,1,111,核心价值用户
6847,1,2,573.7,1,1,1,111,核心价值用户
6850,1,2,127.3,1,1,0,110,高潜力用户
6851,4,3,193.09999999999997,0,1,0,010,一般保持用户
6852,3,1,84.0,0,0,0,000,流失用户
6854,4,1,3.8,0,0,0,000,流失用户
6855,4,5,838.9000000000001,0,1,1,011,重点保持用户
6856,1,5,563.5999999999999,1,1,1,111,核心价值用户
6858,3,4,564.8,0,1,1,011,重点保持用户
6859,5,1,303.2,0,0,1,001,高消费沉睡用户
6860,4,1,110.39999999999999,0,0,0,000,流失用户
6861,1,4,194.4,1,1,0,110,高潜力用户
6862,2,2,99.80000000000001,1,1,0,110,高潜力用户
6864,1,1,109.19999999999999,1,0,0,100,一般发展用户
6865,1,2,133.3,1,1,0,110,高潜力用户
6869,5,1,164.4,0,0,0,000,流失用户
6870,1,2,341.6,1,1,1,111,核心价值用户
6871,3,5,669.8000000000001,0,1,1,011,重点保持用户
6872,6,1,123.6,0,0,0,000,流失用户
6873,4,2,289.20000000000005,0,1,1,011,重点保持用户
6874,2,3,322.2,1,1,1,111,核心价值用户
6875,3,1,194.8,0,0,0,000,流失用户
6879,2,4,218.5,1,1,1,111,核心价值用户
6881,4,1,3.7,0,0,0,000,流失用户
6884,2,1,143.0,1,0,0,100,一般发展用户
6885,6,1,68.2,0,0,0,000,流失用户
6886,2,1,42.4,1,0,0,100,一般发展用户
6887,5,1,57.7,0,0,0,000,流失用户
6889,3,9,1311.6,0,1,1,011,重点保持用户
6890,3,2,81.80000000000001,0,1,0,010,一般保持用户
6891,3,1,72.4,0,0,0,000,流失用户
6895,5,1,88.8,0,0,0,000,流失用户
6897,4,3,366.2,0,1,1,011,重点保持用户
6898,5,2,120.3,0,1,0,010,一般保持用户
6899,1,3,508.8,1,1,1,111,核心价值用户
6901,4,1,49.0,0,0,0,000,流失用户
6904,2,2,164.2,1,1,0,110,高潜力用户
6906,1,6,691.0,1,1,1,111,核心价值用户
6907,2,1,99.2,1,0,0,100,一般发展用户
6908,2,2,451.6,1,1,1,111,核心价值用户
6910,1,4,876.9,1,1,1,111,核心价值用户
6911,2,3,153.0,1,1,0,110,高潜力用户
6912,5,1,270.6,0,0,1,001,高消费沉睡用户
6913,6,2,416.8,0,1,1,011,重点保持用户
6914,1,1,108.0,1,0,0,100,一般发展用户
6915,6,1,21.4,0,0,0,000,流失用户
6919,2,2,195.5,1,1,0,110,高潜力用户
6923,4,2,214.2,0,1,1,011,重点保持用户
6924,5,1,5.1,0,0,0,000,流失用户
6925,1,7,659.6,1,1,1,111,核心价值用户
6926,3,1,120.0,0,0,0,000,流失用户
6927,2,2,330.4,1,1,1,111,核心价值用户
6928,3,3,358.5,0,1,1,011,重点保持用户
6929,5,1,139.8,0,0,0,000,流失用户
6930,6,2,236.89999999999998,0,1,1,011,重点保持用户
6931,3,1,30.4,0,0,0,000,流失用户
6932,3,1,55.3,0,0,0,000,流失用户
6933,2,4,298.6,1,1,1,111,核心价值用户
6936,1,1,192.0,1,0,0,100,一般发展用户
6940,1,7,909.3000000000001,1,1,1,111,核心价值用户
6941,1,4,435.29999999999995,1,1,1,111,核心价值用户
6943,1,1,182.4,1,0,0,100,一般发展用户
6944,5,1,82.4,0,0,0,000,流失用户
6947,1,5,543.2,1,1,1,111,核心价值用户
6948,1,2,396.8,1,1,1,111,核心价值用户
6950,4,4,224.8,0,1,1,011,重点保持用户
6952,4,7,371.1,0,1,1,011,重点保持用户
6954,1,9,1006.4,1,1,1,111,核心价值用户
6955,3,2,422.69999999999993,0,1,1,011,重点保持用户
6956,1,5,306.8,1,1,1,111,核心价值用户
6957,5,2,253.6,0,1,1,011,重点保持用户
6959,6,1,233.2,0,0,1,001,高消费沉睡用户
6961,6,1,280.5,0,0,1,001,高消费沉睡用户
6962,5,2,304.4,0,1,1,011,重点保持用户
6965,2,5,918.1,1,1,1,111,核心价值用户
6968,2,3,322.4,1,1,1,111,核心价值用户
6969,1,3,189.2,1,1,0,110,高潜力用户
6970,2,1,14.0,1,0,0,100,一般发展用户
6973,2,6,416.7,1,1,1,111,核心价值用户
6974,2,2,201.9,1,1,0,110,高潜力用户
6979,4,1,90.6,0,0,0,000,流失用户
6981,6,1,370.4,0,0,1,001,高消费沉睡用户
6984,2,3,484.2,1,1,1,111,核心价值用户
6985,4,1,45.4,0,0,0,000,流失用户
6988,1,1,45.7,1,0,0,100,一般发展用户
6990,1,5,564.0,1,1,1,111,核心价值用户
6991,3,1,3.2,0,0,0,000,流失用户
6997,4,3,453.09999999999997,0,1,1,011,重点保持用户
7000,1,4,481.0,1,1,1,111,核心价值用户
7002,1,1,192.8,1,0,0,100,一般发展用户
7003,5,1,231.60000000000002,0,0,1,001,高消费沉睡用户
7005,2,2,398.3,1,1,1,111,核心价值用户
7007,5,1,178.4,0,0,0,000,流失用户
7009,4,1,42.3,0,0,0,000,流失用户
7010,1,2,256.4,1,1,1,111,核心价值用户
7012,1,1,33.8,1,0,0,100,一般发展用户
7015,2,2,198.79999999999998,1,1,0,110,高潜力用户
7017,2,2,143.6,1,1,0,110,高潜力用户
7018,1,3,528.0,1,1,1,111,核心价值用户
7020,4,1,27.6,0,0,0,000,流失用户
7021,4,1,250.0,0,0,1,001,高消费沉睡用户
7024,2,1,241.6,1,0,1,101,高消费流失预警用户
7026,4,1,166.2,0,0,0,000,流失用户
7027,4,1,157.4,0,0,0,000,流失用户
7029,2,3,263.5,1,1,1,111,核心价值用户
7030,3,1,124.4,0,0,0,000,流失用户
7031,3,2,157.6,0,1,0,010,一般保持用户
7032,2,4,1039.2,1,1,1,111,核心价值用户
7034,1,3,285.4,1,1,1,111,核心价值用户
7035,2,1,18.3,1,0,0,100,一般发展用户
7036,3,3,172.7,0,1,0,010,一般保持用户
7037,4,3,208.7,0,1,1,011,重点保持用户
7038,1,4,490.69999999999993,1,1,1,111,核心价值用户
7039,6,2,399.2,0,1,1,011,重点保持用户
7041,4,1,268.79999999999995,0,0,1,001,高消费沉睡用户
7044,2,4,651.0,1,1,1,111,核心价值用户
7045,1,4,471.70000000000005,1,1,1,111,核心价值用户
7046,2,4,330.09999999999997,1,1,1,111,核心价值用户
7047,2,2,349.40000000000003,1,1,1,111,核心价值用户
7049,1,1,222.8,1,0,1,101,高消费流失预警用户
7054,2,2,628.7,1,1,1,111,核心价值用户
7058,3,1,71.1,0,0,0,000,流失用户
7060,2,1,24.599999999999998,1,0,0,100,一般发展用户
7064,3,1,110.4,0,0,0,000,流失用户
7066,1,1,168.8,1,0,0,100,一般发展用户
7069,4,2,330.7,0,1,1,011,重点保持用户
7072,1,2,383.20000000000005,1,1,1,111,核心价值用户
7074,1,2,111.0,1,1,0,110,高潜力用户
7076,3,1,261.29999999999995,0,0,1,001,高消费沉睡用户
7078,1,3,595.7,1,1,1,111,核心价值用户
7079,2,1,247.20000000000002,1,0,1,101,高消费流失预警用户
7082,3,2,75.5,0,1,0,010,一般保持用户
7084,1,1,85.8,1,0,0,100,一般发展用户
7086,2,2,218.10000000000002,1,1,1,111,核心价值用户
7087,2,2,602.0,1,1,1,111,核心价值用户
7089,2,1,51.6,1,0,0,100,一般发展用户
7091,5,2,199.2,0,1,0,010,一般保持用户
7094,2,3,844.8000000000001,1,1,1,111,核心价值用户
7099,1,8,1169.1000000000001,1,1,1,111,核心价值用户
7100,3,1,122.10000000000001,0,0,0,000,流失用户
7103,2,2,329.0,1,1,1,111,核心价值用户
7104,4,3,233.8,0,1,1,011,重点保持用户
7105,1,1,28.2,1,0,0,100,一般发展用户
7107,1,1,141.8,1,0,0,100,一般发展用户
7112,3,4,703.0,0,1,1,011,重点保持用户
7113,3,2,150.1,0,1,0,010,一般保持用户
7115,6,1,328.0,0,0,1,001,高消费沉睡用户
7116,5,1,51.2,0,0,0,000,流失用户
7119,5,2,328.1,0,1,1,011,重点保持用户
7120,3,2,165.1,0,1,0,010,一般保持用户
7123,2,1,89.2,1,0,0,100,一般发展用户
7125,3,2,76.80000000000001,0,1,0,010,一般保持用户
7128,1,1,312.8,1,0,1,101,高消费流失预警用户
7129,6,1,25.0,0,0,0,000,流失用户
7130,1,1,81.8,1,0,0,100,一般发展用户
7132,1,9,1161.3,1,1,1,111,核心价值用户
7133,1,1,6.0,1,0,0,100,一般发展用户
7134,5,4,822.5,0,1,1,011,重点保持用户
7136,1,2,521.6,1,1,1,111,核心价值用户
7137,1,1,22.5,1,0,0,100,一般发展用户
7143,3,3,109.2,0,1,0,010,一般保持用户
7144,1,2,382.0,1,1,1,111,核心价值用户
7145,2,1,24.5,1,0,0,100,一般发展用户
7146,1,3,450.40000000000003,1,1,1,111,核心价值用户
7147,4,2,355.9,0,1,1,011,重点保持用户
7149,1,6,789.9,1,1,1,111,核心价值用户
7150,2,1,36.3,1,0,0,100,一般发展用户
7157,6,2,385.4,0,1,1,011,重点保持用户
7158,1,4,522.1,1,1,1,111,核心价值用户
7160,5,2,56.1,0,1,0,010,一般保持用户
7162,1,9,934.0,1,1,1,111,核心价值用户
7164,1,5,451.20000000000005,1,1,1,111,核心价值用户
7166,2,2,77.4,1,1,0,110,高潜力用户
7168,4,1,80.5,0,0,0,000,流失用户
7170,4,2,137.4,0,1,0,010,一般保持用户
7171,2,1,20.0,1,0,0,100,一般发展用户
7172,3,1,44.5,0,0,0,000,流失用户
7173,1,2,246.9,1,1,1,111,核心价值用户
7174,1,2,92.9,1,1,0,110,高潜力用户
7175,2,9,1045.6,1,1,1,111,核心价值用户
7177,1,1,192.0,1,0,0,100,一般发展用户
7178,5,1,6.5,0,0,0,000,流失用户
7179,3,2,542.8,0,1,1,011,重点保持用户
7180,3,2,260.90000000000003,0,1,1,011,重点保持用户
7181,3,1,58.0,0,0,0,000,流失用户
7183,1,3,290.0,1,1,1,111,核心价值用户
7184,1,4,460.99999999999994,1,1,1,111,核心价值用户
7185,6,2,53.6,0,1,0,010,一般保持用户
7186,1,2,111.3,1,1,0,110,高潜力用户
7189,1,4,716.6999999999999,1,1,1,111,核心价值用户
7190,5,1,86.1,0,0,0,000,流失用户
7191,3,1,21.6,0,0,0,000,流失用户
7193,1,2,391.4,1,1,1,111,核心价值用户
7196,5,1,191.2,0,0,0,000,流失用户
7197,1,5,829.7,1,1,1,111,核心价值用户
7201,6,1,27.900000000000002,0,0,0,000,流失用户
7202,5,2,318.0,0,1,1,011,重点保持用户
7203,5,1,172.4,0,0,0,000,流失用户
7204,2,2,471.6,1,1,1,111,核心价值用户
7205,2,3,508.20000000000005,1,1,1,111,核心价值用户
7206,5,1,135.89999999999998,0,0,0,000,流失用户
7207,1,1,64.19999999999999,1,0,0,100,一般发展用户
7208,2,1,114.4,1,0,0,100,一般发展用户
7209,3,1,59.7,0,0,0,000,流失用户
7212,2,12,1697.4,1,1,1,111,核心价值用户
7213,2,1,89.8,1,0,0,100,一般发展用户
7214,1,7,997.0,1,1,1,111,核心价值用户
7215,2,1,19.6,1,0,0,100,一般发展用户
7221,5,3,340.8,0,1,1,011,重点保持用户
7223,1,1,41.9,1,0,0,100,一般发展用户
7224,2,4,355.5,1,1,1,111,核心价值用户
7225,2,1,95.5,1,0,0,100,一般发展用户
7227,1,9,575.3,1,1,1,111,核心价值用户
7228,3,1,76.4,0,0,0,000,流失用户
7229,4,5,743.8,0,1,1,011,重点保持用户
7232,6,2,139.7,0,1,0,010,一般保持用户
7233,4,2,125.39999999999999,0,1,0,010,一般保持用户
7235,2,2,640.2,1,1,1,111,核心价值用户
7237,1,2,255.9,1,1,1,111,核心价值用户
7240,2,4,763.1,1,1,1,111,核心价值用户
7244,2,3,250.8,1,1,1,111,核心价值用户
7246,1,4,140.2,1,1,0,110,高潜力用户
7247,2,4,384.8,1,1,1,111,核心价值用户
7249,5,2,137.5,0,1,0,010,一般保持用户
7250,6,1,9.9,0,0,0,000,流失用户
7251,1,6,936.3,1,1,1,111,核心价值用户
7252,6,1,42.0,0,0,0,000,流失用户
7253,3,1,62.2,0,0,0,000,流失用户
7255,1,3,304.70000000000005,1,1,1,111,核心价值用户
7256,2,3,443.0,1,1,1,111,核心价值用户
7257,3,2,405.6,0,1,1,011,重点保持用户
7258,6,1,6.2,0,0,0,000,流失用户
7261,6,1,71.2,0,0,0,000,流失用户
7262,3,3,537.0,0,1,1,011,重点保持用户
7264,2,1,38.8,1,0,0,100,一般发展用户
7265,6,2,156.0,0,1,0,010,一般保持用户
7267,6,1,9.0,0,0,0,000,流失用户
7268,5,3,532.2,0,1,1,011,重点保持用户
7269,1,2,120.8,1,1,0,110,高潜力用户
7270,1,1,131.8,1,0,0,100,一般发展用户
7273,5,3,469.6,0,1,1,011,重点保持用户
7274,6,1,117.6,0,0,0,000,流失用户
7275,1,1,113.2,1,0,0,100,一般发展用户
7276,4,1,164.6,0,0,0,000,流失用户
7278,6,2,191.6,0,1,0,010,一般保持用户
7280,4,1,102.6,0,0,0,000,流失用户
7281,2,3,686.6,1,1,1,111,核心价值用户
7282,1,1,42.3,1,0,0,100,一般发展用户
7285,6,1,149.7,0,0,0,000,流失用户
7288,1,1,293.1,1,0,1,101,高消费流失预警用户
7291,1,2,341.2,1,1,1,111,核心价值用户
7292,2,5,255.5,1,1,1,111,核心价值用户
7293,5,1,28.7,0,0,0,000,流失用户
7294,2,3,300.4,1,1,1,111,核心价值用户
7295,2,3,408.9,1,1,1,111,核心价值用户
7297,1,1,154.6,1,0,0,100,一般发展用户
7298,5,1,7.0,0,0,0,000,流失用户
7299,1,3,367.5,1,1,1,111,核心价值用户
7300,1,1,55.6,1,0,0,100,一般发展用户
7302,2,1,143.0,1,0,0,100,一般发展用户
7304,2,3,150.8,1,1,0,110,高潜力用户
7305,1,1,88.5,1,0,0,100,一般发展用户
7307,5,1,235.6,0,0,1,001,高消费沉睡用户
7308,1,8,1044.7,1,1,1,111,核心价值用户
7311,6,1,90.2,0,0,0,000,流失用户
7312,2,4,524.9,1,1,1,111,核心价值用户
7313,5,2,468.4,0,1,1,011,重点保持用户
7317,6,1,44.3,0,0,0,000,流失用户
7318,2,1,137.6,1,0,0,100,一般发展用户
7324,1,1,191.4,1,0,0,100,一般发展用户
7325,1,14,1930.5,1,1,1,111,核心价值用户
7326,1,4,135.3,1,1,0,110,高潜力用户
7327,1,1,70.2,1,0,0,100,一般发展用户
7328,2,2,350.20000000000005,1,1,1,111,核心价值用户
7329,2,6,1167.0,1,1,1,111,核心价值用户
7330,1,1,180.0,1,0,0,100,一般发展用户
7332,4,1,23.2,0,0,0,000,流失用户
7333,4,1,75.30000000000001,0,0,0,000,流失用户
7334,1,3,404.9,1,1,1,111,核心价值用户
7339,5,2,313.9,0,1,1,011,重点保持用户
7340,4,4,938.2,0,1,1,011,重点保持用户
7343,4,3,724.6,0,1,1,011,重点保持用户
7347,2,2,231.60000000000002,1,1,1,111,核心价值用户
7348,3,2,304.20000000000005,0,1,1,011,重点保持用户
7351,4,2,294.09999999999997,0,1,1,011,重点保持用户
7353,5,1,55.5,0,0,0,000,流失用户
7354,5,1,173.6,0,0,0,000,流失用户
7356,4,5,486.09999999999997,0,1,1,011,重点保持用户
7358,3,1,175.2,0,0,0,000,流失用户
7359,3,1,16.200000000000003,0,0,0,000,流失用户
7360,1,4,444.49999999999994,1,1,1,111,核心价值用户
7362,2,8,1000.8000000000001,1,1,1,111,核心价值用户
7364,5,3,295.59999999999997,0,1,1,011,重点保持用户
7365,1,1,159.6,1,0,0,100,一般发展用户
7367,4,1,192.60000000000002,0,0,0,000,流失用户
7368,1,1,139.6,1,0,0,100,一般发展用户
7370,1,2,110.80000000000001,1,1,0,110,高潜力用户
7371,1,11,1124.8,1,1,1,111,核心价值用户
7372,5,1,22.200000000000003,0,0,0,000,流失用户
7373,1,1,33.0,1,0,0,100,一般发展用户
7375,4,1,191.6,0,0,0,000,流失用户
7376,3,2,189.2,0,1,0,010,一般保持用户
7377,1,2,187.2,1,1,0,110,高潜力用户
7378,3,3,140.0,0,1,0,010,一般保持用户
7381,3,1,49.0,0,0,0,000,流失用户
7383,5,3,488.7,0,1,1,011,重点保持用户
7384,4,3,148.6,0,1,0,010,一般保持用户
7385,2,2,162.2,1,1,0,110,高潜力用户
7388,1,3,276.7,1,1,1,111,核心价值用户
7389,4,2,172.2,0,1,0,010,一般保持用户
7390,2,2,408.4,1,1,1,111,核心价值用户
7391,4,1,61.8,0,0,0,000,流失用户
7392,5,1,233.39999999999998,0,0,1,001,高消费沉睡用户
7393,1,8,985.4,1,1,1,111,核心价值用户
7394,2,1,260.4,1,0,1,101,高消费流失预警用户
7397,5,1,9.899999999999999,0,0,0,000,流失用户
7398,2,2,353.2,1,1,1,111,核心价值用户
7399,5,1,81.9,0,0,0,000,流失用户
7403,3,3,388.09999999999997,0,1,1,011,重点保持用户
7404,2,1,103.80000000000001,1,0,0,100,一般发展用户
7405,6,1,39.0,0,0,0,000,流失用户
7407,4,2,74.1,0,1,0,010,一般保持用户
7408,2,2,254.4,1,1,1,111,核心价值用户
7410,2,1,250.8,1,0,1,101,高消费流失预警用户
7411,2,1,121.6,1,0,0,100,一般发展用户
7412,1,2,182.6,1,1,0,110,高潜力用户
7414,2,1,188.4,1,0,0,100,一般发展用户
7416,4,1,93.9,0,0,0,000,流失用户
7417,1,5,548.1999999999999,1,1,1,111,核心价值用户
7419,2,4,445.2,1,1,1,111,核心价值用户
7420,5,1,187.2,0,0,0,000,流失用户
7421,4,1,46.1,0,0,0,000,流失用户
7422,3,2,313.29999999999995,0,1,1,011,重点保持用户
7423,5,1,49.199999999999996,0,0,0,000,流失用户
7425,1,1,120.89999999999999,1,0,0,100,一般发展用户
7426,2,3,412.7,1,1,1,111,核心价值用户
7427,2,2,472.59999999999997,1,1,1,111,核心价值用户
7428,1,2,393.59999999999997,1,1,1,111,核心价值用户
7431,1,2,243.10000000000002,1,1,1,111,核心价值用户
7432,1,1,322.8,1,0,1,101,高消费流失预警用户
7433,5,1,45.6,0,0,0,000,流失用户
7440,4,1,47.1,0,0,0,000,流失用户
7441,3,2,222.0,0,1,1,011,重点保持用户
7442,1,4,605.3,1,1,1,111,核心价值用户
7445,6,2,241.0,0,1,1,011,重点保持用户
7447,4,1,245.70000000000002,0,0,1,001,高消费沉睡用户
7448,1,1,250.8,1,0,1,101,高消费流失预警用户
7449,1,6,671.7,1,1,1,111,核心价值用户
7451,4,1,63.2,0,0,0,000,流失用户
7454,1,3,606.6,1,1,1,111,核心价值用户
7455,3,1,50.6,0,0,0,000,流失用户
7456,2,1,33.3,1,0,0,100,一般发展用户
7458,1,3,299.1,1,1,1,111,核心价值用户
7459,5,1,302.8,0,0,1,001,高消费沉睡用户
7460,2,4,269.0,1,1,1,111,核心价值用户
7462,6,1,2.7,0,0,0,000,流失用户
7464,2,5,742.1,1,1,1,111,核心价值用户
7465,2,1,43.8,1,0,0,100,一般发展用户
7466,2,1,85.7,1,0,0,100,一般发展用户
7468,1,1,76.9,1,0,0,100,一般发展用户
7470,3,4,799.5999999999999,0,1,1,011,重点保持用户
7472,1,2,550.8000000000001,1,1,1,111,核心价值用户
7473,1,5,590.3,1,1,1,111,核心价值用户
7478,6,1,191.39999999999998,0,0,0,000,流失用户
7480,1,3,223.1,1,1,1,111,核心价值用户
7481,3,2,211.79999999999998,0,1,1,011,重点保持用户
7482,5,2,420.4,0,1,1,011,重点保持用户
7485,3,1,57.2,0,0,0,000,流失用户
7487,1,3,83.69999999999999,1,1,0,110,高潜力用户
7489,4,2,123.5,0,1,0,010,一般保持用户
7491,2,2,316.5,1,1,1,111,核心价值用户
7492,3,1,249.60000000000002,0,0,1,001,高消费沉睡用户
7493,2,2,24.0,1,1,0,110,高潜力用户
7497,1,4,291.5,1,1,1,111,核心价值用户
7509,1,5,796.7,1,1,1,111,核心价值用户
7510,1,1,381.6,1,0,1,101,高消费流失预警用户
7512,4,5,616.9,0,1,1,011,重点保持用户
7513,2,6,787.3,1,1,1,111,核心价值用户
7514,1,3,581.3,1,1,1,111,核心价值用户
7517,6,1,82.0,0,0,0,000,流失用户
7519,4,2,401.6,0,1,1,011,重点保持用户
7523,1,14,2013.8000000000002,1,1,1,111,核心价值用户
7528,1,4,338.1,1,1,1,111,核心价值用户
7529,1,1,279.2,1,0,1,101,高消费流失预警用户
7530,1,6,1137.7,1,1,1,111,核心价值用户
7531,1,2,154.09999999999997,1,1,0,110,高潜力用户
7532,5,1,4.1,0,0,0,000,流失用户
7533,3,2,120.4,0,1,0,010,一般保持用户
7536,1,2,350.29999999999995,1,1,1,111,核心价值用户
7539,5,2,89.4,0,1,0,010,一般保持用户
7541,1,4,293.2,1,1,1,111,核心价值用户
7542,4,1,85.6,0,0,0,000,流失用户
7544,5,2,111.0,0,1,0,010,一般保持用户
7545,1,5,749.5,1,1,1,111,核心价值用户
7546,5,1,270.6,0,0,1,001,高消费沉睡用户
7551,3,16,1812.3,0,1,1,011,重点保持用户
7552,6,1,245.6,0,0,1,001,高消费沉睡用户
7554,1,1,89.4,1,0,0,100,一般发展用户
7555,4,1,158.8,0,0,0,000,流失用户
7557,4,2,257.4,0,1,1,011,重点保持用户
7558,1,1,56.8,1,0,0,100,一般发展用户
7559,5,1,144.0,0,0,0,000,流失用户
7560,1,1,87.7,1,0,0,100,一般发展用户
7561,1,3,321.0,1,1,1,111,核心价值用户
7563,1,1,3.6,1,0,0,100,一般发展用户
7564,1,1,75.5,1,0,0,100,一般发展用户
7567,5,1,130.0,0,0,0,000,流失用户
7568,2,1,295.5,1,0,1,101,高消费流失预警用户
7571,2,6,1250.1,1,1,1,111,核心价值用户
7572,3,1,272.70000000000005,0,0,1,001,高消费沉睡用户
7573,1,2,379.5,1,1,1,111,核心价值用户
7575,1,2,278.5,1,1,1,111,核心价值用户
7577,1,2,287.7,1,1,1,111,核心价值用户
7580,3,2,267.6,0,1,1,011,重点保持用户
7583,1,1,79.2,1,0,0,100,一般发展用户
7584,1,5,541.7,1,1,1,111,核心价值用户
7585,1,2,609.3000000000001,1,1,1,111,核心价值用户
7586,2,1,206.8,1,0,0,100,一般发展用户
7587,2,1,132.0,1,0,0,100,一般发展用户
7590,4,2,269.0,0,1,1,011,重点保持用户
7591,1,4,538.3,1,1,1,111,核心价值用户
7592,5,3,221.7,0,1,1,011,重点保持用户
7594,2,1,52.5,1,0,0,100,一般发展用户
7598,2,2,372.79999999999995,1,1,1,111,核心价值用户
7599,6,1,6.4,0,0,0,000,流失用户
7600,1,2,349.0,1,1,1,111,核心价值用户
7603,2,2,351.59999999999997,1,1,1,111,核心价值用户
7605,5,3,205.4,0,1,0,010,一般保持用户
7608,3,1,195.29999999999998,0,0,0,000,流失用户
7609,1,6,1214.4,1,1,1,111,核心价值用户
7612,2,2,99.6,1,1,0,110,高潜力用户
7614,5,1,66.0,0,0,0,000,流失用户
7615,2,1,134.7,1,0,0,100,一般发展用户
7616,5,1,126.6,0,0,0,000,流失用户
7617,3,4,529.6,0,1,1,011,重点保持用户
7618,1,6,370.1,1,1,1,111,核心价值用户
7621,3,1,127.19999999999999,0,0,0,000,流失用户
7622,1,1,82.4,1,0,0,100,一般发展用户
7624,1,2,451.7,1,1,1,111,核心价值用户
7625,2,4,770.2,1,1,1,111,核心价值用户
7627,3,1,83.6,0,0,0,000,流失用户
7629,3,6,1274.1,0,1,1,011,重点保持用户
7631,1,2,187.7,1,1,0,110,高潜力用户
7632,1,3,515.2,1,1,1,111,核心价值用户
7633,3,23,3143.1,0,1,1,011,重点保持用户
7634,6,1,117.8,0,0,0,000,流失用户
7635,2,4,989.2,1,1,1,111,核心价值用户
7639,4,3,406.4,0,1,1,011,重点保持用户
7640,3,1,229.2,0,0,1,001,高消费沉睡用户
7642,2,1,178.2,1,0,0,100,一般发展用户
7643,1,3,644.2,1,1,1,111,核心价值用户
7645,2,2,623.5,1,1,1,111,核心价值用户
7646,4,1,0.8,0,0,0,000,流失用户
7648,5,1,234.4,0,0,1,001,高消费沉睡用户
7650,5,1,67.0,0,0,0,000,流失用户
7651,3,1,89.2,0,0,0,000,流失用户
7653,1,5,595.1,1,1,1,111,核心价值用户
7654,2,2,198.0,1,1,0,110,高潜力用户
7657,3,1,56.9,0,0,0,000,流失用户
7658,1,3,108.70000000000002,1,1,0,110,高潜力用户
7659,6,1,85.19999999999999,0,0,0,000,流失用户
7660,3,2,221.0,0,1,1,011,重点保持用户
7661,4,1,141.60000000000002,0,0,0,000,流失用户
7662,2,5,593.6,1,1,1,111,核心价值用户
7663,4,1,145.0,0,0,0,000,流失用户
7666,2,2,363.1,1,1,1,111,核心价值用户
7667,1,4,748.8000000000001,1,1,1,111,核心价值用户
7669,1,3,556.7,1,1,1,111,核心价值用户
7670,6,1,94.5,0,0,0,000,流失用户
7671,2,2,147.7,1,1,0,110,高潜力用户
7673,4,1,86.4,0,0,0,000,流失用户
7676,1,1,150.0,1,0,0,100,一般发展用户
7680,1,6,989.5,1,1,1,111,核心价值用户
7681,2,2,107.4,1,1,0,110,高潜力用户
7682,2,1,105.60000000000001,1,0,0,100,一般发展用户
7684,4,1,101.0,0,0,0,000,流失用户
7686,5,1,209.6,0,0,1,001,高消费沉睡用户
7687,6,1,40.5,0,0,0,000,流失用户
7688,2,1,81.30000000000001,1,0,0,100,一般发展用户
7689,1,2,415.8,1,1,1,111,核心价值用户
7692,1,1,47.4,1,0,0,100,一般发展用户
7693,1,1,42.1,1,0,0,100,一般发展用户
7696,3,2,28.599999999999998,0,1,0,010,一般保持用户
7697,1,3,94.1,1,1,0,110,高潜力用户
7698,3,2,226.60000000000002,0,1,1,011,重点保持用户
7699,2,2,92.39999999999999,1,1,0,110,高潜力用户
7702,5,2,210.3,0,1,1,011,重点保持用户
7703,3,1,31.6,0,0,0,000,流失用户
7704,1,1,18.6,1,0,0,100,一般发展用户
7705,5,1,41.1,0,0,0,000,流失用户
7709,1,5,551.2,1,1,1,111,核心价值用户
7710,2,3,540.4,1,1,1,111,核心价值用户
7711,1,2,383.2,1,1,1,111,核心价值用户
7713,1,1,57.7,1,0,0,100,一般发展用户
7714,2,3,160.9,1,1,0,110,高潜力用户
7715,1,3,183.60000000000002,1,1,0,110,高潜力用户
7718,3,1,148.8,0,0,0,000,流失用户
7723,5,1,267.6,0,0,1,001,高消费沉睡用户
7724,1,6,475.7,1,1,1,111,核心价值用户
7728,2,9,1037.0,1,1,1,111,核心价值用户
7730,4,3,200.9,0,1,0,010,一般保持用户
7731,2,2,328.6,1,1,1,111,核心价值用户
7733,1,3,362.8,1,1,1,111,核心价值用户
7734,2,1,134.7,1,0,0,100,一般发展用户
7735,2,5,951.0999999999999,1,1,1,111,核心价值用户
7736,5,1,148.2,0,0,0,000,流失用户
7737,3,2,193.5,0,1,0,010,一般保持用户
7740,1,5,359.8,1,1,1,111,核心价值用户
7743,1,1,79.1,1,0,0,100,一般发展用户
7744,2,2,93.2,1,1,0,110,高潜力用户
7745,1,3,348.40000000000003,1,1,1,111,核心价值用户
7749,4,1,135.4,0,0,0,000,流失用户
7750,1,2,264.6,1,1,1,111,核心价值用户
7753,2,1,44.2,1,0,0,100,一般发展用户
7755,6,2,253.39999999999998,0,1,1,011,重点保持用户
7763,1,3,323.4,1,1,1,111,核心价值用户
7767,2,5,558.1,1,1,1,111,核心价值用户
7769,1,1,30.6,1,0,0,100,一般发展用户
7771,5,2,311.9,0,1,1,011,重点保持用户
7772,3,3,225.7,0,1,1,011,重点保持用户
7775,4,3,431.50000000000006,0,1,1,011,重点保持用户
7777,2,1,78.5,1,0,0,100,一般发展用户
7780,2,1,60.6,1,0,0,100,一般发展用户
7783,3,4,320.5,0,1,1,011,重点保持用户
7784,3,5,386.3,0,1,1,011,重点保持用户
7788,2,3,504.40000000000003,1,1,1,111,核心价值用户
7789,2,1,67.6,1,0,0,100,一般发展用户
7790,4,2,223.3,0,1,1,011,重点保持用户
7792,1,1,198.0,1,0,0,100,一般发展用户
7795,6,1,96.30000000000001,0,0,0,000,流失用户
7796,4,1,85.1,0,0,0,000,流失用户
7797,1,2,317.4,1,1,1,111,核心价值用户
7802,1,1,98.4,1,0,0,100,一般发展用户
7804,2,1,85.0,1,0,0,100,一般发展用户
7806,1,1,277.2,1,0,1,101,高消费流失预警用户
7807,4,2,271.2,0,1,1,011,重点保持用户
7808,4,2,190.7,0,1,0,010,一般保持用户
7810,2,2,195.0,1,1,0,110,高潜力用户
7811,2,2,532.0,1,1,1,111,核心价值用户
7812,1,1,370.8,1,0,1,101,高消费流失预警用户
7813,2,1,242.70000000000002,1,0,1,101,高消费流失预警用户
7814,5,3,582.0999999999999,0,1,1,011,重点保持用户
7815,4,4,238.5,0,1,1,011,重点保持用户
7816,3,2,226.60000000000002,0,1,1,011,重点保持用户
7818,6,1,280.20000000000005,0,0,1,001,高消费沉睡用户
7819,2,1,21.0,1,0,0,100,一般发展用户
7825,3,1,220.0,0,0,1,001,高消费沉睡用户
7826,1,3,197.8,1,1,0,110,高潜力用户
7828,5,1,10.0,0,0,0,000,流失用户
7829,1,6,466.59999999999997,1,1,1,111,核心价值用户
7830,2,4,255.7,1,1,1,111,核心价值用户
7831,3,2,233.39999999999998,0,1,1,011,重点保持用户
7833,6,2,335.6,0,1,1,011,重点保持用户
7834,1,5,864.3,1,1,1,111,核心价值用户
7835,5,1,33.5,0,0,0,000,流失用户
7840,2,1,70.19999999999999,1,0,0,100,一般发展用户
7844,1,1,91.8,1,0,0,100,一般发展用户
7846,1,3,625.3,1,1,1,111,核心价值用户
7851,5,1,286.20000000000005,0,0,1,001,高消费沉睡用户
7853,2,1,28.8,1,0,0,100,一般发展用户
7855,4,1,168.60000000000002,0,0,0,000,流失用户
7857,1,1,47.1,1,0,0,100,一般发展用户
7858,1,4,450.80000000000007,1,1,1,111,核心价值用户
7861,1,4,180.3,1,1,0,110,高潜力用户
7862,2,2,141.0,1,1,0,110,高潜力用户
7863,6,1,34.0,0,0,0,000,流失用户
7865,3,1,206.4,0,0,0,000,流失用户
7866,3,1,59.0,0,0,0,000,流失用户
7867,2,3,656.0,1,1,1,111,核心价值用户
7868,5,1,139.2,0,0,0,000,流失用户
7869,1,8,953.0,1,1,1,111,核心价值用户
7870,2,1,108.4,1,0,0,100,一般发展用户
7871,4,2,199.2,0,1,0,010,一般保持用户
7872,1,1,302.4,1,0,1,101,高消费流失预警用户
7873,2,2,328.7,1,1,1,111,核心价值用户
7874,1,2,4.0,1,1,0,110,高潜力用户
7875,1,3,740.4,1,1,1,111,核心价值用户
7876,3,1,160.4,0,0,0,000,流失用户
7877,1,2,451.20000000000005,1,1,1,111,核心价值用户
7879,1,1,291.6,1,0,1,101,高消费流失预警用户
7882,1,2,222.2,1,1,1,111,核心价值用户
7883,2,2,286.29999999999995,1,1,1,111,核心价值用户
7884,3,4,348.0,0,1,1,011,重点保持用户
7890,1,2,294.9,1,1,1,111,核心价值用户
7892,1,2,175.10000000000002,1,1,0,110,高潜力用户
7895,3,1,0.7,0,0,0,000,流失用户
7896,5,1,104.4,0,0,0,000,流失用户
7898,3,1,308.4,0,0,1,001,高消费沉睡用户
7900,6,2,519.0,0,1,1,011,重点保持用户
7902,1,4,429.5,1,1,1,111,核心价值用户
7903,3,1,196.8,0,0,0,000,流失用户
7904,2,1,21.299999999999997,1,0,0,100,一般发展用户
7905,3,4,597.4,0,1,1,011,重点保持用户
7907,3,1,381.2,0,0,1,001,高消费沉睡用户
7908,4,1,50.8,0,0,0,000,流失用户
7910,1,4,410.29999999999995,1,1,1,111,核心价值用户
7911,6,1,60.9,0,0,0,000,流失用户
7914,3,6,1017.3,0,1,1,011,重点保持用户
7916,4,2,610.4,0,1,1,011,重点保持用户
7917,3,1,197.10000000000002,0,0,0,000,流失用户
7921,6,2,255.8,0,1,1,011,重点保持用户
7922,5,1,109.0,0,0,0,000,流失用户
7923,2,1,24.8,1,0,0,100,一般发展用户
7927,2,2,119.10000000000001,1,1,0,110,高潜力用户
7930,5,1,90.6,0,0,0,000,流失用户
7932,6,1,44.6,0,0,0,000,流失用户
7933,2,2,41.4,1,1,0,110,高潜力用户
7934,2,3,294.5,1,1,1,111,核心价值用户
7936,2,2,122.0,1,1,0,110,高潜力用户
7937,4,2,155.5,0,1,0,010,一般保持用户
7938,1,2,117.9,1,1,0,110,高潜力用户
7939,5,1,11.2,0,0,0,000,流失用户
7940,5,1,183.60000000000002,0,0,0,000,流失用户
7945,3,2,90.6,0,1,0,010,一般保持用户
7946,2,1,156.0,1,0,0,100,一般发展用户
7948,2,5,425.1,1,1,1,111,核心价值用户
7950,5,1,356.8,0,0,1,001,高消费沉睡用户
7952,1,3,609.0,1,1,1,111,核心价值用户
7953,5,1,70.9,0,0,0,000,流失用户
7955,1,4,292.2,1,1,1,111,核心价值用户
7956,4,1,61.0,0,0,0,000,流失用户
7957,1,8,1005.4,1,1,1,111,核心价值用户
7959,1,1,165.8,1,0,0,100,一般发展用户
7960,2,2,271.0,1,1,1,111,核心价值用户
7961,4,1,291.2,0,0,1,001,高消费沉睡用户
7962,3,1,7.2,0,0,0,000,流失用户
7963,2,1,157.0,1,0,0,100,一般发展用户
7964,1,2,144.49999999999997,1,1,0,110,高潜力用户
7966,1,2,309.8,1,1,1,111,核心价值用户
7969,1,1,28.0,1,0,0,100,一般发展用户
7972,1,3,293.9,1,1,1,111,核心价值用户
7973,3,2,166.2,0,1,0,010,一般保持用户
7975,1,6,1020.5,1,1,1,111,核心价值用户
7978,1,1,20.6,1,0,0,100,一般发展用户
7979,5,2,176.39999999999998,0,1,0,010,一般保持用户
7980,2,5,741.0999999999999,1,1,1,111,核心价值用户
7981,1,1,63.8,1,0,0,100,一般发展用户
7982,1,2,263.29999999999995,1,1,1,111,核心价值用户
7983,2,5,1262.6,1,1,1,111,核心价值用户
7987,2,1,262.4,1,0,1,101,高消费流失预警用户
7988,5,2,143.8,0,1,0,010,一般保持用户
7990,1,2,421.5,1,1,1,111,核心价值用户
7991,1,1,158.4,1,0,0,100,一般发展用户
7993,5,1,77.6,0,0,0,000,流失用户
7994,5,1,41.2,0,0,0,000,流失用户
7995,2,2,413.2,1,1,1,111,核心价值用户
7996,1,3,315.99999999999994,1,1,1,111,核心价值用户
7998,2,4,470.2,1,1,1,111,核心价值用户
7999,3,1,54.8,0,0,0,000,流失用户
8000,2,2,314.4,1,1,1,111,核心价值用户
8001,2,4,185.0,1,1,0,110,高潜力用户
8002,2,1,2.6,1,0,0,100,一般发展用户
8006,1,2,151.09999999999997,1,1,0,110,高潜力用户
8007,1,15,1812.3999999999999,1,1,1,111,核心价值用户
8008,3,2,322.9,0,1,1,011,重点保持用户
8009,3,1,19.4,0,0,0,000,流失用户
8012,1,2,200.5,1,1,0,110,高潜力用户
8016,1,2,48.5,1,1,0,110,高潜力用户
8017,6,1,179.39999999999998,0,0,0,000,流失用户
8018,2,1,307.2,1,0,1,101,高消费流失预警用户
8019,5,1,137.0,0,0,0,000,流失用户
8022,1,1,317.6,1,0,1,101,高消费流失预警用户
8023,3,3,723.0,0,1,1,011,重点保持用户
8025,1,4,242.0,1,1,1,111,核心价值用户
8029,3,3,213.9,0,1,1,011,重点保持用户
8030,2,1,241.6,1,0,1,101,高消费流失预警用户
8031,1,4,419.20000000000005,1,1,1,111,核心价值用户
8032,2,1,50.0,1,0,0,100,一般发展用户
8035,1,2,60.8,1,1,0,110,高潜力用户
8038,1,5,606.2,1,1,1,111,核心价值用户
8039,2,1,71.2,1,0,0,100,一般发展用户
8041,2,1,94.8,1,0,0,100,一般发展用户
8042,4,1,63.9,0,0,0,000,流失用户
8043,2,2,132.0,1,1,0,110,高潜力用户
8044,4,2,626.0,0,1,1,011,重点保持用户
8046,2,2,353.09999999999997,1,1,1,111,核心价值用户
8048,2,1,58.7,1,0,0,100,一般发展用户
8049,4,2,131.4,0,1,0,010,一般保持用户
8051,3,1,126.4,0,0,0,000,流失用户
8052,5,1,4.9,0,0,0,000,流失用户
8053,1,2,333.90000000000003,1,1,1,111,核心价值用户
8054,1,6,1090.2,1,1,1,111,核心价值用户
8056,3,5,717.5,0,1,1,011,重点保持用户
8057,1,4,157.8,1,1,0,110,高潜力用户
8059,4,1,32.6,0,0,0,000,流失用户
8061,6,1,50.6,0,0,0,000,流失用户
8063,2,2,269.5,1,1,1,111,核心价值用户
8064,5,1,61.3,0,0,0,000,流失用户
8067,2,5,660.1,1,1,1,111,核心价值用户
8069,5,2,83.1,0,1,0,010,一般保持用户
8071,1,4,855.2,1,1,1,111,核心价值用户
8073,2,2,210.4,1,1,1,111,核心价值用户
8075,6,1,20.0,0,0,0,000,流失用户
8076,1,1,43.8,1,0,0,100,一般发展用户
8077,1,1,7.6,1,0,0,100,一般发展用户
8079,2,2,515.1,1,1,1,111,核心价值用户
8080,2,1,200.70000000000002,1,0,0,100,一般发展用户
8082,3,1,143.6,0,0,0,000,流失用户
8086,4,2,96.0,0,1,0,010,一般保持用户
8087,1,1,151.8,1,0,0,100,一般发展用户
8088,5,3,533.4,0,1,1,011,重点保持用户
8090,1,1,49.5,1,0,0,100,一般发展用户
8091,4,2,156.3,0,1,0,010,一般保持用户
8098,3,3,116.80000000000001,0,1,0,010,一般保持用户
8100,6,1,7.199999999999999,0,0,0,000,流失用户
8101,1,2,182.39999999999998,1,1,0,110,高潜力用户
8102,1,2,467.7,1,1,1,111,核心价值用户
8103,3,4,197.2,0,1,0,010,一般保持用户
8105,4,1,351.2,0,0,1,001,高消费沉睡用户
8106,3,3,583.0,0,1,1,011,重点保持用户
8107,1,1,129.89999999999998,1,0,0,100,一般发展用户
8112,2,5,900.5999999999999,1,1,1,111,核心价值用户
8113,5,1,318.4,0,0,1,001,高消费沉睡用户
8114,5,1,17.4,0,0,0,000,流失用户
8116,5,1,29.4,0,0,0,000,流失用户
8117,1,1,249.6,1,0,1,101,高消费流失预警用户
8118,2,1,180.0,1,0,0,100,一般发展用户
8119,2,1,18.6,1,0,0,100,一般发展用户
8120,3,2,392.0,0,1,1,011,重点保持用户
8123,2,1,28.6,1,0,0,100,一般发展用户
8125,2,2,371.70000000000005,1,1,1,111,核心价值用户
8127,2,1,83.1,1,0,0,100,一般发展用户
8130,1,6,977.4,1,1,1,111,核心价值用户
8131,1,3,290.40000000000003,1,1,1,111,核心价值用户
8132,3,1,178.5,0,0,0,000,流失用户
8133,1,1,143.6,1,0,0,100,一般发展用户
8136,3,1,51.0,0,0,0,000,流失用户
8140,6,1,72.4,0,0,0,000,流失用户
8141,1,1,37.2,1,0,0,100,一般发展用户
8142,2,5,1065.2,1,1,1,111,核心价值用户
8143,2,1,141.6,1,0,0,100,一般发展用户
8145,3,3,448.2,0,1,1,011,重点保持用户
8147,3,1,57.599999999999994,0,0,0,000,流失用户
8148,1,1,173.0,1,0,0,100,一般发展用户
8149,6,1,155.2,0,0,0,000,流失用户
8150,1,3,56.5,1,1,0,110,高潜力用户
8151,1,2,368.40000000000003,1,1,1,111,核心价值用户
8152,3,3,341.0,0,1,1,011,重点保持用户
8153,4,10,1111.6,0,1,1,011,重点保持用户
8154,1,2,302.70000000000005,1,1,1,111,核心价值用户
8155,1,1,51.5,1,0,0,100,一般发展用户
8158,2,3,162.0,1,1,0,110,高潜力用户
8159,1,2,364.0,1,1,1,111,核心价值用户
8161,2,1,86.2,1,0,0,100,一般发展用户
8162,6,1,90.4,0,0,0,000,流失用户
8163,1,6,841.8000000000001,1,1,1,111,核心价值用户
8165,1,1,40.2,1,0,0,100,一般发展用户
8167,4,2,125.89999999999999,0,1,0,010,一般保持用户
8169,4,2,416.7,0,1,1,011,重点保持用户
8171,5,1,303.2,0,0,1,001,高消费沉睡用户
8175,5,1,20.4,0,0,0,000,流失用户
8177,2,1,157.0,1,0,0,100,一般发展用户
8179,1,11,649.9,1,1,1,111,核心价值用户
8180,1,3,280.2,1,1,1,111,核心价值用户
8181,4,2,228.40000000000003,0,1,1,011,重点保持用户
8182,1,3,451.1,1,1,1,111,核心价值用户
8183,2,1,375.6,1,0,1,101,高消费流失预警用户
8184,4,1,67.7,0,0,0,000,流失用户
8186,3,2,450.0,0,1,1,011,重点保持用户
8191,2,1,49.6,1,0,0,100,一般发展用户
8193,2,5,851.9,1,1,1,111,核心价值用户
8194,5,1,49.8,0,0,0,000,流失用户
8195,2,3,352.5,1,1,1,111,核心价值用户
8196,3,6,631.9,0,1,1,011,重点保持用户
8197,1,2,229.5,1,1,1,111,核心价值用户
8198,6,2,37.8,0,1,0,010,一般保持用户
8199,1,1,97.4,1,0,0,100,一般发展用户
8200,1,1,90.30000000000001,1,0,0,100,一般发展用户
8202,1,2,295.5,1,1,1,111,核心价值用户
8203,1,3,333.4,1,1,1,111,核心价值用户
8204,2,3,289.3,1,1,1,111,核心价值用户
8206,4,1,18.6,0,0,0,000,流失用户
8207,3,2,499.09999999999997,0,1,1,011,重点保持用户
8208,1,2,88.0,1,1,0,110,高潜力用户
8209,1,2,40.9,1,1,0,110,高潜力用户
8210,1,1,301.2,1,0,1,101,高消费流失预警用户
8211,1,13,2371.4,1,1,1,111,核心价值用户
8212,2,10,1019.3,1,1,1,111,核心价值用户
8213,2,3,552.9,1,1,1,111,核心价值用户
8214,4,3,206.09999999999997,0,1,0,010,一般保持用户
8217,2,1,44.2,1,0,0,100,一般发展用户
8218,6,1,67.5,0,0,0,000,流失用户
8219,2,6,617.5,1,1,1,111,核心价值用户
8220,2,3,145.2,1,1,0,110,高潜力用户
8221,1,2,130.20000000000002,1,1,0,110,高潜力用户
8225,2,1,192.0,1,0,0,100,一般发展用户
8230,3,1,160.5,0,0,0,000,流失用户
8231,4,5,589.4,0,1,1,011,重点保持用户
8232,6,1,83.4,0,0,0,000,流失用户
8233,2,2,55.5,1,1,0,110,高潜力用户
8235,2,1,60.7,1,0,0,100,一般发展用户
8238,3,3,717.2,0,1,1,011,重点保持用户
8239,3,1,59.8,0,0,0,000,流失用户
8241,5,1,142.2,0,0,0,000,流失用户
8242,1,1,135.89999999999998,1,0,0,100,一般发展用户
8243,2,5,1033.6999999999998,1,1,1,111,核心价值用户
8246,4,1,137.7,0,0,0,000,流失用户
8247,4,5,236.5,0,1,1,011,重点保持用户
8249,1,3,384.19999999999993,1,1,1,111,核心价值用户
8250,5,1,167.2,0,0,0,000,流失用户
8253,5,3,487.29999999999995,0,1,1,011,重点保持用户
8254,5,1,30.2,0,0,0,000,流失用户
8259,1,3,356.5,1,1,1,111,核心价值用户
8260,1,7,901.1,1,1,1,111,核心价值用户
8268,5,2,220.1,0,1,1,011,重点保持用户
8271,2,1,234.29999999999998,1,0,1,101,高消费流失预警用户
8273,3,1,23.2,0,0,0,000,流失用户
8274,1,3,194.89999999999998,1,1,0,110,高潜力用户
8275,3,3,417.0,0,1,1,011,重点保持用户
8276,6,1,64.0,0,0,0,000,流失用户
8277,1,1,215.6,1,0,1,101,高消费流失预警用户
8278,3,1,34.2,0,0,0,000,流失用户
8279,3,1,156.0,0,0,0,000,流失用户
8281,1,1,297.0,1,0,1,101,高消费流失预警用户
8282,1,2,461.9,1,1,1,111,核心价值用户
8284,4,2,232.8,0,1,1,011,重点保持用户
8285,1,2,177.7,1,1,0,110,高潜力用户
8286,3,3,314.3,0,1,1,011,重点保持用户
8287,2,1,52.7,1,0,0,100,一般发展用户
8288,5,1,121.2,0,0,0,000,流失用户
8289,6,1,48.4,0,0,0,000,流失用户
8291,2,3,134.8,1,1,0,110,高潜力用户
8292,5,1,322.4,0,0,1,001,高消费沉睡用户
8293,1,4,383.00000000000006,1,1,1,111,核心价值用户
8294,2,2,280.9,1,1,1,111,核心价值用户
8297,2,2,320.0,1,1,1,111,核心价值用户
8299,6,1,52.2,0,0,0,000,流失用户
8301,2,1,47.0,1,0,0,100,一般发展用户
8302,3,1,20.8,0,0,0,000,流失用户
8303,1,2,266.6,1,1,1,111,核心价值用户
8304,6,4,95.6,0,1,0,010,一般保持用户
8306,1,2,380.0,1,1,1,111,核心价值用户
8309,5,1,133.8,0,0,0,000,流失用户
8310,2,2,91.0,1,1,0,110,高潜力用户
8311,3,1,221.2,0,0,1,001,高消费沉睡用户
8312,1,1,4.6,1,0,0,100,一般发展用户
8315,6,1,196.2,0,0,0,000,流失用户
8316,1,2,162.8,1,1,0,110,高潜力用户
8318,2,6,522.7,1,1,1,111,核心价值用户
8319,6,2,111.60000000000001,0,1,0,010,一般保持用户
8320,2,1,72.9,1,0,0,100,一般发展用户
8321,1,2,113.2,1,1,0,110,高潜力用户
8322,5,3,158.1,0,1,0,010,一般保持用户
8323,2,1,191.10000000000002,1,0,0,100,一般发展用户
8325,4,1,31.1,0,0,0,000,流失用户
8327,1,1,96.0,1,0,0,100,一般发展用户
8328,2,1,167.6,1,0,0,100,一般发展用户
8330,1,7,377.7,1,1,1,111,核心价值用户
8331,1,4,664.8,1,1,1,111,核心价值用户
8332,3,3,180.3,0,1,0,010,一般保持用户
8334,4,7,705.5,0,1,1,011,重点保持用户
8336,1,1,94.6,1,0,0,100,一般发展用户
8337,1,6,627.4000000000001,1,1,1,111,核心价值用户
8338,3,2,558.2,0,1,1,011,重点保持用户
8339,1,1,289.6,1,0,1,101,高消费流失预警用户
8342,2,1,35.8,1,0,0,100,一般发展用户
8344,4,1,175.8,0,0,0,000,流失用户
8346,4,4,484.0,0,1,1,011,重点保持用户
8348,3,1,119.8,0,0,0,000,流失用户
8352,2,1,133.6,1,0,0,100,一般发展用户
8355,5,2,400.2,0,1,1,011,重点保持用户
8356,2,9,1228.6000000000001,1,1,1,111,核心价值用户
8358,4,2,242.7,0,1,1,011,重点保持用户
8359,2,2,26.799999999999997,1,1,0,110,高潜力用户
8361,4,1,49.0,0,0,0,000,流失用户
8362,1,1,37.5,1,0,0,100,一般发展用户
8363,6,1,8.4,0,0,0,000,流失用户
8364,1,2,213.10000000000002,1,1,1,111,核心价值用户
8365,6,2,323.70000000000005,0,1,1,011,重点保持用户
8366,1,2,377.7,1,1,1,111,核心价值用户
8367,5,2,360.59999999999997,0,1,1,011,重点保持用户
8369,6,1,123.0,0,0,0,000,流失用户
8370,1,1,195.0,1,0,0,100,一般发展用户
8373,2,2,116.4,1,1,0,110,高潜力用户
8375,4,1,290.0,0,0,1,001,高消费沉睡用户
8377,4,1,280.5,0,0,1,001,高消费沉睡用户
8378,6,2,653.8,0,1,1,011,重点保持用户
8379,2,1,277.20000000000005,1,0,1,101,高消费流失预警用户
8380,3,1,140.10000000000002,0,0,0,000,流失用户
8381,1,5,1079.0,1,1,1,111,核心价值用户
8382,5,3,638.4,0,1,1,011,重点保持用户
8383,1,1,78.5,1,0,0,100,一般发展用户
8384,1,2,331.59999999999997,1,1,1,111,核心价值用户
8385,1,1,35.6,1,0,0,100,一般发展用户
8386,3,1,143.6,0,0,0,000,流失用户
8387,2,1,15.6,1,0,0,100,一般发展用户
8389,1,1,70.6,1,0,0,100,一般发展用户
8390,1,2,242.3,1,1,1,111,核心价值用户
8391,1,4,882.6999999999999,1,1,1,111,核心价值用户
8393,2,2,178.5,1,1,0,110,高潜力用户
8395,3,5,647.1999999999999,0,1,1,011,重点保持用户
8396,1,14,2413.7,1,1,1,111,核心价值用户
8397,3,1,88.9,0,0,0,000,流失用户
8401,1,3,223.89999999999998,1,1,1,111,核心价值用户
8402,2,1,186.6,1,0,0,100,一般发展用户
8404,2,3,101.4,1,1,0,110,高潜力用户
8405,2,1,179.7,1,0,0,100,一般发展用户
8406,6,1,18.6,0,0,0,000,流失用户
8412,6,1,28.8,0,0,0,000,流失用户
8414,2,1,213.0,1,0,1,101,高消费流失预警用户
8415,1,1,28.3,1,0,0,100,一般发展用户
8416,2,1,188.39999999999998,1,0,0,100,一般发展用户
8417,3,2,245.2,0,1,1,011,重点保持用户
8418,3,2,68.19999999999999,0,1,0,010,一般保持用户
8419,1,5,660.4,1,1,1,111,核心价值用户
8420,6,2,316.0,0,1,1,011,重点保持用户
8423,4,1,206.70000000000002,0,0,0,000,流失用户
8424,3,2,80.7,0,1,0,010,一般保持用户
8426,1,3,261.7,1,1,1,111,核心价值用户
8427,3,2,424.5,0,1,1,011,重点保持用户
8428,1,5,602.0,1,1,1,111,核心价值用户
8429,3,1,145.8,0,0,0,000,流失用户
8431,6,1,93.6,0,0,0,000,流失用户
8432,5,3,60.800000000000004,0,1,0,010,一般保持用户
8433,5,1,83.6,0,0,0,000,流失用户
8435,2,1,42.2,1,0,0,100,一般发展用户
8436,1,2,309.2,1,1,1,111,核心价值用户
8437,5,1,123.2,0,0,0,000,流失用户
8439,4,1,55.6,0,0,0,000,流失用户
8440,1,7,626.6,1,1,1,111,核心价值用户
8442,6,1,110.2,0,0,0,000,流失用户
8443,5,1,40.8,0,0,0,000,流失用户
8444,4,2,462.0,0,1,1,011,重点保持用户
8445,4,2,68.2,0,1,0,010,一般保持用户
8446,2,2,146.2,1,1,0,110,高潜力用户
8447,3,3,350.5,0,1,1,011,重点保持用户
8448,1,2,143.2,1,1,0,110,高潜力用户
8453,4,1,284.70000000000005,0,0,1,001,高消费沉睡用户
8456,3,1,156.8,0,0,0,000,流失用户
8458,1,1,273.6,1,0,1,101,高消费流失预警用户
8459,4,2,125.3,0,1,0,010,一般保持用户
8461,5,1,97.6,0,0,0,000,流失用户
8463,1,3,499.3,1,1,1,111,核心价值用户
8464,2,2,149.6,1,1,0,110,高潜力用户
8466,2,4,507.5,1,1,1,111,核心价值用户
8467,2,3,616.6,1,1,1,111,核心价值用户
8470,3,1,64.80000000000001,0,0,0,000,流失用户
8471,1,2,260.0,1,1,1,111,核心价值用户
8472,1,3,499.4,1,1,1,111,核心价值用户
8473,2,1,217.79999999999998,1,0,1,101,高消费流失预警用户
8477,4,1,287.1,0,0,1,001,高消费沉睡用户
8484,5,4,591.6,0,1,1,011,重点保持用户
8485,1,3,216.5,1,1,1,111,核心价值用户
8486,2,1,161.8,1,0,0,100,一般发展用户
8487,6,1,196.4,0,0,0,000,流失用户
8488,5,1,52.4,0,0,0,000,流失用户
8489,2,2,355.40000000000003,1,1,1,111,核心价值用户
8490,5,2,126.0,0,1,0,010,一般保持用户
8492,5,3,348.4,0,1,1,011,重点保持用户
8494,2,2,232.40000000000003,1,1,1,111,核心价值用户
8497,1,1,141.4,1,0,0,100,一般发展用户
8498,3,1,163.6,0,0,0,000,流失用户
8499,2,1,342.8,1,0,1,101,高消费流失预警用户
8501,1,2,163.00000000000003,1,1,0,110,高潜力用户
8503,1,1,64.2,1,0,0,100,一般发展用户
8504,3,2,386.40000000000003,0,1,1,011,重点保持用户
8506,4,1,82.8,0,0,0,000,流失用户
8507,6,1,22.4,0,0,0,000,流失用户
8511,5,1,145.5,0,0,0,000,流失用户
8512,6,1,60.8,0,0,0,000,流失用户
8513,1,4,158.3,1,1,0,110,高潜力用户
8514,4,3,153.0,0,1,0,010,一般保持用户
8515,1,20,3097.8,1,1,1,111,核心价值用户
8517,2,1,21.7,1,0,0,100,一般发展用户
8518,1,2,400.2,1,1,1,111,核心价值用户
8519,5,1,19.1,0,0,0,000,流失用户
8521,2,2,540.0,1,1,1,111,核心价值用户
8523,1,1,83.6,1,0,0,100,一般发展用户
8524,2,3,85.5,1,1,0,110,高潜力用户
8531,2,1,167.6,1,0,0,100,一般发展用户
8532,2,3,419.6,1,1,1,111,核心价值用户
8534,1,2,153.4,1,1,0,110,高潜力用户
8535,5,2,317.7,0,1,1,011,重点保持用户
8536,2,1,84.0,1,0,0,100,一般发展用户
8538,3,1,72.0,0,0,0,000,流失用户
8541,1,2,301.2,1,1,1,111,核心价值用户
8542,4,2,262.8,0,1,1,011,重点保持用户
8543,1,4,253.89999999999998,1,1,1,111,核心价值用户
8544,4,1,111.0,0,0,0,000,流失用户
8545,2,2,352.4,1,1,1,111,核心价值用户
8549,1,5,594.0,1,1,1,111,核心价值用户
8551,1,3,138.9,1,1,0,110,高潜力用户
8552,3,1,35.8,0,0,0,000,流失用户
8555,4,1,52.4,0,0,0,000,流失用户
8556,6,1,86.0,0,0,0,000,流失用户
8557,4,2,181.7,0,1,0,010,一般保持用户
8558,1,1,95.1,1,0,0,100,一般发展用户
8559,1,3,526.9,1,1,1,111,核心价值用户
8560,2,1,2.5,1,0,0,100,一般发展用户
8563,2,3,418.1,1,1,1,111,核心价值用户
8564,4,1,35.8,0,0,0,000,流失用户
8565,1,4,391.5,1,1,1,111,核心价值用户
8569,2,2,289.40000000000003,1,1,1,111,核心价值用户
8573,6,1,177.3,0,0,0,000,流失用户
8574,2,1,253.5,1,0,1,101,高消费流失预警用户
8577,3,1,166.0,0,0,0,000,流失用户
8578,1,1,98.8,1,0,0,100,一般发展用户
8579,5,1,17.4,0,0,0,000,流失用户
8581,2,1,149.2,1,0,0,100,一般发展用户
8582,1,1,68.8,1,0,0,100,一般发展用户
8583,4,1,97.1,0,0,0,000,流失用户
8584,2,6,679.5,1,1,1,111,核心价值用户
8585,4,2,99.30000000000001,0,1,0,010,一般保持用户
8588,2,1,93.1,1,0,0,100,一般发展用户
8590,2,2,370.20000000000005,1,1,1,111,核心价值用户
8591,5,2,250.2,0,1,1,011,重点保持用户
8592,2,3,160.89999999999998,1,1,0,110,高潜力用户
8593,3,1,194.6,0,0,0,000,流失用户
8596,2,1,128.10000000000002,1,0,0,100,一般发展用户
8599,1,4,741.9,1,1,1,111,核心价值用户
8600,2,1,1.2000000000000002,1,0,0,100,一般发展用户
8602,5,1,25.0,0,0,0,000,流失用户
8604,4,1,12.3,0,0,0,000,流失用户
8606,1,3,427.20000000000005,1,1,1,111,核心价值用户
8609,2,1,84.2,1,0,0,100,一般发展用户
8612,2,1,20.1,1,0,0,100,一般发展用户
8613,5,2,30.4,0,1,0,010,一般保持用户
8615,1,4,467.70000000000005,1,1,1,111,核心价值用户
8616,4,1,235.79999999999998,0,0,1,001,高消费沉睡用户
8618,1,3,262.4,1,1,1,111,核心价值用户
8619,3,3,351.9,0,1,1,011,重点保持用户
8620,5,1,97.2,0,0,0,000,流失用户
8621,1,1,230.8,1,0,1,101,高消费流失预警用户
8622,1,3,385.59999999999997,1,1,1,111,核心价值用户
8623,1,2,282.6,1,1,1,111,核心价值用户
8625,1,2,597.0999999999999,1,1,1,111,核心价值用户
8626,6,1,66.4,0,0,0,000,流失用户
8629,1,1,78.2,1,0,0,100,一般发展用户
8630,2,9,447.6,1,1,1,111,核心价值用户
8633,2,2,88.6,1,1,0,110,高潜力用户
8634,2,2,266.5,1,1,1,111,核心价值用户
8636,2,1,37.0,1,0,0,100,一般发展用户
8638,1,1,29.8,1,0,0,100,一般发展用户
8639,2,3,330.3,1,1,1,111,核心价值用户
8640,4,1,84.9,0,0,0,000,流失用户
8642,1,3,307.5,1,1,1,111,核心价值用户
8643,2,2,559.4,1,1,1,111,核心价值用户
8644,6,1,314.4,0,0,1,001,高消费沉睡用户
8645,5,1,161.8,0,0,0,000,流失用户
8647,2,2,61.1,1,1,0,110,高潜力用户
8648,1,12,1559.3,1,1,1,111,核心价值用户
8653,3,1,146.7,0,0,0,000,流失用户
8654,4,3,347.2,0,1,1,011,重点保持用户
8656,3,5,360.20000000000005,0,1,1,011,重点保持用户
8657,1,2,148.2,1,1,0,110,高潜力用户
8658,2,2,101.0,1,1,0,110,高潜力用户
8659,2,3,590.1,1,1,1,111,核心价值用户
8661,5,1,181.8,0,0,0,000,流失用户
8662,2,3,840.2,1,1,1,111,核心价值用户
8664,1,3,249.6,1,1,1,111,核心价值用户
8667,3,1,12.4,0,0,0,000,流失用户
8672,2,5,641.9000000000001,1,1,1,111,核心价值用户
8675,1,6,934.7,1,1,1,111,核心价值用户
8676,1,6,884.8000000000001,1,1,1,111,核心价值用户
8678,1,6,638.5999999999999,1,1,1,111,核心价值用户
8679,6,1,33.900000000000006,0,0,0,000,流失用户
8684,5,1,180.89999999999998,0,0,0,000,流失用户
8686,5,1,179.39999999999998,0,0,0,000,流失用户
8688,5,1,191.39999999999998,0,0,0,000,流失用户
8689,3,3,188.60000000000002,0,1,0,010,一般保持用户
8690,4,2,171.0,0,1,0,010,一般保持用户
8693,1,1,260.4,1,0,1,101,高消费流失预警用户
8694,1,2,234.7,1,1,1,111,核心价值用户
8695,2,2,247.3,1,1,1,111,核心价值用户
8696,5,1,75.3,0,0,0,000,流失用户
8697,5,3,383.6,0,1,1,011,重点保持用户
8700,6,1,383.2,0,0,1,001,高消费沉睡用户
8705,2,2,483.9,1,1,1,111,核心价值用户
8706,1,3,321.3,1,1,1,111,核心价值用户
8709,2,4,392.9,1,1,1,111,核心价值用户
8711,1,4,465.2,1,1,1,111,核心价值用户
8712,2,2,264.6,1,1,1,111,核心价值用户
8715,5,1,66.8,0,0,0,000,流失用户
8716,1,1,15.8,1,0,0,100,一般发展用户
8718,5,2,305.9,0,1,1,011,重点保持用户
8719,1,3,242.9,1,1,1,111,核心价值用户
8720,2,4,461.7,1,1,1,111,核心价值用户
8721,1,2,127.3,1,1,0,110,高潜力用户
8724,2,5,231.7,1,1,1,111,核心价值用户
8726,2,3,147.7,1,1,0,110,高潜力用户
8728,1,1,154.6,1,0,0,100,一般发展用户
8734,2,3,561.6,1,1,1,111,核心价值用户
8735,1,2,254.0,1,1,1,111,核心价值用户
8740,1,4,45.400000000000006,1,1,0,110,高潜力用户
8745,2,1,256.5,1,0,1,101,高消费流失预警用户
8746,2,1,169.8,1,0,0,100,一般发展用户
8747,3,3,210.79999999999998,0,1,1,011,重点保持用户
8750,1,1,57.900000000000006,1,0,0,100,一般发展用户
8751,5,1,52.8,0,0,0,000,流失用户
8752,2,2,179.39999999999998,1,1,0,110,高潜力用户
8754,3,1,76.3,0,0,0,000,流失用户
8760,2,5,697.3,1,1,1,111,核心价值用户
8761,2,2,229.39999999999998,1,1,1,111,核心价值用户
8763,1,2,518.5,1,1,1,111,核心价值用户
8764,1,3,498.6,1,1,1,111,核心价值用户
8766,4,2,156.6,0,1,0,010,一般保持用户
8767,2,1,131.8,1,0,0,100,一般发展用户
8769,1,1,231.89999999999998,1,0,1,101,高消费流失预警用户
8771,5,1,131.6,0,0,0,000,流失用户
8773,1,3,357.1,1,1,1,111,核心价值用户
8774,2,3,453.0,1,1,1,111,核心价值用户
8775,1,1,6.3,1,0,0,100,一般发展用户
8776,2,1,89.6,1,0,0,100,一般发展用户
8777,2,1,181.8,1,0,0,100,一般发展用户
8778,2,4,612.1,1,1,1,111,核心价值用户
8781,3,3,296.5,0,1,1,011,重点保持用户
8782,4,1,344.0,0,0,1,001,高消费沉睡用户
8784,4,2,193.0,0,1,0,010,一般保持用户
8785,3,1,265.2,0,0,1,001,高消费沉睡用户
8788,4,1,219.60000000000002,0,0,1,001,高消费沉睡用户
8790,5,1,264.29999999999995,0,0,1,001,高消费沉睡用户
8791,2,1,190.0,1,0,0,100,一般发展用户
8793,3,2,107.3,0,1,0,010,一般保持用户
8794,3,1,151.8,0,0,0,000,流失用户
8796,4,2,310.9,0,1,1,011,重点保持用户
8797,1,1,248.70000000000002,1,0,1,101,高消费流失预警用户
8798,1,10,1189.5,1,1,1,111,核心价值用户
8799,1,2,297.9,1,1,1,111,核心价值用户
8800,1,1,155.7,1,0,0,100,一般发展用户
8802,6,1,55.9,0,0,0,000,流失用户
8803,5,3,255.6,0,1,1,011,重点保持用户
8804,3,2,82.6,0,1,0,010,一般保持用户
8810,3,6,676.4000000000001,0,1,1,011,重点保持用户
8811,2,1,182.2,1,0,0,100,一般发展用户
8812,5,1,108.2,0,0,0,000,流失用户
8813,4,1,6.5,0,0,0,000,流失用户
8816,1,2,375.9,1,1,1,111,核心价值用户
8817,2,2,364.79999999999995,1,1,1,111,核心价值用户
8818,2,1,305.2,1,0,1,101,高消费流失预警用户
8823,4,3,405.8,0,1,1,011,重点保持用户
8824,1,1,49.6,1,0,0,100,一般发展用户
8825,1,5,1078.0,1,1,1,111,核心价值用户
8826,4,2,114.60000000000001,0,1,0,010,一般保持用户
8827,3,2,505.20000000000005,0,1,1,011,重点保持用户
8830,6,1,111.8,0,0,0,000,流失用户
8831,1,1,70.3,1,0,0,100,一般发展用户
8834,2,3,206.70000000000002,1,1,0,110,高潜力用户
8837,2,1,8.0,1,0,0,100,一般发展用户
8838,3,1,105.30000000000001,0,0,0,000,流失用户
8842,2,2,351.4,1,1,1,111,核心价值用户
8845,2,4,898.0,1,1,1,111,核心价值用户
8847,5,1,291.0,0,0,1,001,高消费沉睡用户
8850,1,2,258.79999999999995,1,1,1,111,核心价值用户
8851,5,2,479.20000000000005,0,1,1,011,重点保持用户
8854,2,2,192.90000000000003,1,1,0,110,高潜力用户
8855,1,3,433.3,1,1,1,111,核心价值用户
8856,5,3,136.10000000000002,0,1,0,010,一般保持用户
8858,4,3,565.0,0,1,1,011,重点保持用户
8860,2,6,1044.6000000000001,1,1,1,111,核心价值用户
8862,4,2,402.2,0,1,1,011,重点保持用户
8865,2,1,57.1,1,0,0,100,一般发展用户
8866,2,3,708.3,1,1,1,111,核心价值用户
8867,1,2,100.30000000000001,1,1,0,110,高潜力用户
8868,2,3,505.6,1,1,1,111,核心价值用户
8869,4,1,24.900000000000002,0,0,0,000,流失用户
8871,2,2,135.7,1,1,0,110,高潜力用户
8873,2,2,374.0,1,1,1,111,核心价值用户
8877,2,4,272.4,1,1,1,111,核心价值用户
8878,5,1,151.2,0,0,0,000,流失用户
8879,1,1,57.1,1,0,0,100,一般发展用户
8880,1,4,527.8,1,1,1,111,核心价值用户
8882,2,2,369.0,1,1,1,111,核心价值用户
8887,3,1,146.8,0,0,0,000,流失用户
8889,6,2,225.8,0,1,1,011,重点保持用户
8890,2,2,242.5,1,1,1,111,核心价值用户
8891,4,1,28.0,0,0,0,000,流失用户
8892,6,3,144.1,0,1,0,010,一般保持用户
8893,3,1,267.9,0,0,1,001,高消费沉睡用户
8894,1,3,95.4,1,1,0,110,高潜力用户
8895,5,1,116.4,0,0,0,000,流失用户
8896,4,1,4.3,0,0,0,000,流失用户
8897,2,1,61.9,1,0,0,100,一般发展用户
8898,3,1,184.4,0,0,0,000,流失用户
8899,1,3,188.2,1,1,0,110,高潜力用户
8904,1,1,104.2,1,0,0,100,一般发展用户
8905,4,6,648.9,0,1,1,011,重点保持用户
8906,1,2,220.59999999999997,1,1,1,111,核心价值用户
8907,2,3,297.3,1,1,1,111,核心价值用户
8908,5,5,616.1999999999999,0,1,1,011,重点保持用户
8910,2,2,212.8,1,1,1,111,核心价值用户
8912,4,2,206.8,0,1,0,010,一般保持用户
8913,6,2,129.2,0,1,0,010,一般保持用户
8914,2,3,239.5,1,1,1,111,核心价值用户
8915,4,1,119.2,0,0,0,000,流失用户
8916,3,1,148.0,0,0,0,000,流失用户
8917,4,1,36.9,0,0,0,000,流失用户
8918,2,2,180.2,1,1,0,110,高潜力用户
8920,3,4,495.5,0,1,1,011,重点保持用户
8921,5,1,181.5,0,0,0,000,流失用户
8922,2,8,1231.6000000000001,1,1,1,111,核心价值用户
8923,3,2,499.2,0,1,1,011,重点保持用户
8926,3,2,308.7,0,1,1,011,重点保持用户
8927,6,1,293.6,0,0,1,001,高消费沉睡用户
8933,1,2,99.4,1,1,0,110,高潜力用户
8936,6,1,108.2,0,0,0,000,流失用户
8937,1,1,41.3,1,0,0,100,一般发展用户
8938,1,2,449.1,1,1,1,111,核心价值用户
8939,6,1,380.4,0,0,1,001,高消费沉睡用户
8940,5,5,1117.6,0,1,1,011,重点保持用户
8941,1,2,61.900000000000006,1,1,0,110,高潜力用户
8942,4,1,95.0,0,0,0,000,流失用户
8945,1,4,576.1,1,1,1,111,核心价值用户
8946,2,2,198.60000000000002,1,1,0,110,高潜力用户
8947,3,2,500.4,0,1,1,011,重点保持用户
8949,1,1,66.1,1,0,0,100,一般发展用户
8951,1,1,95.1,1,0,0,100,一般发展用户
8952,2,3,402.4,1,1,1,111,核心价值用户
8953,5,1,288.4,0,0,1,001,高消费沉睡用户
8954,1,7,507.29999999999995,1,1,1,111,核心价值用户
8957,1,3,523.2,1,1,1,111,核心价值用户
8958,1,4,334.8,1,1,1,111,核心价值用户
8959,1,2,286.8,1,1,1,111,核心价值用户
8961,3,2,629.2,0,1,1,011,重点保持用户
8962,2,4,480.8,1,1,1,111,核心价值用户
8966,2,6,712.5,1,1,1,111,核心价值用户
8967,1,4,707.3,1,1,1,111,核心价值用户
8968,3,4,672.2,0,1,1,011,重点保持用户
8970,4,2,284.3,0,1,1,011,重点保持用户
8974,1,1,142.8,1,0,0,100,一般发展用户
8977,1,4,643.4,1,1,1,111,核心价值用户
8985,2,1,36.2,1,0,0,100,一般发展用户
8986,6,2,224.99999999999997,0,1,1,011,重点保持用户
8987,4,2,399.79999999999995,0,1,1,011,重点保持用户
8988,2,7,585.1,1,1,1,111,核心价值用户
8989,1,1,86.8,1,0,0,100,一般发展用户
8991,4,1,3.9,0,0,0,000,流失用户
8992,1,3,590.6,1,1,1,111,核心价值用户
8994,1,1,149.6,1,0,0,100,一般发展用户
8997,2,4,549.9,1,1,1,111,核心价值用户
8999,4,2,203.29999999999998,0,1,0,010,一般保持用户
9000,6,2,200.39999999999998,0,1,0,010,一般保持用户
9001,3,4,375.9,0,1,1,011,重点保持用户
9002,1,1,22.799999999999997,1,0,0,100,一般发展用户
9005,5,1,332.4,0,0,1,001,高消费沉睡用户
9007,3,1,43.2,0,0,0,000,流失用户
9009,3,1,100.8,0,0,0,000,流失用户
9010,3,2,260.70000000000005,0,1,1,011,重点保持用户
9012,1,3,286.5,1,1,1,111,核心价值用户
9014,1,3,261.3,1,1,1,111,核心价值用户
9015,4,2,314.2,0,1,1,011,重点保持用户
9016,1,1,213.89999999999998,1,0,1,101,高消费流失预警用户
9022,2,1,337.2,1,0,1,101,高消费流失预警用户
9023,3,4,728.5,0,1,1,011,重点保持用户
9024,3,1,126.6,0,0,0,000,流失用户
9025,3,1,134.6,0,0,0,000,流失用户
9027,1,9,564.0,1,1,1,111,核心价值用户
9030,5,3,521.4,0,1,1,011,重点保持用户
9031,6,1,148.0,0,0,0,000,流失用户
9034,2,4,614.3,1,1,1,111,核心价值用户
9037,2,2,173.0,1,1,0,110,高潜力用户
9038,1,3,214.3,1,1,1,111,核心价值用户
9039,3,1,41.1,0,0,0,000,流失用户
9041,6,1,97.0,0,0,0,000,流失用户
9044,2,1,13.9,1,0,0,100,一般发展用户
9045,1,5,424.20000000000005,1,1,1,111,核心价值用户
9046,3,4,702.5999999999999,0,1,1,011,重点保持用户
9047,1,3,507.8,1,1,1,111,核心价值用户
9048,6,1,68.2,0,0,0,000,流失用户
9049,4,3,306.79999999999995,0,1,1,011,重点保持用户
9051,3,2,151.2,0,1,0,010,一般保持用户
9052,3,1,277.20000000000005,0,0,1,001,高消费沉睡用户
9053,3,1,53.2,0,0,0,000,流失用户
9056,6,4,903.7,0,1,1,011,重点保持用户
9057,1,2,426.8,1,1,1,111,核心价值用户
9058,2,1,190.0,1,0,0,100,一般发展用户
9060,6,2,146.2,0,1,0,010,一般保持用户
9061,4,2,35.1,0,1,0,010,一般保持用户
9064,1,2,440.2,1,1,1,111,核心价值用户
9066,6,1,36.0,0,0,0,000,流失用户
9069,1,6,630.0,1,1,1,111,核心价值用户
9072,2,1,30.5,1,0,0,100,一般发展用户
9073,1,2,303.5,1,1,1,111,核心价值用户
9076,2,2,173.9,1,1,0,110,高潜力用户
9079,2,1,114.4,1,0,0,100,一般发展用户
9080,1,2,309.29999999999995,1,1,1,111,核心价值用户
9082,2,1,47.4,1,0,0,100,一般发展用户
9083,1,1,85.2,1,0,0,100,一般发展用户
9084,2,2,181.0,1,1,0,110,高潜力用户
9086,2,4,508.29999999999995,1,1,1,111,核心价值用户
9091,3,1,54.2,0,0,0,000,流失用户
9092,1,10,844.8999999999999,1,1,1,111,核心价值用户
9093,1,1,324.4,1,0,1,101,高消费流失预警用户
9096,2,3,282.70000000000005,1,1,1,111,核心价值用户
9097,5,2,167.70000000000002,0,1,0,010,一般保持用户
9098,5,2,313.6,0,1,1,011,重点保持用户
9099,2,4,832.1999999999999,1,1,1,111,核心价值用户
9104,1,5,307.5,1,1,1,111,核心价值用户
9105,1,3,76.9,1,1,0,110,高潜力用户
9107,1,7,1166.5,1,1,1,111,核心价值用户
9108,3,6,465.9,0,1,1,011,重点保持用户
9109,2,2,242.0,1,1,1,111,核心价值用户
9110,2,1,206.0,1,0,0,100,一般发展用户
9111,1,1,90.0,1,0,0,100,一般发展用户
9112,1,8,661.4,1,1,1,111,核心价值用户
9114,1,3,309.29999999999995,1,1,1,111,核心价值用户
9117,2,1,90.30000000000001,1,0,0,100,一般发展用户
9118,1,1,215.70000000000002,1,0,1,101,高消费流失预警用户
9119,2,3,244.4,1,1,1,111,核心价值用户
9122,2,1,324.0,1,0,1,101,高消费流失预警用户
9126,1,1,257.70000000000005,1,0,1,101,高消费流失预警用户
9127,6,1,233.70000000000002,0,0,1,001,高消费沉睡用户
9131,3,1,198.2,0,0,0,000,流失用户
9133,3,6,721.3000000000001,0,1,1,011,重点保持用户
9135,3,1,36.3,0,0,0,000,流失用户
9139,1,3,561.0,1,1,1,111,核心价值用户
9140,2,1,222.4,1,0,1,101,高消费流失预警用户
9143,3,2,197.5,0,1,0,010,一般保持用户
9144,5,2,290.4,0,1,1,011,重点保持用户
9145,2,4,553.5,1,1,1,111,核心价值用户
9148,3,6,618.1,0,1,1,011,重点保持用户
9149,1,2,117.2,1,1,0,110,高潜力用户
9150,6,2,369.6,0,1,1,011,重点保持用户
9158,1,3,282.4,1,1,1,111,核心价值用户
9160,3,1,53.9,0,0,0,000,流失用户
9161,3,2,95.39999999999999,0,1,0,010,一般保持用户
9163,2,1,53.6,1,0,0,100,一般发展用户
9164,5,3,653.0,0,1,1,011,重点保持用户
9165,1,3,142.60000000000002,1,1,0,110,高潜力用户
9167,4,1,136.2,0,0,0,000,流失用户
9168,2,1,367.6,1,0,1,101,高消费流失预警用户
9169,6,3,284.3,0,1,1,011,重点保持用户
9171,2,3,390.79999999999995,1,1,1,111,核心价值用户
9172,2,1,157.2,1,0,0,100,一般发展用户
9173,5,1,36.5,0,0,0,000,流失用户
9175,2,2,193.0,1,1,0,110,高潜力用户
9178,2,2,25.1,1,1,0,110,高潜力用户
9179,2,5,822.4000000000001,1,1,1,111,核心价值用户
9180,6,1,4.5,0,0,0,000,流失用户
9182,2,2,292.20000000000005,1,1,1,111,核心价值用户
9184,1,6,362.4,1,1,1,111,核心价值用户
9186,2,2,179.4,1,1,0,110,高潜力用户
9191,5,1,27.6,0,0,0,000,流失用户
9192,5,1,229.6,0,0,1,001,高消费沉睡用户
9193,4,3,220.2,0,1,1,011,重点保持用户
9194,2,1,14.8,1,0,0,100,一般发展用户
9195,3,2,184.6,0,1,0,010,一般保持用户
9198,3,3,251.5,0,1,1,011,重点保持用户
9201,3,2,181.0,0,1,0,010,一般保持用户
9202,3,1,100.80000000000001,0,0,0,000,流失用户
9203,1,1,154.8,1,0,0,100,一般发展用户
9206,5,1,190.8,0,0,0,000,流失用户
9207,2,3,324.4,1,1,1,111,核心价值用户
9210,2,2,281.4,1,1,1,111,核心价值用户
9212,1,2,305.70000000000005,1,1,1,111,核心价值用户
9214,1,1,292.5,1,0,1,101,高消费流失预警用户
9218,5,2,174.6,0,1,0,010,一般保持用户
9222,5,1,86.2,0,0,0,000,流失用户
9223,4,1,69.30000000000001,0,0,0,000,流失用户
9224,1,4,790.5,1,1,1,111,核心价值用户
9226,1,1,94.5,1,0,0,100,一般发展用户
9227,3,3,233.2,0,1,1,011,重点保持用户
9228,2,1,10.8,1,0,0,100,一般发展用户
9231,1,4,846.8,1,1,1,111,核心价值用户
9233,1,2,355.1,1,1,1,111,核心价值用户
9234,6,1,377.6,0,0,1,001,高消费沉睡用户
9235,1,3,180.39999999999998,1,1,0,110,高潜力用户
9238,3,1,3.2,0,0,0,000,流失用户
9239,4,10,1357.0,0,1,1,011,重点保持用户
9240,2,17,1879.7,1,1,1,111,核心价值用户
9243,2,5,753.8,1,1,1,111,核心价值用户
9247,1,3,467.29999999999995,1,1,1,111,核心价值用户
9249,4,3,390.6,0,1,1,011,重点保持用户
9252,4,3,212.6,0,1,1,011,重点保持用户
9253,5,1,19.2,0,0,0,000,流失用户
9254,1,4,780.9,1,1,1,111,核心价值用户
9256,1,4,68.39999999999999,1,1,0,110,高潜力用户
9257,2,1,25.3,1,0,0,100,一般发展用户
9258,1,3,341.3,1,1,1,111,核心价值用户
9262,5,1,79.19999999999999,0,0,0,000,流失用户
9266,2,3,430.6,1,1,1,111,核心价值用户
9268,1,1,72.9,1,0,0,100,一般发展用户
9270,4,1,26.700000000000003,0,0,0,000,流失用户
9272,4,2,256.09999999999997,0,1,1,011,重点保持用户
9273,1,3,120.0,1,1,0,110,高潜力用户
9274,2,4,238.3,1,1,1,111,核心价值用户
9278,1,1,299.4,1,0,1,101,高消费流失预警用户
9279,6,1,290.8,0,0,1,001,高消费沉睡用户
9281,5,1,19.0,0,0,0,000,流失用户
9283,2,1,214.20000000000002,1,0,1,101,高消费流失预警用户
9284,1,4,482.80000000000007,1,1,1,111,核心价值用户
9285,1,5,606.9,1,1,1,111,核心价值用户
9290,2,1,64.80000000000001,1,0,0,100,一般发展用户
9292,3,1,55.0,0,0,0,000,流失用户
9293,4,2,244.5,0,1,1,011,重点保持用户
9294,1,3,446.7,1,1,1,111,核心价值用户
9296,6,1,163.5,0,0,0,000,流失用户
9301,2,2,240.5,1,1,1,111,核心价值用户
9304,3,2,211.10000000000002,0,1,1,011,重点保持用户
9305,1,1,25.2,1,0,0,100,一般发展用户
9307,6,1,141.8,0,0,0,000,流失用户
9310,1,1,36.599999999999994,1,0,0,100,一般发展用户
9311,6,1,89.6,0,0,0,000,流失用户
9312,1,2,148.89999999999998,1,1,0,110,高潜力用户
9313,2,3,307.8,1,1,1,111,核心价值用户
9315,5,1,43.6,0,0,0,000,流失用户
9317,1,3,159.0,1,1,0,110,高潜力用户
9318,2,8,867.5999999999999,1,1,1,111,核心价值用户
9319,1,2,347.4,1,1,1,111,核心价值用户
9320,4,1,49.7,0,0,0,000,流失用户
9325,4,1,336.0,0,0,1,001,高消费沉睡用户
9326,5,1,171.6,0,0,0,000,流失用户
9329,1,1,134.2,1,0,0,100,一般发展用户
9330,1,1,14.8,1,0,0,100,一般发展用户
9331,2,3,316.9,1,1,1,111,核心价值用户
9332,5,2,95.8,0,1,0,010,一般保持用户
9334,2,1,278.4,1,0,1,101,高消费流失预警用户
9335,1,1,56.5,1,0,0,100,一般发展用户
9336,3,1,93.6,0,0,0,000,流失用户
9338,5,1,222.4,0,0,1,001,高消费沉睡用户
9340,2,2,94.8,1,1,0,110,高潜力用户
9342,2,2,242.2,1,1,1,111,核心价值用户
9344,1,2,102.0,1,1,0,110,高潜力用户
9345,4,1,92.8,0,0,0,000,流失用户
9346,5,2,224.29999999999998,0,1,1,011,重点保持用户
9350,2,1,176.8,1,0,0,100,一般发展用户
9351,2,4,579.9,1,1,1,111,核心价值用户
9352,2,1,176.0,1,0,0,100,一般发展用户
9353,1,1,141.2,1,0,0,100,一般发展用户
9354,5,2,60.6,0,1,0,010,一般保持用户
9356,4,1,9.5,0,0,0,000,流失用户
9357,1,3,198.90000000000003,1,1,0,110,高潜力用户
9358,2,6,576.8,1,1,1,111,核心价值用户
9361,4,3,457.29999999999995,0,1,1,011,重点保持用户
9362,2,1,15.0,1,0,0,100,一般发展用户
9366,6,2,672.0999999999999,0,1,1,011,重点保持用户
9367,2,1,16.0,1,0,0,100,一般发展用户
9368,6,2,75.1,0,1,0,010,一般保持用户
9370,3,3,405.7,0,1,1,011,重点保持用户
9371,5,2,79.5,0,1,0,010,一般保持用户
9374,1,1,190.4,1,0,0,100,一般发展用户
9375,4,7,605.4,0,1,1,011,重点保持用户
9376,1,1,62.4,1,0,0,100,一般发展用户
9377,1,2,273.4,1,1,1,111,核心价值用户
9379,4,1,91.8,0,0,0,000,流失用户
9380,1,5,588.9000000000001,1,1,1,111,核心价值用户
9382,1,4,315.09999999999997,1,1,1,111,核心价值用户
9383,2,2,93.8,1,1,0,110,高潜力用户
9384,4,3,363.09999999999997,0,1,1,011,重点保持用户
9385,1,2,158.8,1,1,0,110,高潜力用户
9386,1,3,319.3,1,1,1,111,核心价值用户
9388,4,1,276.0,0,0,1,001,高消费沉睡用户
9389,4,2,108.2,0,1,0,010,一般保持用户
9390,1,1,113.4,1,0,0,100,一般发展用户
9392,4,1,98.0,0,0,0,000,流失用户
9396,3,1,86.6,0,0,0,000,流失用户
9397,1,1,39.2,1,0,0,100,一般发展用户
9399,5,3,463.59999999999997,0,1,1,011,重点保持用户
9400,2,3,410.0,1,1,1,111,核心价值用户
9402,5,1,243.89999999999998,0,0,1,001,高消费沉睡用户
9404,2,1,21.2,1,0,0,100,一般发展用户
9405,1,3,413.29999999999995,1,1,1,111,核心价值用户
9406,1,2,511.40000000000003,1,1,1,111,核心价值用户
9407,6,1,187.2,0,0,0,000,流失用户
9408,1,2,329.90000000000003,1,1,1,111,核心价值用户
9409,2,2,135.2,1,1,0,110,高潜力用户
9411,3,3,275.9,0,1,1,011,重点保持用户
9414,1,2,693.3,1,1,1,111,核心价值用户
9415,1,2,436.2,1,1,1,111,核心价值用户
9416,3,4,323.79999999999995,0,1,1,011,重点保持用户
9417,1,1,39.599999999999994,1,0,0,100,一般发展用户
9419,2,3,342.1,1,1,1,111,核心价值用户
9420,1,9,675.6,1,1,1,111,核心价值用户
9421,1,3,541.4,1,1,1,111,核心价值用户
9422,1,22,2522.7,1,1,1,111,核心价值用户
9423,2,2,564.3000000000001,1,1,1,111,核心价值用户
9424,5,1,115.5,0,0,0,000,流失用户
9425,3,5,778.3,0,1,1,011,重点保持用户
9427,5,1,171.0,0,0,0,000,流失用户
9428,4,1,313.2,0,0,1,001,高消费沉睡用户
9430,4,1,197.39999999999998,0,0,0,000,流失用户
9432,1,4,474.79999999999995,1,1,1,111,核心价值用户
9433,4,1,117.2,0,0,0,000,流失用户
9435,5,1,163.6,0,0,0,000,流失用户
9436,2,1,56.8,1,0,0,100,一般发展用户
9438,6,1,84.9,0,0,0,000,流失用户
9439,6,5,831.0,0,1,1,011,重点保持用户
9441,1,1,136.6,1,0,0,100,一般发展用户
9442,3,1,280.4,0,0,1,001,高消费沉睡用户
9444,3,1,16.1,0,0,0,000,流失用户
9445,1,3,559.0,1,1,1,111,核心价值用户
9446,2,3,182.2,1,1,0,110,高潜力用户
9449,4,1,57.0,0,0,0,000,流失用户
9451,2,2,305.6,1,1,1,111,核心价值用户
9452,4,5,358.3,0,1,1,011,重点保持用户
9454,6,1,148.5,0,0,0,000,流失用户
9458,1,1,82.8,1,0,0,100,一般发展用户
9462,4,1,163.6,0,0,0,000,流失用户
9466,3,2,293.1,0,1,1,011,重点保持用户
9472,4,3,250.39999999999998,0,1,1,011,重点保持用户
9474,3,1,141.60000000000002,0,0,0,000,流失用户
9475,5,1,114.8,0,0,0,000,流失用户
9476,2,4,546.6,1,1,1,111,核心价值用户
9478,1,3,466.2,1,1,1,111,核心价值用户
9479,2,3,422.09999999999997,1,1,1,111,核心价值用户
9480,5,2,206.4,0,1,0,010,一般保持用户
9482,2,9,1033.0,1,1,1,111,核心价值用户
9483,4,1,135.2,0,0,0,000,流失用户
9484,5,3,625.4,0,1,1,011,重点保持用户
9485,2,1,368.0,1,0,1,101,高消费流失预警用户
9486,1,4,163.7,1,1,0,110,高潜力用户
9487,1,5,687.9,1,1,1,111,核心价值用户
9488,4,2,149.0,0,1,0,010,一般保持用户
9490,1,2,443.40000000000003,1,1,1,111,核心价值用户
9491,5,2,187.4,0,1,0,010,一般保持用户
9492,6,1,296.4,0,0,1,001,高消费沉睡用户
9493,4,1,175.2,0,0,0,000,流失用户
9497,5,2,249.4,0,1,1,011,重点保持用户
9498,1,2,312.70000000000005,1,1,1,111,核心价值用户
9499,4,1,240.0,0,0,1,001,高消费沉睡用户
9500,4,1,46.0,0,0,0,000,流失用户
9504,1,2,194.9,1,1,0,110,高潜力用户
9505,1,1,110.0,1,0,0,100,一般发展用户
9506,4,2,84.89999999999999,0,1,0,010,一般保持用户
9508,5,2,235.60000000000002,0,1,1,011,重点保持用户
9511,2,1,23.3,1,0,0,100,一般发展用户
9512,1,3,273.6,1,1,1,111,核心价值用户
9516,1,2,493.20000000000005,1,1,1,111,核心价值用户
9519,2,2,274.8,1,1,1,111,核心价值用户
9524,4,1,34.5,0,0,0,000,流失用户
9525,1,1,173.6,1,0,0,100,一般发展用户
9528,5,1,232.20000000000002,0,0,1,001,高消费沉睡用户
9529,1,4,517.1999999999999,1,1,1,111,核心价值用户
9530,3,1,118.0,0,0,0,000,流失用户
9531,3,1,207.6,0,0,0,000,流失用户
9535,2,2,183.8,1,1,0,110,高潜力用户
9536,2,1,17.8,1,0,0,100,一般发展用户
9538,5,1,95.1,0,0,0,000,流失用户
9539,3,1,272.1,0,0,1,001,高消费沉睡用户
9546,2,1,108.2,1,0,0,100,一般发展用户
9551,4,2,107.4,0,1,0,010,一般保持用户
9552,1,2,89.5,1,1,0,110,高潜力用户
9553,3,1,233.39999999999998,0,0,1,001,高消费沉睡用户
9555,3,2,261.0,0,1,1,011,重点保持用户
9556,2,2,107.3,1,1,0,110,高潜力用户
9557,4,1,25.1,0,0,0,000,流失用户
9558,1,4,834.4,1,1,1,111,核心价值用户
9560,1,2,374.7,1,1,1,111,核心价值用户
9561,4,1,191.2,0,0,0,000,流失用户
9565,3,2,379.2,0,1,1,011,重点保持用户
9571,4,3,242.0,0,1,1,011,重点保持用户
9572,1,1,37.1,1,0,0,100,一般发展用户
9573,4,1,178.2,0,0,0,000,流失用户
9574,3,1,267.6,0,0,1,001,高消费沉睡用户
9575,2,1,230.0,1,0,1,101,高消费流失预警用户
9576,2,1,4.0,1,0,0,100,一般发展用户
9577,3,2,82.1,0,1,0,010,一般保持用户
9578,1,2,302.1,1,1,1,111,核心价值用户
9579,1,2,161.60000000000002,1,1,0,110,高潜力用户
9580,2,1,252.29999999999998,1,0,1,101,高消费流失预警用户
9582,1,1,4.800000000000001,1,0,0,100,一般发展用户
9588,2,1,280.20000000000005,1,0,1,101,高消费流失预警用户
9589,3,3,410.4,0,1,1,011,重点保持用户
9590,1,3,370.6,1,1,1,111,核心价值用户
9591,3,3,333.6,0,1,1,011,重点保持用户
9594,2,1,274.79999999999995,1,0,1,101,高消费流失预警用户
9596,1,1,98.3,1,0,0,100,一般发展用户
9597,2,1,11.8,1,0,0,100,一般发展用户
9598,2,7,424.59999999999997,1,1,1,111,核心价值用户
9602,1,1,36.0,1,0,0,100,一般发展用户
9603,1,1,88.19999999999999,1,0,0,100,一般发展用户
9605,4,3,623.0,0,1,1,011,重点保持用户
9609,1,1,117.6,1,0,0,100,一般发展用户
9610,1,45,4726.8,1,1,1,111,核心价值用户
9611,2,1,30.4,1,0,0,100,一般发展用户
9613,1,2,517.0,1,1,1,111,核心价值用户
9617,1,4,268.0,1,1,1,111,核心价值用户
9618,6,1,169.6,0,0,0,000,流失用户
9619,1,2,489.20000000000005,1,1,1,111,核心价值用户
9620,1,2,134.4,1,1,0,110,高潜力用户
9621,1,5,564.5000000000001,1,1,1,111,核心价值用户
9625,2,1,20.8,1,0,0,100,一般发展用户
9626,1,8,954.9,1,1,1,111,核心价值用户
9628,2,3,535.2,1,1,1,111,核心价值用户
9630,4,1,149.6,0,0,0,000,流失用户
9631,1,2,698.0,1,1,1,111,核心价值用户
9632,3,3,287.3,0,1,1,011,重点保持用户
9633,4,1,74.7,0,0,0,000,流失用户
9637,4,1,59.3,0,0,0,000,流失用户
9638,5,1,134.4,0,0,0,000,流失用户
9641,5,2,187.3,0,1,0,010,一般保持用户
9642,2,1,95.4,1,0,0,100,一般发展用户
9643,4,6,961.2,0,1,1,011,重点保持用户
9647,1,3,196.2,1,1,0,110,高潜力用户
9648,2,1,10.0,1,0,0,100,一般发展用户
9649,2,2,343.4,1,1,1,111,核心价值用户
9651,3,1,54.8,0,0,0,000,流失用户
9654,2,2,84.9,1,1,0,110,高潜力用户
9656,5,1,60.0,0,0,0,000,流失用户
9658,1,6,626.6,1,1,1,111,核心价值用户
9659,4,1,13.6,0,0,0,000,流失用户
9661,1,1,120.2,1,0,0,100,一般发展用户
9663,6,4,166.4,0,1,0,010,一般保持用户
9665,6,1,374.8,0,0,1,001,高消费沉睡用户
9666,5,3,281.80000000000007,0,1,1,011,重点保持用户
9671,5,1,254.10000000000002,0,0,1,001,高消费沉睡用户
9672,4,1,258.4,0,0,1,001,高消费沉睡用户
9674,2,1,292.20000000000005,1,0,1,101,高消费流失预警用户
9675,5,2,250.29999999999998,0,1,1,011,重点保持用户
9679,2,1,26.4,1,0,0,100,一般发展用户
9680,2,8,1223.0,1,1,1,111,核心价值用户
9683,5,1,194.10000000000002,0,0,0,000,流失用户
9685,2,3,268.0,1,1,1,111,核心价值用户
9686,6,1,189.2,0,0,0,000,流失用户
9689,2,2,154.5,1,1,0,110,高潜力用户
9694,1,4,598.8,1,1,1,111,核心价值用户
9695,6,3,124.60000000000002,0,1,0,010,一般保持用户
9698,4,1,161.6,0,0,0,000,流失用户
9701,6,1,192.0,0,0,0,000,流失用户
9702,3,3,435.0,0,1,1,011,重点保持用户
9704,4,1,93.1,0,0,0,000,流失用户
9710,5,1,62.7,0,0,0,000,流失用户
9712,1,4,522.8,1,1,1,111,核心价值用户
9713,1,4,220.1,1,1,1,111,核心价值用户
9715,6,1,12.3,0,0,0,000,流失用户
9719,1,1,49.8,1,0,0,100,一般发展用户
9721,3,2,93.3,0,1,0,010,一般保持用户
9724,2,8,1114.3,1,1,1,111,核心价值用户
9725,1,2,121.60000000000001,1,1,0,110,高潜力用户
9727,6,2,243.29999999999998,0,1,1,011,重点保持用户
9728,2,1,60.3,1,0,0,100,一般发展用户
9730,2,3,494.5,1,1,1,111,核心价值用户
9731,6,1,217.2,0,0,1,001,高消费沉睡用户
9732,4,3,542.7,0,1,1,011,重点保持用户
9733,5,1,168.0,0,0,0,000,流失用户
9735,5,2,263.90000000000003,0,1,1,011,重点保持用户
9736,5,1,353.2,0,0,1,001,高消费沉睡用户
9737,2,2,364.7,1,1,1,111,核心价值用户
9739,3,1,39.4,0,0,0,000,流失用户
9740,3,2,158.0,0,1,0,010,一般保持用户
9741,1,1,153.6,1,0,0,100,一般发展用户
9743,2,4,505.29999999999995,1,1,1,111,核心价值用户
9744,3,3,333.6,0,1,1,011,重点保持用户
9747,1,1,162.60000000000002,1,0,0,100,一般发展用户
9748,1,1,65.4,1,0,0,100,一般发展用户
9753,5,2,83.5,0,1,0,010,一般保持用户
9755,1,5,630.3,1,1,1,111,核心价值用户
9756,2,1,42.2,1,0,0,100,一般发展用户
9757,2,1,13.1,1,0,0,100,一般发展用户
9760,2,1,69.6,1,0,0,100,一般发展用户
9762,1,2,426.7,1,1,1,111,核心价值用户
9763,6,1,92.8,0,0,0,000,流失用户
9764,2,1,98.8,1,0,0,100,一般发展用户
9766,4,2,283.70000000000005,0,1,1,011,重点保持用户
9767,1,1,8.9,1,0,0,100,一般发展用户
9769,2,2,242.0,1,1,1,111,核心价值用户
9771,5,1,90.6,0,0,0,000,流失用户
9774,1,1,289.2,1,0,1,101,高消费流失预警用户
9778,2,1,24.8,1,0,0,100,一般发展用户
9781,5,1,196.0,0,0,0,000,流失用户
9782,1,1,189.89999999999998,1,0,0,100,一般发展用户
9783,1,2,326.6,1,1,1,111,核心价值用户
9785,1,3,550.5,1,1,1,111,核心价值用户
9788,2,1,48.8,1,0,0,100,一般发展用户
9791,6,2,243.8,0,1,1,011,重点保持用户
9800,6,1,74.2,0,0,0,000,流失用户
9801,1,3,598.2,1,1,1,111,核心价值用户
9803,6,2,47.199999999999996,0,1,0,010,一般保持用户
9805,5,1,195.2,0,0,0,000,流失用户
9806,1,1,17.6,1,0,0,100,一般发展用户
9807,1,2,146.8,1,1,0,110,高潜力用户
9808,2,4,487.0,1,1,1,111,核心价值用户
9810,2,4,700.8,1,1,1,111,核心价值用户
9812,1,2,472.2,1,1,1,111,核心价值用户
9816,1,1,350.4,1,0,1,101,高消费流失预警用户
9818,3,1,250.20000000000002,0,0,1,001,高消费沉睡用户
9819,5,1,202.20000000000002,0,0,0,000,流失用户
9821,1,1,329.6,1,0,1,101,高消费流失预警用户
9825,2,4,989.6,1,1,1,111,核心价值用户
9826,3,1,122.69999999999999,0,0,0,000,流失用户
9827,1,6,731.7,1,1,1,111,核心价值用户
9829,2,2,230.60000000000002,1,1,1,111,核心价值用户
9831,2,12,976.6,1,1,1,111,核心价值用户
9833,1,3,183.7,1,1,0,110,高潜力用户
9834,1,2,271.8,1,1,1,111,核心价值用户
9835,5,1,250.20000000000002,0,0,1,001,高消费沉睡用户
9836,1,4,318.2,1,1,1,111,核心价值用户
9837,3,1,27.1,0,0,0,000,流失用户
9840,4,1,189.4,0,0,0,000,流失用户
9841,2,1,45.5,1,0,0,100,一般发展用户
9844,3,2,237.70000000000002,0,1,1,011,重点保持用户
9845,1,1,166.4,1,0,0,100,一般发展用户
9848,5,1,34.8,0,0,0,000,流失用户
9849,2,1,190.0,1,0,0,100,一般发展用户
9851,1,1,74.7,1,0,0,100,一般发展用户
9853,1,15,1685.0,1,1,1,111,核心价值用户
9855,3,2,295.5,0,1,1,011,重点保持用户
9856,3,3,407.0,0,1,1,011,重点保持用户
9859,1,1,6.2,1,0,0,100,一般发展用户
9860,1,3,214.0,1,1,1,111,核心价值用户
9861,1,2,64.0,1,1,0,110,高潜力用户
9865,1,5,669.0000000000001,1,1,1,111,核心价值用户
9866,6,1,58.8,0,0,0,000,流失用户
9867,4,1,287.2,0,0,1,001,高消费沉睡用户
9868,2,4,591.4,1,1,1,111,核心价值用户
9869,3,1,94.5,0,0,0,000,流失用户
9870,1,6,576.7,1,1,1,111,核心价值用户
9872,2,3,495.5,1,1,1,111,核心价值用户
9873,3,2,381.0,0,1,1,011,重点保持用户
9875,2,1,50.8,1,0,0,100,一般发展用户
9878,2,2,297.1,1,1,1,111,核心价值用户
9879,3,8,1342.3,0,1,1,011,重点保持用户
9880,4,3,228.5,0,1,1,011,重点保持用户
9881,1,3,245.40000000000003,1,1,1,111,核心价值用户
9882,1,1,384.8,1,0,1,101,高消费流失预警用户
9884,2,2,189.2,1,1,0,110,高潜力用户
9885,5,1,145.5,0,0,0,000,流失用户
9886,1,1,20.700000000000003,1,0,0,100,一般发展用户
9891,1,2,715.2,1,1,1,111,核心价值用户
9892,2,2,253.8,1,1,1,111,核心价值用户
9893,6,3,469.9000000000001,0,1,1,011,重点保持用户
9895,1,3,746.5,1,1,1,111,核心价值用户
9896,2,1,276.0,1,0,1,101,高消费流失预警用户
9897,2,1,116.39999999999999,1,0,0,100,一般发展用户
9898,5,1,80.0,0,0,0,000,流失用户
9901,5,2,325.2,0,1,1,011,重点保持用户
9902,5,1,193.2,0,0,0,000,流失用户
9905,1,1,53.7,1,0,0,100,一般发展用户
9906,6,1,144.4,0,0,0,000,流失用户
9907,5,1,72.9,0,0,0,000,流失用户
9908,2,1,167.4,1,0,0,100,一般发展用户
9909,2,6,398.9,1,1,1,111,核心价值用户
9910,2,5,255.3,1,1,1,111,核心价值用户
9911,3,1,159.6,0,0,0,000,流失用户
9913,2,2,98.89999999999999,1,1,0,110,高潜力用户
9915,1,2,145.8,1,1,0,110,高潜力用户
9916,4,1,184.8,0,0,0,000,流失用户
9919,6,1,117.4,0,0,0,000,流失用户
9922,5,1,63.9,0,0,0,000,流失用户
9924,6,2,156.7,0,1,0,010,一般保持用户
9927,2,2,463.19999999999993,1,1,1,111,核心价值用户
9929,4,1,125.2,0,0,0,000,流失用户
9931,5,9,839.1,0,1,1,011,重点保持用户
9932,4,1,181.2,0,0,0,000,流失用户
9933,3,1,171.0,0,0,0,000,流失用户
9938,2,1,12.8,1,0,0,100,一般发展用户
9939,2,3,120.30000000000001,1,1,0,110,高潜力用户
9940,2,1,75.6,1,0,0,100,一般发展用户
9941,3,1,171.2,0,0,0,000,流失用户
9942,2,2,133.1,1,1,0,110,高潜力用户
9943,3,1,45.3,0,0,0,000,流失用户
9944,1,2,232.0,1,1,1,111,核心价值用户
9945,1,2,439.6,1,1,1,111,核心价值用户
9946,5,1,140.0,0,0,0,000,流失用户
9947,1,3,96.5,1,1,0,110,高潜力用户
9949,3,1,16.2,0,0,0,000,流失用户
9952,1,3,290.59999999999997,1,1,1,111,核心价值用户
9954,5,1,385.2,0,0,1,001,高消费沉睡用户
9958,4,6,827.8,0,1,1,011,重点保持用户
9959,3,1,41.6,0,0,0,000,流失用户
9960,2,2,230.0,1,1,1,111,核心价值用户
9961,2,1,154.8,1,0,0,100,一般发展用户
9962,1,5,457.1,1,1,1,111,核心价值用户
9963,1,3,179.3,1,1,0,110,高潜力用户
9964,3,1,16.2,0,0,0,000,流失用户
9966,2,1,150.0,1,0,0,100,一般发展用户
9968,5,2,736.4,0,1,1,011,重点保持用户
9969,1,1,32.0,1,0,0,100,一般发展用户
9970,3,1,88.7,0,0,0,000,流失用户
9971,1,2,151.29999999999998,1,1,0,110,高潜力用户
9972,5,3,73.9,0,1,0,010,一般保持用户
9974,3,3,311.09999999999997,0,1,1,011,重点保持用户
9977,1,2,578.8,1,1,1,111,核心价值用户
9979,1,1,70.0,1,0,0,100,一般发展用户
9983,1,1,54.8,1,0,0,100,一般发展用户
9988,2,2,583.0,1,1,1,111,核心价值用户
9990,1,2,203.8,1,1,0,110,高潜力用户
9991,2,7,517.0,1,1,1,111,核心价值用户
9992,6,1,38.8,0,0,0,000,流失用户
9993,3,1,132.89999999999998,0,0,0,000,流失用户
9994,2,2,158.2,1,1,0,110,高潜力用户
9996,6,2,358.2,0,1,1,011,重点保持用户
9997,1,1,146.8,1,0,0,100,一般发展用户
9998,4,1,344.8,0,0,1,001,高消费沉睡用户
10002,2,6,649.4000000000001,1,1,1,111,核心价值用户
10003,2,5,932.9000000000001,1,1,1,111,核心价值用户
10006,4,1,71.0,0,0,0,000,流失用户
10007,5,1,265.79999999999995,0,0,1,001,高消费沉睡用户
10008,2,2,279.0,1,1,1,111,核心价值用户
10009,1,5,573.6999999999999,1,1,1,111,核心价值用户
10010,1,2,115.60000000000001,1,1,0,110,高潜力用户
10011,1,2,200.2,1,1,0,110,高潜力用户
10012,1,1,8.100000000000001,1,0,0,100,一般发展用户
10015,5,1,55.0,0,0,0,000,流失用户
10018,1,1,87.2,1,0,0,100,一般发展用户
10019,1,2,160.0,1,1,0,110,高潜力用户
10021,3,1,241.5,0,0,1,001,高消费沉睡用户
10022,1,7,677.8,1,1,1,111,核心价值用户
10023,1,9,1039.3,1,1,1,111,核心价值用户
10024,2,6,776.0,1,1,1,111,核心价值用户
10025,4,3,333.2,0,1,1,011,重点保持用户
10026,4,1,7.4,0,0,0,000,流失用户
10027,3,1,131.6,0,0,0,000,流失用户
10028,1,3,676.7,1,1,1,111,核心价值用户
10029,1,2,103.10000000000001,1,1,0,110,高潜力用户
10030,1,3,275.3,1,1,1,111,核心价值用户
10031,4,2,174.6,0,1,0,010,一般保持用户
10033,5,2,138.1,0,1,0,010,一般保持用户
10034,1,1,71.4,1,0,0,100,一般发展用户
10036,5,1,270.0,0,0,1,001,高消费沉睡用户
10037,1,2,570.0,1,1,1,111,核心价值用户
10038,3,2,256.4,0,1,1,011,重点保持用户
10039,2,1,138.2,1,0,0,100,一般发展用户
10041,1,2,338.0,1,1,1,111,核心价值用户
10042,4,3,832.0999999999999,0,1,1,011,重点保持用户
10044,6,1,110.69999999999999,0,0,0,000,流失用户
10045,3,1,58.6,0,0,0,000,流失用户
10047,1,8,846.7,1,1,1,111,核心价值用户
10049,1,1,297.9,1,0,1,101,高消费流失预警用户
10050,3,1,332.0,0,0,1,001,高消费沉睡用户
10051,2,3,45.9,1,1,0,110,高潜力用户
10052,2,3,741.9,1,1,1,111,核心价值用户
10053,5,1,98.9,0,0,0,000,流失用户
10054,2,2,373.0,1,1,1,111,核心价值用户
10055,3,1,1.5,0,0,0,000,流失用户
10056,2,1,117.60000000000001,1,0,0,100,一般发展用户
10057,2,3,400.8,1,1,1,111,核心价值用户
10058,1,1,202.79999999999998,1,0,0,100,一般发展用户
10059,5,2,169.8,0,1,0,010,一般保持用户
10060,3,1,28.8,0,0,0,000,流失用户
10061,5,1,230.10000000000002,0,0,1,001,高消费沉睡用户
10062,2,1,68.4,1,0,0,100,一般发展用户
10063,4,2,254.60000000000002,0,1,1,011,重点保持用户
10064,2,2,210.6,1,1,1,111,核心价值用户
10065,3,2,162.3,0,1,0,010,一般保持用户
10067,3,1,40.5,0,0,0,000,流失用户
10069,6,1,66.9,0,0,0,000,流失用户
10070,2,1,222.0,1,0,1,101,高消费流失预警用户
10071,2,1,24.8,1,0,0,100,一般发展用户
10072,6,1,34.0,0,0,0,000,流失用户
10075,5,1,303.2,0,0,1,001,高消费沉睡用户
10076,2,2,214.2,1,1,1,111,核心价值用户
10078,2,1,198.0,1,0,0,100,一般发展用户
10081,3,6,579.2,0,1,1,011,重点保持用户
10082,1,4,625.0,1,1,1,111,核心价值用户
10084,1,2,541.8000000000001,1,1,1,111,核心价值用户
10085,1,2,59.0,1,1,0,110,高潜力用户
10086,5,2,306.6,0,1,1,011,重点保持用户
10088,6,3,639.8,0,1,1,011,重点保持用户
10089,4,1,378.0,0,0,1,001,高消费沉睡用户
10091,2,2,198.9,1,1,0,110,高潜力用户
10092,6,1,65.1,0,0,0,000,流失用户
10102,2,1,147.8,1,0,0,100,一般发展用户
10104,2,1,41.4,1,0,0,100,一般发展用户
10105,6,1,141.0,0,0,0,000,流失用户
10106,4,1,97.2,0,0,0,000,流失用户
10107,5,1,4.8,0,0,0,000,流失用户
10108,2,3,377.90000000000003,1,1,1,111,核心价值用户
10111,6,1,261.2,0,0,1,001,高消费沉睡用户
10112,2,4,498.0,1,1,1,111,核心价值用户
10114,4,3,642.2,0,1,1,011,重点保持用户
10115,6,1,105.8,0,0,0,000,流失用户
10117,5,1,193.5,0,0,0,000,流失用户
10118,3,3,679.4000000000001,0,1,1,011,重点保持用户
10119,6,2,40.1,0,1,0,010,一般保持用户
10122,3,3,388.99999999999994,0,1,1,011,重点保持用户
10123,3,5,540.3000000000001,0,1,1,011,重点保持用户
10125,6,1,37.8,0,0,0,000,流失用户
10126,4,1,127.2,0,0,0,000,流失用户
10127,6,2,470.5,0,1,1,011,重点保持用户
10130,6,1,40.2,0,0,0,000,流失用户
10134,2,2,402.7,1,1,1,111,核心价值用户
10135,2,1,74.5,1,0,0,100,一般发展用户
10137,2,2,276.1,1,1,1,111,核心价值用户
10139,5,1,189.0,0,0,0,000,流失用户
10140,2,1,136.0,1,0,0,100,一般发展用户
10141,5,2,401.20000000000005,0,1,1,011,重点保持用户
10142,1,2,186.10000000000002,1,1,0,110,高潜力用户
10143,6,1,60.6,0,0,0,000,流失用户
10145,3,2,184.8,0,1,0,010,一般保持用户
10146,2,1,74.2,1,0,0,100,一般发展用户
10147,1,4,689.8000000000001,1,1,1,111,核心价值用户
10148,2,2,261.4,1,1,1,111,核心价值用户
10149,1,1,121.80000000000001,1,0,0,100,一般发展用户
10150,2,1,328.0,1,0,1,101,高消费流失预警用户
10152,1,2,502.40000000000003,1,1,1,111,核心价值用户
10155,1,2,158.8,1,1,0,110,高潜力用户
10156,2,1,95.5,1,0,0,100,一般发展用户
10157,3,3,283.9,0,1,1,011,重点保持用户
10160,3,1,22.6,0,0,0,000,流失用户
10161,5,1,51.300000000000004,0,0,0,000,流失用户
10163,5,3,513.7,0,1,1,011,重点保持用户
10164,2,3,523.0,1,1,1,111,核心价值用户
10166,4,1,24.7,0,0,0,000,流失用户
10167,4,2,210.6,0,1,1,011,重点保持用户
10170,3,2,239.4,0,1,1,011,重点保持用户
10172,4,1,201.60000000000002,0,0,0,000,流失用户
10173,6,2,120.6,0,1,0,010,一般保持用户
10174,1,3,381.0,1,1,1,111,核心价值用户
10175,2,1,178.8,1,0,0,100,一般发展用户
10176,2,3,512.5,1,1,1,111,核心价值用户
10177,1,8,538.5,1,1,1,111,核心价值用户
10179,3,3,146.1,0,1,0,010,一般保持用户
10185,2,4,529.4,1,1,1,111,核心价值用户
10186,2,1,68.2,1,0,0,100,一般发展用户
10190,5,2,460.2,0,1,1,011,重点保持用户
10194,3,1,141.2,0,0,0,000,流失用户
10196,2,1,64.5,1,0,0,100,一般发展用户
10199,4,1,148.8,0,0,0,000,流失用户
10200,1,4,305.0,1,1,1,111,核心价值用户
10203,1,1,35.6,1,0,0,100,一般发展用户
10204,1,2,118.30000000000001,1,1,0,110,高潜力用户
10206,2,1,98.5,1,0,0,100,一般发展用户
10207,3,1,84.7,0,0,0,000,流失用户
10208,2,2,216.2,1,1,1,111,核心价值用户
10209,4,2,469.5,0,1,1,011,重点保持用户
10212,4,5,645.5,0,1,1,011,重点保持用户
10216,1,2,156.0,1,1,0,110,高潜力用户
10217,1,5,545.1,1,1,1,111,核心价值用户
10218,1,2,390.2,1,1,1,111,核心价值用户
10219,1,1,279.29999999999995,1,0,1,101,高消费流失预警用户
10221,3,2,22.200000000000003,0,1,0,010,一般保持用户
10222,5,1,10.4,0,0,0,000,流失用户
10223,4,1,85.5,0,0,0,000,流失用户
10224,1,2,306.5,1,1,1,111,核心价值用户
10225,2,2,478.0,1,1,1,111,核心价值用户
10226,1,1,79.9,1,0,0,100,一般发展用户
10227,5,1,58.199999999999996,0,0,0,000,流失用户
10230,2,3,506.0,1,1,1,111,核心价值用户
10231,1,6,952.8000000000001,1,1,1,111,核心价值用户
10232,2,6,1370.9,1,1,1,111,核心价值用户
10233,3,1,120.6,0,0,0,000,流失用户
10234,2,1,117.6,1,0,0,100,一般发展用户
10236,5,3,408.20000000000005,0,1,1,011,重点保持用户
10237,1,3,428.2,1,1,1,111,核心价值用户
10239,2,7,923.0,1,1,1,111,核心价值用户
10240,3,2,309.0,0,1,1,011,重点保持用户
10241,4,3,310.20000000000005,0,1,1,011,重点保持用户
10242,2,2,91.30000000000001,1,1,0,110,高潜力用户
10244,2,1,25.2,1,0,0,100,一般发展用户
10245,6,1,343.2,0,0,1,001,高消费沉睡用户
10246,2,1,376.8,1,0,1,101,高消费流失预警用户
10250,4,2,486.79999999999995,0,1,1,011,重点保持用户
10251,3,3,600.4000000000001,0,1,1,011,重点保持用户
10253,4,1,280.4,0,0,1,001,高消费沉睡用户
10254,1,2,89.3,1,1,0,110,高潜力用户
10256,3,4,397.3,0,1,1,011,重点保持用户
10257,2,2,319.7,1,1,1,111,核心价值用户
10259,1,1,214.20000000000002,1,0,1,101,高消费流失预警用户
10260,1,5,1029.6,1,1,1,111,核心价值用户
10261,1,3,413.4,1,1,1,111,核心价值用户
10262,4,1,73.8,0,0,0,000,流失用户
10263,5,1,160.2,0,0,0,000,流失用户
10265,1,4,283.2,1,1,1,111,核心价值用户
10267,1,3,571.9,1,1,1,111,核心价值用户
10270,5,4,292.9,0,1,1,011,重点保持用户
10273,1,2,373.2,1,1,1,111,核心价值用户
10276,4,1,65.1,0,0,0,000,流失用户
10277,2,5,545.6,1,1,1,111,核心价值用户
10278,3,5,256.3,0,1,1,011,重点保持用户
10279,1,1,382.0,1,0,1,101,高消费流失预警用户
10280,1,15,2025.3,1,1,1,111,核心价值用户
10284,2,2,194.39999999999998,1,1,0,110,高潜力用户
10285,3,3,771.0999999999999,0,1,1,011,重点保持用户
10286,1,5,607.9,1,1,1,111,核心价值用户
10287,3,3,92.10000000000001,0,1,0,010,一般保持用户
10288,2,3,384.8,1,1,1,111,核心价值用户
10290,1,3,353.30000000000007,1,1,1,111,核心价值用户
10292,3,1,120.0,0,0,0,000,流失用户
10293,2,2,266.4,1,1,1,111,核心价值用户
10294,5,1,91.2,0,0,0,000,流失用户
10295,3,3,381.79999999999995,0,1,1,011,重点保持用户
10296,1,1,342.4,1,0,1,101,高消费流失预警用户
10297,2,3,286.8,1,1,1,111,核心价值用户
10298,2,6,1056.8,1,1,1,111,核心价值用户
10299,2,2,227.8,1,1,1,111,核心价值用户
10300,1,1,35.2,1,0,0,100,一般发展用户
10301,2,5,741.0,1,1,1,111,核心价值用户
10302,1,2,199.6,1,1,0,110,高潜力用户
10303,1,2,75.30000000000001,1,1,0,110,高潜力用户
10305,1,3,465.4,1,1,1,111,核心价值用户
10308,5,1,322.0,0,0,1,001,高消费沉睡用户
10309,2,3,229.8,1,1,1,111,核心价值用户
10311,4,2,214.5,0,1,1,011,重点保持用户
10312,6,1,170.6,0,0,0,000,流失用户
10314,1,2,255.1,1,1,1,111,核心价值用户
10317,2,5,685.9,1,1,1,111,核心价值用户
10320,2,1,58.0,1,0,0,100,一般发展用户
10321,2,2,357.0,1,1,1,111,核心价值用户
10322,1,1,87.5,1,0,0,100,一般发展用户
10323,2,8,816.1,1,1,1,111,核心价值用户
10324,6,1,107.10000000000001,0,0,0,000,流失用户
10325,1,6,903.5,1,1,1,111,核心价值用户
10328,1,7,671.7,1,1,1,111,核心价值用户
10330,4,1,19.1,0,0,0,000,流失用户
10335,5,1,326.0,0,0,1,001,高消费沉睡用户
10337,4,3,288.59999999999997,0,1,1,011,重点保持用户
10339,2,7,885.1999999999999,1,1,1,111,核心价值用户
10340,5,1,2.0999999999999996,0,0,0,000,流失用户
10341,4,1,10.8,0,0,0,000,流失用户
10342,1,1,141.6,1,0,0,100,一般发展用户
10343,2,1,171.60000000000002,1,0,0,100,一般发展用户
10345,4,3,407.79999999999995,0,1,1,011,重点保持用户
10346,3,1,269.2,0,0,1,001,高消费沉睡用户
10349,2,1,56.4,1,0,0,100,一般发展用户
10350,2,2,182.9,1,1,0,110,高潜力用户
10352,2,2,30.2,1,1,0,110,高潜力用户
10355,3,1,243.6,0,0,1,001,高消费沉睡用户
10357,4,3,121.30000000000001,0,1,0,010,一般保持用户
10358,5,1,150.0,0,0,0,000,流失用户
10360,3,5,510.8,0,1,1,011,重点保持用户
10361,2,5,713.8,1,1,1,111,核心价值用户
10362,4,3,391.8,0,1,1,011,重点保持用户
10363,3,5,501.4,0,1,1,011,重点保持用户
10365,3,3,63.4,0,1,0,010,一般保持用户
10368,1,1,20.4,1,0,0,100,一般发展用户
10370,4,1,80.4,0,0,0,000,流失用户
10371,6,1,266.8,0,0,1,001,高消费沉睡用户
10377,2,1,46.8,1,0,0,100,一般发展用户
10381,2,2,277.5,1,1,1,111,核心价值用户
10382,3,3,279.5,0,1,1,011,重点保持用户
10384,1,1,167.8,1,0,0,100,一般发展用户
10386,5,1,52.8,0,0,0,000,流失用户
10390,2,2,101.60000000000001,1,1,0,110,高潜力用户
10391,2,1,133.8,1,0,0,100,一般发展用户
10394,1,7,1078.1,1,1,1,111,核心价值用户
10395,1,5,530.0,1,1,1,111,核心价值用户
10396,2,2,222.0,1,1,1,111,核心价值用户
10397,2,1,37.0,1,0,0,100,一般发展用户
10400,1,2,158.4,1,1,0,110,高潜力用户
10403,3,1,180.2,0,0,0,000,流失用户
10404,2,3,216.29999999999998,1,1,1,111,核心价值用户
10407,1,3,690.4,1,1,1,111,核心价值用户
10412,5,1,164.8,0,0,0,000,流失用户
10415,1,1,368.4,1,0,1,101,高消费流失预警用户
10416,3,3,181.5,0,1,0,010,一般保持用户
10420,4,5,254.39999999999998,0,1,1,011,重点保持用户
10421,2,3,424.0,1,1,1,111,核心价值用户
10423,3,9,888.4,0,1,1,011,重点保持用户
10425,3,3,171.29999999999998,0,1,0,010,一般保持用户
10427,2,1,96.8,1,0,0,100,一般发展用户
10428,2,1,139.2,1,0,0,100,一般发展用户
10429,5,1,195.2,0,0,0,000,流失用户
10430,1,3,583.4000000000001,1,1,1,111,核心价值用户
10434,1,3,346.20000000000005,1,1,1,111,核心价值用户
10435,3,2,398.70000000000005,0,1,1,011,重点保持用户
10436,4,3,201.0,0,1,0,010,一般保持用户
10438,4,2,376.5,0,1,1,011,重点保持用户
10440,1,2,139.1,1,1,0,110,高潜力用户
10442,4,2,134.20000000000002,0,1,0,010,一般保持用户
10444,2,2,252.5,1,1,1,111,核心价值用户
10445,2,3,405.4,1,1,1,111,核心价值用户
10446,1,5,367.6,1,1,1,111,核心价值用户
10448,1,2,118.8,1,1,0,110,高潜力用户
10449,1,4,926.3,1,1,1,111,核心价值用户
10456,1,3,164.7,1,1,0,110,高潜力用户
10457,4,2,118.0,0,1,0,010,一般保持用户
10458,2,2,154.79999999999998,1,1,0,110,高潜力用户
10462,1,5,751.9000000000001,1,1,1,111,核心价值用户
10463,2,2,573.0,1,1,1,111,核心价值用户
10465,2,2,55.699999999999996,1,1,0,110,高潜力用户
10466,3,1,302.8,0,0,1,001,高消费沉睡用户
10467,1,4,501.59999999999997,1,1,1,111,核心价值用户
10469,6,3,353.5,0,1,1,011,重点保持用户
10470,2,2,126.8,1,1,0,110,高潜力用户
10471,4,2,323.29999999999995,0,1,1,011,重点保持用户
10472,5,1,142.0,0,0,0,000,流失用户
10473,5,2,155.5,0,1,0,010,一般保持用户
10476,1,4,598.6,1,1,1,111,核心价值用户
10477,1,2,380.2,1,1,1,111,核心价值用户
10478,2,1,3.2,1,0,0,100,一般发展用户
10479,2,2,79.4,1,1,0,110,高潜力用户
10480,4,4,281.70000000000005,0,1,1,011,重点保持用户
10481,5,7,1086.0,0,1,1,011,重点保持用户
10483,2,6,973.5,1,1,1,111,核心价值用户
10484,2,3,329.6,1,1,1,111,核心价值用户
10485,2,1,185.6,1,0,0,100,一般发展用户
10487,5,2,250.8,0,1,1,011,重点保持用户
10490,1,4,188.60000000000002,1,1,0,110,高潜力用户
10492,3,3,467.70000000000005,0,1,1,011,重点保持用户
10494,6,1,168.89999999999998,0,0,0,000,流失用户
10495,2,1,148.8,1,0,0,100,一般发展用户
10497,2,1,354.4,1,0,1,101,高消费流失预警用户
10498,3,1,60.599999999999994,0,0,0,000,流失用户
10499,1,6,904.7,1,1,1,111,核心价值用户
10500,3,3,384.0,0,1,1,011,重点保持用户
10502,2,5,534.6,1,1,1,111,核心价值用户
10503,2,4,568.5,1,1,1,111,核心价值用户
10506,6,1,237.60000000000002,0,0,1,001,高消费沉睡用户
10507,3,2,130.7,0,1,0,010,一般保持用户
10508,2,2,267.8,1,1,1,111,核心价值用户
10511,1,2,194.4,1,1,0,110,高潜力用户
10512,1,2,319.4,1,1,1,111,核心价值用户
10514,5,1,73.8,0,0,0,000,流失用户
10515,1,3,32.8,1,1,0,110,高潜力用户
10517,3,1,214.79999999999998,0,0,1,001,高消费沉睡用户
10519,2,3,323.3,1,1,1,111,核心价值用户
10520,1,2,266.09999999999997,1,1,1,111,核心价值用户
10521,6,1,75.0,0,0,0,000,流失用户
10523,2,3,201.9,1,1,0,110,高潜力用户
10524,6,1,39.2,0,0,0,000,流失用户
10526,1,2,169.4,1,1,0,110,高潜力用户
10527,1,1,31.4,1,0,0,100,一般发展用户
10528,2,6,827.6,1,1,1,111,核心价值用户
10529,5,1,0.4,0,0,0,000,流失用户
10530,2,1,26.2,1,0,0,100,一般发展用户
10531,4,1,12.4,0,0,0,000,流失用户
10533,3,2,109.3,0,1,0,010,一般保持用户
10535,5,1,27.1,0,0,0,000,流失用户
10538,6,1,285.9,0,0,1,001,高消费沉睡用户
10539,5,3,519.6,0,1,1,011,重点保持用户
10540,3,2,297.90000000000003,0,1,1,011,重点保持用户
10541,2,1,39.7,1,0,0,100,一般发展用户
10542,2,1,138.6,1,0,0,100,一般发展用户
10544,1,2,45.0,1,1,0,110,高潜力用户
10547,5,1,140.8,0,0,0,000,流失用户
10549,4,2,114.2,0,1,0,010,一般保持用户
10552,1,3,180.5,1,1,0,110,高潜力用户
10553,2,1,95.4,1,0,0,100,一般发展用户
10554,1,1,111.2,1,0,0,100,一般发展用户
10555,6,1,184.0,0,0,0,000,流失用户
10556,4,1,155.4,0,0,0,000,流失用户
10558,1,1,90.9,1,0,0,100,一般发展用户
10560,2,3,515.5999999999999,1,1,1,111,核心价值用户
10561,2,1,298.5,1,0,1,101,高消费流失预警用户
10562,2,12,1428.6000000000001,1,1,1,111,核心价值用户
10563,3,2,432.5,0,1,1,011,重点保持用户
10564,2,6,831.0,1,1,1,111,核心价值用户
10565,2,2,284.40000000000003,1,1,1,111,核心价值用户
10568,2,5,690.5,1,1,1,111,核心价值用户
10569,2,4,492.8,1,1,1,111,核心价值用户
10570,3,2,93.39999999999999,0,1,0,010,一般保持用户
10571,2,1,70.0,1,0,0,100,一般发展用户
10572,1,2,138.5,1,1,0,110,高潜力用户
10573,4,2,104.1,0,1,0,010,一般保持用户
10579,2,6,797.5,1,1,1,111,核心价值用户
10581,3,1,47.8,0,0,0,000,流失用户
10583,6,1,272.70000000000005,0,0,1,001,高消费沉睡用户
10584,5,1,104.8,0,0,0,000,流失用户
10585,1,8,1056.3,1,1,1,111,核心价值用户
10586,5,1,364.8,0,0,1,001,高消费沉睡用户
10587,1,3,716.3,1,1,1,111,核心价值用户
10589,1,4,205.7,1,1,0,110,高潜力用户
10590,6,1,23.8,0,0,0,000,流失用户
10591,2,1,186.0,1,0,0,100,一般发展用户
10592,6,1,31.799999999999997,0,0,0,000,流失用户
10593,1,1,11.6,1,0,0,100,一般发展用户
10594,1,4,501.5,1,1,1,111,核心价值用户
10595,1,3,379.4,1,1,1,111,核心价值用户
10596,1,1,91.5,1,0,0,100,一般发展用户
10598,2,3,532.4000000000001,1,1,1,111,核心价值用户
10599,4,2,359.4,0,1,1,011,重点保持用户
10602,2,1,21.1,1,0,0,100,一般发展用户
10605,1,2,198.60000000000002,1,1,0,110,高潜力用户
10608,1,6,614.6,1,1,1,111,核心价值用户
10609,3,1,191.0,0,0,0,000,流失用户
10610,1,16,2145.9,1,1,1,111,核心价值用户
10612,6,1,2.0,0,0,0,000,流失用户
10613,3,4,440.79999999999995,0,1,1,011,重点保持用户
10615,4,1,117.2,0,0,0,000,流失用户
10617,1,3,267.0,1,1,1,111,核心价值用户
10618,2,4,594.4,1,1,1,111,核心价值用户
10619,2,2,538.8,1,1,1,111,核心价值用户
10620,1,2,522.9,1,1,1,111,核心价值用户
10622,4,4,466.3,0,1,1,011,重点保持用户
10625,6,4,573.1,0,1,1,011,重点保持用户
10626,2,1,42.6,1,0,0,100,一般发展用户
10628,1,2,71.0,1,1,0,110,高潜力用户
10630,4,1,86.0,0,0,0,000,流失用户
10631,1,1,328.8,1,0,1,101,高消费流失预警用户
10632,6,1,202.4,0,0,0,000,流失用户
10633,2,5,702.9,1,1,1,111,核心价值用户
10642,4,1,2.7,0,0,0,000,流失用户
10645,2,1,17.6,1,0,0,100,一般发展用户
10648,2,1,91.2,1,0,0,100,一般发展用户
10650,1,2,95.4,1,1,0,110,高潜力用户
10651,1,4,436.20000000000005,1,1,1,111,核心价值用户
10654,1,1,0.4,1,0,0,100,一般发展用户
10656,1,2,436.5,1,1,1,111,核心价值用户
10658,1,3,386.20000000000005,1,1,1,111,核心价值用户
10661,1,3,466.3,1,1,1,111,核心价值用户
10663,5,1,33.1,0,0,0,000,流失用户
10664,5,1,29.2,0,0,0,000,流失用户
10667,4,1,55.5,0,0,0,000,流失用户
10668,1,3,207.39999999999998,1,1,0,110,高潜力用户
10669,6,2,73.6,0,1,0,010,一般保持用户
10674,1,1,8.100000000000001,1,0,0,100,一般发展用户
10676,6,1,25.0,0,0,0,000,流失用户
10677,3,2,42.7,0,1,0,010,一般保持用户
10680,2,2,162.4,1,1,0,110,高潜力用户
10682,3,1,73.6,0,0,0,000,流失用户
10683,1,4,615.4,1,1,1,111,核心价值用户
10687,3,4,308.0,0,1,1,011,重点保持用户
10691,1,3,354.4,1,1,1,111,核心价值用户
10694,1,7,939.9,1,1,1,111,核心价值用户
10695,2,1,398.8,1,0,1,101,高消费流失预警用户
10696,5,2,100.8,0,1,0,010,一般保持用户
10698,1,11,1808.6,1,1,1,111,核心价值用户
10699,3,3,487.7,0,1,1,011,重点保持用户
10700,2,2,29.599999999999998,1,1,0,110,高潜力用户
10701,2,1,49.2,1,0,0,100,一般发展用户
10704,2,2,187.9,1,1,0,110,高潜力用户
10705,4,1,25.9,0,0,0,000,流失用户
10706,4,2,369.5,0,1,1,011,重点保持用户
10708,4,2,279.0,0,1,1,011,重点保持用户
10709,2,1,12.8,1,0,0,100,一般发展用户
10715,1,2,138.0,1,1,0,110,高潜力用户
10718,2,6,1065.0,1,1,1,111,核心价值用户
10719,3,2,312.00000000000006,0,1,1,011,重点保持用户
10720,6,1,250.20000000000002,0,0,1,001,高消费沉睡用户
10721,2,1,2.2,1,0,0,100,一般发展用户
10722,5,1,189.6,0,0,0,000,流失用户
10726,1,2,107.6,1,1,0,110,高潜力用户
10728,6,1,41.9,0,0,0,000,流失用户
10729,1,2,227.5,1,1,1,111,核心价值用户
10731,5,1,329.2,0,0,1,001,高消费沉睡用户
10732,1,4,660.8,1,1,1,111,核心价值用户
10736,2,1,63.2,1,0,0,100,一般发展用户
10737,6,1,18.4,0,0,0,000,流失用户
10739,1,4,705.7,1,1,1,111,核心价值用户
10740,2,7,782.3,1,1,1,111,核心价值用户
10741,1,1,86.4,1,0,0,100,一般发展用户
10743,5,2,136.60000000000002,0,1,0,010,一般保持用户
10744,1,3,342.1,1,1,1,111,核心价值用户
10745,4,1,76.3,0,0,0,000,流失用户
10752,5,1,387.2,0,0,1,001,高消费沉睡用户
10756,1,4,618.0,1,1,1,111,核心价值用户
10757,1,3,196.7,1,1,0,110,高潜力用户
10758,2,2,565.1999999999999,1,1,1,111,核心价值用户
10759,5,1,92.69999999999999,0,0,0,000,流失用户
10760,5,1,60.4,0,0,0,000,流失用户
10761,1,2,323.09999999999997,1,1,1,111,核心价值用户
10766,1,4,291.7,1,1,1,111,核心价值用户
10769,3,2,183.2,0,1,0,010,一般保持用户
10770,1,1,242.70000000000002,1,0,1,101,高消费流失预警用户
10771,5,1,86.1,0,0,0,000,流失用户
10772,1,3,263.0,1,1,1,111,核心价值用户
10773,2,1,273.6,1,0,1,101,高消费流失预警用户
10776,1,7,636.6,1,1,1,111,核心价值用户
10777,5,1,232.79999999999998,0,0,1,001,高消费沉睡用户
10779,1,2,258.6,1,1,1,111,核心价值用户
10783,1,1,63.8,1,0,0,100,一般发展用户
10785,2,4,384.0,1,1,1,111,核心价值用户
10787,3,2,474.0,0,1,1,011,重点保持用户
10789,3,2,431.4,0,1,1,011,重点保持用户
10790,4,1,77.2,0,0,0,000,流失用户
10792,5,1,96.2,0,0,0,000,流失用户
10793,3,4,533.1,0,1,1,011,重点保持用户
10794,1,2,296.50000000000006,1,1,1,111,核心价值用户
10796,2,2,69.4,1,1,0,110,高潜力用户
10798,1,1,63.2,1,0,0,100,一般发展用户
10801,1,1,175.5,1,0,0,100,一般发展用户
10802,2,4,967.8,1,1,1,111,核心价值用户
10803,1,2,458.5,1,1,1,111,核心价值用户
10804,1,4,353.8,1,1,1,111,核心价值用户
10807,2,3,342.4,1,1,1,111,核心价值用户
10808,1,3,626.0,1,1,1,111,核心价值用户
10809,3,1,59.0,0,0,0,000,流失用户
10810,3,1,30.9,0,0,0,000,流失用户
10811,2,2,192.5,1,1,0,110,高潜力用户
10812,3,3,371.1,0,1,1,011,重点保持用户
10814,1,3,452.40000000000003,1,1,1,111,核心价值用户
10815,3,1,108.89999999999999,0,0,0,000,流失用户
10816,3,1,143.6,0,0,0,000,流失用户
10817,1,5,655.2,1,1,1,111,核心价值用户
10820,4,3,267.0,0,1,1,011,重点保持用户
10821,3,3,756.5999999999999,0,1,1,011,重点保持用户
10822,2,1,193.6,1,0,0,100,一般发展用户
10823,5,3,188.59999999999997,0,1,0,010,一般保持用户
10824,1,3,233.2,1,1,1,111,核心价值用户
10826,1,1,196.8,1,0,0,100,一般发展用户
10829,1,6,885.9,1,1,1,111,核心价值用户
10831,1,7,1496.0,1,1,1,111,核心价值用户
10832,2,1,54.1,1,0,0,100,一般发展用户
10833,3,1,57.6,0,0,0,000,流失用户
10836,5,2,73.7,0,1,0,010,一般保持用户
10838,1,6,251.5,1,1,1,111,核心价值用户
10839,1,6,619.2,1,1,1,111,核心价值用户
10841,3,1,47.2,0,0,0,000,流失用户
10842,5,2,297.9,0,1,1,011,重点保持用户
10843,4,1,68.8,0,0,0,000,流失用户
10845,3,1,27.1,0,0,0,000,流失用户
10847,5,1,124.8,0,0,0,000,流失用户
10849,4,3,405.3,0,1,1,011,重点保持用户
10850,1,3,409.3,1,1,1,111,核心价值用户
10851,2,1,22.9,1,0,0,100,一般发展用户
10852,4,1,30.6,0,0,0,000,流失用户
10853,2,3,301.5,1,1,1,111,核心价值用户
10856,2,2,309.0,1,1,1,111,核心价值用户
10857,2,1,58.4,1,0,0,100,一般发展用户
10858,4,5,794.3,0,1,1,011,重点保持用户
10859,2,2,56.3,1,1,0,110,高潜力用户
10860,3,1,85.8,0,0,0,000,流失用户
10861,3,2,19.900000000000002,0,1,0,010,一般保持用户
10862,1,3,451.70000000000005,1,1,1,111,核心价值用户
10865,1,10,1264.0,1,1,1,111,核心价值用户
10866,6,1,25.2,0,0,0,000,流失用户
10868,4,1,90.8,0,0,0,000,流失用户
10869,3,1,118.19999999999999,0,0,0,000,流失用户
10871,3,3,418.09999999999997,0,1,1,011,重点保持用户
10872,2,1,169.2,1,0,0,100,一般发展用户
10876,6,1,76.80000000000001,0,0,0,000,流失用户
10877,5,5,1355.4,0,1,1,011,重点保持用户
10878,1,1,275.1,1,0,1,101,高消费流失预警用户
10880,3,3,467.4,0,1,1,011,重点保持用户
10882,4,1,153.6,0,0,0,000,流失用户
10883,2,1,395.6,1,0,1,101,高消费流失预警用户
10886,5,1,24.4,0,0,0,000,流失用户
10888,6,1,39.0,0,0,0,000,流失用户
10889,1,1,77.4,1,0,0,100,一般发展用户
10890,2,1,199.6,1,0,0,100,一般发展用户
10891,3,1,129.2,0,0,0,000,流失用户
10893,3,5,468.7,0,1,1,011,重点保持用户
10896,1,1,56.400000000000006,1,0,0,100,一般发展用户
10899,1,10,1422.4,1,1,1,111,核心价值用户
10900,6,1,199.8,0,0,0,000,流失用户
10904,2,3,137.0,1,1,0,110,高潜力用户
10905,2,2,75.1,1,1,0,110,高潜力用户
10908,3,2,342.0,0,1,1,011,重点保持用户
10909,2,1,196.8,1,0,0,100,一般发展用户
10913,2,1,107.39999999999999,1,0,0,100,一般发展用户
10914,3,1,370.8,0,0,1,001,高消费沉睡用户
10916,2,5,365.5,1,1,1,111,核心价值用户
10918,2,3,430.69999999999993,1,1,1,111,核心价值用户
10921,1,1,14.6,1,0,0,100,一般发展用户
10923,1,1,27.1,1,0,0,100,一般发展用户
10924,5,3,262.8,0,1,1,011,重点保持用户
10926,3,4,378.4,0,1,1,011,重点保持用户
10928,1,1,93.9,1,0,0,100,一般发展用户
10931,3,2,325.70000000000005,0,1,1,011,重点保持用户
10932,4,1,378.0,0,0,1,001,高消费沉睡用户
10933,5,2,310.2,0,1,1,011,重点保持用户
10935,5,1,54.300000000000004,0,0,0,000,流失用户
10940,3,1,153.3,0,0,0,000,流失用户
10942,1,2,317.2,1,1,1,111,核心价值用户
10948,6,2,344.0,0,1,1,011,重点保持用户
10949,2,1,266.0,1,0,1,101,高消费流失预警用户
10950,2,4,284.2,1,1,1,111,核心价值用户
10954,2,2,268.2,1,1,1,111,核心价值用户
10955,2,1,55.4,1,0,0,100,一般发展用户
10959,1,1,315.6,1,0,1,101,高消费流失预警用户
10960,4,3,294.4,0,1,1,011,重点保持用户
10961,2,1,341.2,1,0,1,101,高消费流失预警用户
10962,1,2,126.9,1,1,0,110,高潜力用户
10963,4,1,2.7,0,0,0,000,流失用户
10965,3,4,380.09999999999997,0,1,1,011,重点保持用户
10967,4,5,641.5,0,1,1,011,重点保持用户
10968,2,2,98.6,1,1,0,110,高潜力用户
10969,2,2,66.7,1,1,0,110,高潜力用户
10971,1,1,63.3,1,0,0,100,一般发展用户
10974,6,1,80.4,0,0,0,000,流失用户
10975,2,2,107.0,1,1,0,110,高潜力用户
10976,6,1,388.8,0,0,1,001,高消费沉睡用户
10978,1,2,371.5,1,1,1,111,核心价值用户
10979,5,1,193.0,0,0,0,000,流失用户
10980,1,9,1038.7,1,1,1,111,核心价值用户
10983,5,1,73.0,0,0,0,000,流失用户
10984,1,4,338.90000000000003,1,1,1,111,核心价值用户
10986,1,1,24.4,1,0,0,100,一般发展用户
10988,1,1,242.4,1,0,1,101,高消费流失预警用户
10989,1,8,973.0,1,1,1,111,核心价值用户
10991,3,2,306.5,0,1,1,011,重点保持用户
10994,2,1,143.10000000000002,1,0,0,100,一般发展用户
10996,6,4,265.4,0,1,1,011,重点保持用户
10997,3,2,362.7,0,1,1,011,重点保持用户
10998,2,3,400.59999999999997,1,1,1,111,核心价值用户
10999,4,1,268.4,0,0,1,001,高消费沉睡用户
11000,2,6,916.6,1,1,1,111,核心价值用户
11006,5,1,19.5,0,0,0,000,流失用户
11007,1,8,305.0,1,1,1,111,核心价值用户
11008,1,3,144.9,1,1,0,110,高潜力用户
11009,4,1,291.2,0,0,1,001,高消费沉睡用户
11010,5,3,312.29999999999995,0,1,1,011,重点保持用户
11012,2,1,2.6,1,0,0,100,一般发展用户
11013,4,1,332.0,0,0,1,001,高消费沉睡用户
11014,2,1,58.2,1,0,0,100,一般发展用户
11016,4,2,160.8,0,1,0,010,一般保持用户
11022,5,3,339.1,0,1,1,011,重点保持用户
11024,4,4,162.9,0,1,0,010,一般保持用户
11025,2,2,265.19999999999993,1,1,1,111,核心价值用户
11031,2,2,273.2,1,1,1,111,核心价值用户
11032,2,1,253.2,1,0,1,101,高消费流失预警用户
11033,5,1,199.6,0,0,0,000,流失用户
11034,1,3,716.3000000000001,1,1,1,111,核心价值用户
11035,1,4,252.90000000000003,1,1,1,111,核心价值用户
11036,2,2,164.7,1,1,0,110,高潜力用户
11039,4,5,541.4,0,1,1,011,重点保持用户
11040,4,2,394.80000000000007,0,1,1,011,重点保持用户
11041,2,2,60.0,1,1,0,110,高潜力用户
11043,1,3,690.5,1,1,1,111,核心价值用户
11044,2,1,42.8,1,0,0,100,一般发展用户
11045,2,3,440.4,1,1,1,111,核心价值用户
11046,2,2,153.3,1,1,0,110,高潜力用户
11048,1,2,173.79999999999998,1,1,0,110,高潜力用户
11051,6,1,12.6,0,0,0,000,流失用户
11053,2,2,224.39999999999998,1,1,1,111,核心价值用户
11055,1,7,768.6,1,1,1,111,核心价值用户
11056,3,1,216.0,0,0,1,001,高消费沉睡用户
11057,2,2,177.2,1,1,0,110,高潜力用户
11059,1,4,196.5,1,1,0,110,高潜力用户
11064,4,4,581.5,0,1,1,011,重点保持用户
11065,3,2,352.9,0,1,1,011,重点保持用户
11069,4,1,81.4,0,0,0,000,流失用户
11070,2,2,256.3,1,1,1,111,核心价值用户
11072,1,6,345.6,1,1,1,111,核心价值用户
11073,1,3,268.2,1,1,1,111,核心价值用户
11074,1,1,283.20000000000005,1,0,1,101,高消费流失预警用户
11075,2,1,104.4,1,0,0,100,一般发展用户
11078,1,1,47.6,1,0,0,100,一般发展用户
11079,1,3,639.8,1,1,1,111,核心价值用户
937166,6,1,13.0,0,0,0,000,流失用户
